0101020058009202608
0101020058020202608
0101020066009202608
0101020066020202608
0101020074009202608
0101020074020202608
0101020082009202608
0101020082020202608
0101020090020202608
0101020090053202608
0101020090058202608
0101020090060202608
0101020104009202608
0101020120009202608
0101030010009202608
0101030029009202608
0101040024009202608
0101040059009202608
0101050011009202608
0101050020009202608
0101050046009202608
0101050054009202608
0101050062009202608
0101050070009202608
0101050089009202608
0101050097009202608
0101050100009202608
0101050119009202608
0101050127009202608
0101050135009202608
0101050143009202608
0102010056021202608
0102010056029202608
0102010064021202608
0102010064029202608
0102010072021202608
0102010072029202608
0102010145021202608
0102010145029202608
0102010153021202608
0102010153029202608
0102010161021202608
0102010161029202608
0102010170021202608
0102010170029202608
0102010188021202608
0102010188029202608
0102010196021202608
0102010196029202608
0102010200021202608
0102010200029202608
0102010218021202608
0102010218029202608
0102010226021202608
0102010226029202608
0102010234021202608
0102010234029202608
0102010242021202608
0102010242029202608
0102010250021202608
0102010250029202608
0102010269021202608
0102010269029202608
0102010277021202608
0102010277029202608
0102010285021202608
0102010285029202608
0102010293021202608
0102010293029202608
0102010307021202608
0102010307029202608
0102010315021202608
0102010315029202608
0102010323021202608
0102010323029202608
0102010331021202608
0102010331029202608
0102010340021202608
0102010340029202608
0102010358021202608
0102010358029202608
0102010366021202608
0102010366029202608
0102010374021202608
0102010374029202608
0102010382021202608
0102010382029202608
0102010390021202608
0102010390029202608
0102010404021202608
0102010404029202608
0102010412021202608
0102010412029202608
0102010420021202608
0102010420029202608
0102010439021202608
0102010439029202608
0102010447021202608
0102010447029202608
0102010455021202608
0102010455029202608
0102010463021202608
0102010463029202608
0102010471021202608
0102010471029202608
0102010480021202608
0102010480029202608
0102010498021202608
0102010498029202608
0102010501021202608
0102010501029202608
0102010510021202608
0102010510029202608
0102010528021202608
0102010528029202608
0102010536021202608
0102010536029202608
0102010544021202608
0102010552021202608
0102010560021202608
0102010579021202608
0102010587021202608
0102010595021202608
0102010609021202608
0102010617021202608
0102010625021202608
0102010633021202608
0102010641021202608
0102010650021202608
0102010668021202608
0201010038001202608
0201010038004202608
0201010038049202608
0201010127001202608
0201010127004202608
0201010127049202608
0201010135001202608
0201010135004202608
0201010135049202608
0201010143005202608
0201010143049202608
0201010160008202608
0201010160009202608
0201010160049202608
0201010160053202608
0201010160060202608
0201010194005202608
0201010208001202608
0201010208049202608
0201010224005202608
0201010224053202608
0201010224058202608
0201010232020202608
0201010240004202608
0201010240049202608
0201010259001202608
0201010259049202608
0201010267001202608
0201010267049202608
0201010275001202608
0201010275007202608
0201010275049202608
0201010275053202608
0201010275058202608
0201010305001202608
0201010305049202608
0201010313001202608
0201010313008202608
0201010313049202608
0201010321001202608
0201010321049202608
0201010330001202608
0201010330049202608
0201010348020202608
0201010372053202608
0201010372058202608
0201010402001202608
0201010402049202608
0201010410009202608
0201010410053202608
0201010410060202608
0201010437005202608
0201010526020202608
0201010534001202608
0201010534004202608
0201010534006202608
0201010534049202608
0201010542005202608
0201010542009202608
0201010569009202608
0201010569053202608
0201010569060202608
0201010585009202608
0201010585053202608
0201010585060202608
0201010607053202608
0201010607058202608
0201010607060202608
0201010631053202608
0201010631058202608
0201010666053202608
0201010666058202608
0201010666060202608
0201020017053202608
0201020017058202608
0201020025009202608
0201020033009202608
0201020041009202608
0201020050009202608
0201020068009202608
0202010279053202608
0202010279058202608
0202010279060202608
0202010287053202608
0202010287058202608
0202010287060202608
0202010295053202608
0202010295058202608
0202010295060202608
0202010317053202608
0202010317058202608
0202010317060202608
0202010473053202608
0202010473058202608
0202010473060202608
0202010503053202608
0202010503058202608
0202010503060202608
0202010538053202608
0202010538058202608
0202010600053202608
0202010600058202608
0202010600060202608
0202010619053202608
0202010619058202608
0202010635053202608
0202010635058202608
0202010635060202608
0202010643053202608
0202010643058202608
0202010643060202608
0202010651053202608
0202010651058202608
0202010651060202608
0202010678053202608
0202010678058202608
0202010678060202608
0202010694053202608
0202010694058202608
0202010694060202608
0202010791009202608
0202010791053202608
0202020010053202608
0202020010058202608
0202020134053202608
0202020134058202608
0202020134060202608
0202020142053202608
0202020142058202608
0202020142060202608
0202020380053202608
0202020380058202608
0202020380060202608
0202020452009202608
0202030024009202608
0202030105009202608
0202030105053202608
0202030237053202608
0202030237058202608
0202030245009202608
0202030709053202608
0202030709058202608
0202031071009202608
0202031110053202608
0202031110058202608
0202031225009202608
0202031233009202608
0202031241009202608
0202031276005202608
0202031306009202608
0202031322005202608
0202031381009202608
0202031390009202608
0202031403009202608
0202031411009202608
0202031420009202608
0202031438009202608
0202031454009202608
0202031462009202608
0202031470009202608
0202031489009202608
0202031497009202608
0202031500009202608
0202031519009202608
0202031527009202608
0202031535009202608
0202031543009202608
0202031551009202608
0202031560009202608
0202031578009202608
0202031586009202608
0202031594009202608
0202031608009202608
0202031616009202608
0202031624009202608
0202050254009202608
0202070182009202608
0202080030053202608
0202080030058202608
0202080048053202608
0202080048058202608
0202080110053202608
0202080110058202608
0202080137053202608
0202080137058202608
0202080250053202608
0202080250058202608
0202090051053202608
0202090051058202608
0202090060053202608
0202090060058202608
0202090191053202608
0202090191058202608
0202090361053202608
0202090361058202608
0202100049009202608
0202100251009202608
0202110117009202608
0202110125009202608
0202110133009202608
0203010019023202608
0203010019040202608
0203010027005202608
0203010035048202608
0203010035053202608
0203010035058202608
0203010043025202608
0203010043040202608
0203010043053202608
0203010043058202608
0203010043060202608
0203010078023202608
0203010078040202608
0203010086023202608
0203010086040202608
0203020022040202608
0203020022053202608
0203020022055202608
0203020022058202608
0203020022060202608
0203020030005202608
0203020030048202608
0203020030053202608
0203020030055202608
0203020030058202608
0203020030060202608
0203020030065202608
0203020049053202608
0203020049058202608
0203020049060202608
0203020065025202608
0203020065040202608
0203020065053202608
0203020065055202608
0203020065058202608
0203020065060202608
0203020073025202608
0203020073040202608
0203020081023202608
0203020081040202608
0203020081053202608
0203020081055202608
0203020081058202608
0203020081060202608
0204010039053202608
0204010039058202608
0204010039060202608
0204010047053202608
0204010047058202608
0204010047060202608
0204010055053202608
0204010055058202608
0204010055060202608
0204010063058202608
0204010063060202608
0204010071053202608
0204010071058202608
0204010071060202608
0204010080053202608
0204010080058202608
0204010080060202608
0204010098058202608
0204010098060202608
0204010101058202608
0204010101060202608
0204010110053202608
0204010110058202608
0204010110060202608
0204010128053202608
0204010128058202608
0204010128060202608
0204010136058202608
0204010136060202608
0204010144053202608
0204010144058202608
0204010144060202608
0204010152058202608
0204010152060202608
0204010160053202608
0204010160058202608
0204010160060202608
0204010179053202608
0204010179058202608
0204010179060202608
0204010209053202608
0204010209058202608
0204010209060202608
0204010217053202608
0204010217058202608
0204010217060202608
0204010225053202608
0204010225058202608
0204010225060202608
0204020018005202608
0204020018009202608
0204020034053202608
0204020034058202608
0204020034060202608
0204020042053202608
0204020042058202608
0204020042060202608
0204020050058202608
0204020050060202608
0204020069058202608
0204020069060202608
0204020077053202608
0204020077058202608
0204020077060202608
0204020085053202608
0204020085058202608
0204020085060202608
0204020093053202608
0204020093058202608
0204020093060202608
0204020107053202608
0204020107058202608
0204020107060202608
0204020123058202608
0204020123060202608
0204020131053202608
0204020131058202608
0204020131060202608
0204030030025202608
0204030030040202608
0204030030053202608
0204030030058202608
0204030030060202608
0204030048005202608
0204030072058202608
0204030072060202608
0204030099058202608
0204030099060202608
0204030102058202608
0204030102060202608
0204030129058202608
0204030129060202608
0204030137058202608
0204030137060202608
0204030145058202608
0204030145060202608
0204030153053202608
0204030153058202608
0204030153060202608
0204030161058202608
0204030161060202608
0204030170058202608
0204030170060202608
0204030188025202608
0204030188040202608
0204030188058202608
0204030188065202608
0204040019058202608
0204040019060202608
0204040027058202608
0204040027060202608
0204040035053202608
0204040035058202608
0204040035060202608
0204040043058202608
0204040043060202608
0204040051058202608
0204040051060202608
0204040060058202608
0204040060060202608
0204040078053202608
0204040078058202608
0204040078060202608
0204040086058202608
0204040086060202608
0204040094053202608
0204040094058202608
0204040094060202608
0204040108058202608
0204040108060202608
0204040116053202608
0204040116058202608
0204040116060202608
0204040124053202608
0204040124058202608
0204040124060202608
0204050073009202608
0204050111058202608
0204050111060202608
0204050138058202608
0204050138060202608
0204050146058202608
0204050146060202608
0204060028058202608
0204060028065202608
0204060060053202608
0204060060058202608
0204060060060202608
0204060079058202608
0204060079060202608
0204060087058202608
0204060087060202608
0204060095053202608
0204060095058202608
0204060095060202608
0204060109053202608
0204060109058202608
0204060109060202608
0204060117058202608
0204060117060202608
0204060125053202608
0204060125058202608
0204060125060202608
0204060133053202608
0204060133058202608
0204060133060202608
0204060141053202608
0204060141058202608
0204060141060202608
0204060150053202608
0204060150058202608
0204060150060202608
0204060168058202608
0204060168060202608
0204060176053202608
0204060176058202608
0204060176060202608
0205010016005202608
0205010016009202608
0205010016053202608
0205010016060202608
0205010024005202608
0205010024009202608
0205010032005202608
0205010032053202608
0205010032058202608
0205010032060202608
0205010032065202608
0205010040005202608
0205010040058202608
0205010040060202608
0205010040065202608
0205010059058202608
0205010059060202608
0205010059065202608
0205020011005202608
0205020020058202608
0205020020060202608
0205020038005202608
0205020038058202608
0205020038060202608
0205020038065202608
0205020046005202608
0205020046053202608
0205020046058202608
0205020046060202608
0205020046065202608
0205020054005202608
0205020054058202608
0205020054060202608
0205020054065202608
0205020062005202608
0205020062053202608
0205020062058202608
0205020062060202608
0205020062065202608
0205020070005202608
0205020070058202608
0205020070060202608
0205020070065202608
0205020089005202608
0205020089053202608
0205020089058202608
0205020089060202608
0205020089065202608
0205020097053202608
0205020097058202608
0205020097060202608
0205020097065202608
0205020100005202608
0205020100058202608
0205020100060202608
0205020100065202608
0205020119005202608
0205020119053202608
0205020119058202608
0205020119060202608
0205020119065202608
0205020127005202608
0205020127058202608
0205020127060202608
0205020127065202608
0205020135005202608
0205020135058202608
0205020135065202608
0205020143058202608
0205020143060202608
0205020143065202608
0205020151058202608
0205020151060202608
0205020151065202608
0205020160005202608
0205020160053202608
0205020160058202608
0205020160060202608
0205020160065202608
0205020178005202608
0205020178058202608
0205020178065202608
0205020186053202608
0205020186058202608
0205020186060202608
0205020186065202608
0205020194005202608
0205020224005202608
0205020224058202608
0205020224065202608
0206010010005202608
0206010010053202608
0206010010058202608
0206010010060202608
0206010010065202608
0206010028005202608
0206010028053202608
0206010028058202608
0206010028060202608
0206010028065202608
0206010036005202608
0206010036053202608
0206010036058202608
0206010036060202608
0206010036065202608
0206010044005202608
0206010044053202608
0206010044058202608
0206010044060202608
0206010044065202608
0206010052058202608
0206010052060202608
0206010052065202608
0206010060005202608
0206010060058202608
0206010060060202608
0206010060065202608
0206010079005202608
0206010079053202608
0206010079058202608
0206010079060202608
0206010079065202608
0206010087009202608
0206010095009202608
0206020015053202608
0206020015058202608
0206020015060202608
0206020015065202608
0206020023053202608
0206020023058202608
0206020023060202608
0206020023065202608
0206020031005202608
0206020031053202608
0206020031058202608
0206020031060202608
0206020031065202608
0206020040005202608
0206020040058202608
0206020040060202608
0206030010005202608
0206030010053202608
0206030010058202608
0206030010060202608
0206030010065202608
0206030029053202608
0206030029058202608
0206030029060202608
0206030029065202608
0206030037005202608
0206030037053202608
0206030037058202608
0206030037060202608
0206030037065202608
0206030045058202608
0206030045065202608
0206030053058202608
0206030053065202608
0207010013005202608
0207010013058202608
0207010013065202608
0207010021005202608
0207010021053202608
0207010021058202608
0207010021060202608
0207010021065202608
0207010030005202608
0207010030053202608
0207010030058202608
0207010030065202608
0207010048005202608
0207010048053202608
0207010048058202608
0207010048065202608
0207010056005202608
0207010056053202608
0207010056058202608
0207010056065202608
0207010064005202608
0207010064053202608
0207010064058202608
0207010064065202608
0207010072005202608
0207010072058202608
0207010072065202608
0207020019005202608
0207020019058202608
0207020019065202608
0207020027005202608
0207020027053202608
0207020027058202608
0207020027065202608
0207020035005202608
0207020035058202608
0207020035065202608
0207020060005202608
0207020060058202608
0207020060065202608
0207030014005202608
0207030014058202608
0207030014065202608
0207030022005202608
0207030022053202608
0207030022058202608
0207030022060202608
0207030022065202608
0207030030005202608
0207030030053202608
0207030030058202608
0207030030065202608
0207030049058202608
0207030049065202608
0207030057058202608
0207030057065202608
0208010017058202608
0208010017065202608
0208010025005202608
0208010025058202608
0208010025060202608
0208010025065202608
0208010033005202608
0208010033053202608
0208010033058202608
0208010033060202608
0208010033065202608
0208010041005202608
0208010041058202608
0208010041065202608
0208010050005202608
0208010050058202608
0208010050065202608
0208010068005202608
0208010068058202608
0208010068065202608
0208010076005202608
0208010076058202608
0208010076065202608
0208010084005202608
0208010084058202608
0208010084065202608
0208010092005202608
0208010092009202608
0208020012005202608
0208020012058202608
0208020012065202608
0208020020005202608
0208020020058202608
0208020020065202608
0208020039005202608
0208020039058202608
0208020039065202608
0208020055005202608
0208020055058202608
0208020055065202608
0208020063005202608
0208020063058202608
0208020063065202608
0208020071005202608
0208020071058202608
0208020071065202608
0208020080005202608
0208020080058202608
0208020080065202608
0208020098005202608
0208020098058202608
0208020098065202608
0208020101005202608
0208020101058202608
0208020101065202608
0208020110005202608
0208020110058202608
0208020110065202608
0208020128005202608
0208020128058202608
0208020128065202608
0208030018005202608
0208030018058202608
0208030018065202608
0208030026005202608
0208030026058202608
0208030026065202608
0208030034005202608
0208030034058202608
0208030034065202608
0208030042005202608
0208030042058202608
0208030042065202608
0208030050005202608
0208030050009202608
0208040021005202608
0208040021058202608
0208040021065202608
0208040030005202608
0208040030058202608
0208040030065202608
0208040056005202608
0208040056058202608
0208040056065202608
0208040064005202608
0208040064058202608
0208040064065202608
0208040072005202608
0208040072058202608
0208040072065202608
0208040080005202608
0208040080009202608
0208040099005202608
0208040099009202608
0208040102005202608
0208040102009202608
0208050019005202608
0208050019058202608
0208050019065202608
0208050035005202608
0208050035058202608
0208050035065202608
0208050043005202608
0208050043058202608
0208050043065202608
0208060014005202608
0208060014058202608
0208060014065202608
0208060022005202608
0208060022058202608
0208060022065202608
0208060030005202608
0208060030009202608
0208070010005202608
0208070010058202608
0208070010065202608
0208070028005202608
0208070028058202608
0208070028065202608
0208070036005202608
0208070036058202608
0208070036065202608
0208070044005202608
0208070044058202608
0208070044065202608
0208080015005202608
0208080015058202608
0208080015065202608
0208080023005202608
0208080023009202608
0208080031005202608
0208080031009202608
0208080040005202608
0208080040058202608
0208080040065202608
0208090010005202608
0208090010058202608
0208090010065202608
0208090029005202608
0208090029058202608
0208090029065202608
0208090037005202608
0208090037058202608
0208090037065202608
0209010010005202608
0209010010058202608
0209010010065202608
0209010029005202608
0209010029053202608
0209010029058202608
0209010029060202608
0209010029065202608
0209010037005202608
0209010037053202608
0209010037058202608
0209010037065202608
0209010045005202608
0209010053005202608
0209010061009202608
0209030011009202608
0209030011053202608
0209030011060202608
0209040017053202608
0209040017058202608
0209040025009202608
0209040025053202608
0209040025060202608
0209040033001202608
0209040033004202608
0209040033049202608
0209040041009202608
0209040041053202608
0209040041060202608
0209040050001202608
0209040050004202608
0209040050049202608
0210010010005202608
0210010029009202608
0210010037009202608
0210010045005202608
0210010045009202608
0210010053005202608
0210010053009202608
0210010061005202608
0210010061009202608
0210010070005202608
0210010070009202608
0210010088009202608
0210010096005202608
0210010096009202608
0210010100005202608
0210010100009202608
0210010118005202608
0210010118009202608
0210010126005202608
0210010126009202608
0210010134005202608
0210010134009202608
0210010142005202608
0210010142009202608
0210010150005202608
0210010150009202608
0210010169009202608
0210010177009202608
0210010185009202608
0210010193005202608
0210010193009202608
0210010207009202608
0210020016005202608
0210020016009202608
0211020010006202608
0211020010058202608
0211020010065202608
0211020028001202608
0211020028006202608
0211020028049202608
0211020028058202608
0211020028065202608
0211020036009202608
0211020036053202608
0211020036060202608
0211020044009202608
0211020044053202608
0211020060009202608
0211020060053202608
0211020060060202608
0211020087009202608
0211020095009202608
0211030015005202608
0211030015009202608
0211030023005202608
0211030023009202608
0211030031005202608
0211030031009202608
0211030040005202608
0211030040009202608
0211030058005202608
0211030058009202608
0211030066005202608
0211030066009202608
0211030074005202608
0211030074009202608
0211030082005202608
0211030082009202608
0211030090005202608
0211030090009202608
0211040029053202608
0211040029058202608
0211040029060202608
0211040045058202608
0211040045060202608
0211050091001202608
0211050091005202608
0211050091006202608
0211050091049202608
0211050105005202608
0211050105009202608
0211050113009202608
0211050113053202608
0211050113060202608
0211050148006202608
0211060011058202608
0211060011060202608
0211060020053202608
0211060020058202608
0211060020060202608
0211060038053202608
0211060038058202608
0211060038060202608
0211060054058202608
0211060054060202608
0211060070009202608
0211060089009202608
0211060100009202608
0211060100060202608
0211060119009202608
0211060127053202608
0211060127058202608
0211060127060202608
0211060143058202608
0211060143060202608
0211060151058202608
0211060151060202608
0211060160009202608
0211060178053202608
0211060178058202608
0211060178060202608
0211060186009202608
0211060216009202608
0211060224053202608
0211060224058202608
0211060224060202608
0211060232053202608
0211060232058202608
0211060232060202608
0211060259009202608
0211060259053202608
0211060259060202608
0211060267058202608
0211060267060202608
0211060275009202608
0211060283058202608
0211060283060202608
0211070017009202608
0211070025009202608
0211070033009202608
0211070041009202608
0211070041053202608
0211070041060202608
0211070050009202608
0211070068009202608
0211070076009202608
0211070084009202608
0211070114009202608
0211070157009202608
0211070165009202608
0211070173009202608
0211070181009202608
0211070190009202608
0211070203009202608
0211070203053202608
0211070203060202608
0211070211009202608
0211070220009202608
0211070238009202608
0211070246009202608
0211070254009202608
0211070262009202608
0211070262060202608
0211070289009202608
0211070319009202608
0211070327009202608
0211070335009202608
0211070343009202608
0211070351009202608
0211100013009202608
0212010042009202608
0213010097009202608
0213010143009202608
0213010160009202608
0213010178009202608
0213010186009202608
0213010194009202608
0213010216009202608
0213010240009202608
0213010305009202608
0213010330009202608
0213010348009202608
0213010364009202608
0213010372009202608
0213010402009202608
0213010429009202608
0213010437009202608
0213010445009202608
0213010542009202608
0213010674009202608
0213010780009202608
0213010798009202608
0213010801009202608
0213010810009202608
0213010836009202608
0214010015009202608
0214010023009202608
0214010031009202608
0214010066009202608
0214010112009202608
0214010120009202608
0214010139009202608
0214010147009202608
0214010163009202608
0214010171009202608
0214010180009202608
0214010198053202608
0214010198058202608
0214010201009202608
0214010210053202608
0214010210058202608
0214010279009202608
0214010287009202608
0214010295009202608
0214010309009202608
0214010317009202608
0301010021009202608
0301010021012202608
0301010030009202608
0301010030012202608
0301010048012202608
0301010048053202608
0301010048058202608
0301010048060202608
0301010056012202608
0301010064009202608
0301010064012202608
0301010072012202608
0301010072053202608
0301010072058202608
0301010072060202608
0301010099009202608
0301010099012202608
0301010102014202608
0301010102033202608
0301010102058202608
0301010102060202608
0301010110009202608
0301010110012202608
0301010129009202608
0301010129012202608
0301010137009202608
0301010137012202608
0301010145005202608
0301010153009202608
0301010153012202608
0301010196014202608
0301010200014202608
0301010218014202608
0301010226009202608
0301010234009202608
0301010269009202608
0301010277009202608
0301010285009202608
0301010293009202608
0301010307053202608
0301010307058202608
0301010307060202608
0301010315053202608
0301010315058202608
0301010315060202608
0301010366009202608
0301010374009202608
0301040010009202608
0301040044009202608
0301040052009202608
0301040060009202608
0301040079009202608
0301040087009202608
0301040095009202608
0301040141058202608
0301040141060202608
0301040150009202608
0301040176058202608
0301040176060202608
0301040184009202608
0301050015014202608
0301050023009202608
0301050058009202608
0301050074007202608
0301050074008202608
0301050082009202608
0301050090009202608
0301050104009202608
0301050112009202608
0301050120009202608
0301050139009202608
0301050147009202608
0301050155009202608
0301050163009202608
0301050171009202608
0301060037009202608
0301060045009202608
0301060053009202608
0301060070008202608
0301060088008202608
0301060100009202608
0301070024009202608
0301070040009202608
0301070059009202608
0301070067009202608
0301070083009202608
0301070091009202608
0301070105009202608
0301070113009202608
0301070121009202608
0301070130009202608
0301070148009202608
0301070156009202608
0301070164009202608
0301070172009202608
0301070172014202608
0301070202009202608
0301070210009202608
0301070229009202608
0301070237009202608
0301070245009202608
0301070253009202608
0301070261009202608
0301070288009202608
0301070296009202608
0301070300009202608
0301080011009202608
0301080046036202608
0301080046038202608
0301080364036202608
0301080372036202608
0301080380036202608
0301090017007202608
0301090025007202608
0301090033009202608
0301100047009202608
0301100055009202608
0301100063009202608
0301100101009202608
0301100128009202608
0301100136009202608
0301100144009202608
0301100152009202608
0301100179009202608
0301100187009202608
0301100195009202608
0301100209009202608
0301100217009202608
0301100225009202608
0301100233009202608
0301100241009202608
0301100276009202608
0301100284009202608
0301110018014202608
0301110026014202608
0301120013009202608
0301120021009202608
0301120030009202608
0301120048009202608
0301120056014202608
0301120056022202608
0301120064009202608
0301120072009202608
0301120080009202608
0301120080022202608
0301130019009202608
0301130051058202608
0301130060014202608
0301130060058202608
0301130078009202608
0301140014009202608
0301160015009202608
0301160015014202608
0301160023007202608
0301160023009202608
0302030026009202608
0302040013009202608
0302040021009202608
0302040048009202608
0302040064009202608
0302050019009202608
0302050027009202608
0302060014009202608
0302060022009202608
0302060030009202608
0302060049005202608
0302060049009202608
0302060057009202608
0302070036005202608
0303010010004202608
0303010029004202608
0303010037004202608
0303010045004202608
0303010053004202608
0303010061004202608
0303010070004202608
0303010088004202608
0303010096004202608
0303010100004202608
0303010118004202608
0303010126004202608
0303010134004202608
0303010142004202608
0303010150004202608
0303010169004202608
0303010177004202608
0303010185004202608
0303010193004202608
0303010207004202608
0303010215003202608
0303010215007202608
0303020032004202608
0303020040004202608
0303020059004202608
0303020067004202608
0303020075004202608
0303020083004202608
0303020083008202608
0303030011007202608
0303030020004202608
0303030038004202608
0303030038011202608
0303030046004202608
0303030054004202608
0303030062004202608
0303040017004202608
0303040025004202608
0303040033004202608
0303040041004202608
0303040050004202608
0303040068004202608
0303040076004202608
0303040084004202608
0303040092004202608
0303040106004202608
0303040114004202608
0303040122004202608
0303040130004202608
0303040149004202608
0303040157004202608
0303040165004202608
0303040165011202608
0303040173004202608
0303040181004202608
0303040190004202608
0303040203004202608
0303040211004202608
0303040220004202608
0303040238004202608
0303040246004202608
0303040254004202608
0303040262004202608
0303040270004202608
0303040289004202608
0303040297004202608
0303040300004202608
0303050012014202608
0303050012033202608
0303050012058202608
0303050012060202608
0303050039009202608
0303050047009202608
0303050055009202608
0303050063009202608
0303050071009202608
0303050080009202608
0303050098009202608
0303050101009202608
0303050110009202608
0303050152009202608
0303050160009202608
0303050179009202608
0303050187009202608
0303050195009202608
0303050209009202608
0303050217009202608
0303050225009202608
0303050233009202608
0303050233014202608
0303060018004202608
0303060026004202608
0303060026011202608
0303060034004202608
0303060042004202608
0303060042011202608
0303060050004202608
0303060069004202608
0303060077004202608
0303060085004202608
0303060093004202608
0303060093011202608
0303060107004202608
0303060107011202608
0303060115004202608
0303060123004202608
0303060131004202608
0303060140004202608
0303060158004202608
0303060166004202608
0303060174004202608
0303060182004202608
0303060182011202608
0303060190004202608
0303060204004202608
0303060212004202608
0303060220004202608
0303060239004202608
0303060247004202608
0303060255004202608
0303060263004202608
0303060271004202608
0303060280004202608
0303060280011202608
0303060298004202608
0303060301004202608
0303070030009202608
0303070064004202608
0303070072004202608
0303070080004202608
0303070099004202608
0303070102004202608
0303070110004202608
0303070129004202608
0303070137004202608
0303080043004202608
0303080051004202608
0303080051011202608
0303080060004202608
0303080078004202608
0303080086004202608
0303080094004202608
0303080108009202608
0303080116009202608
0303090014005202608
0303090022005202608
0303090049005202608
0303090073009202608
0303090081009202608
0303090090009202608
0303090111009202608
0303090120009202608
0303090138004202608
0303090146009202608
0303090154009202608
0303090162009202608
0303090189009202608
0303090197004202608
0303090235004202608
0303090316004202608
0303100010004202608
0303100010042202608
0303100028004202608
0303100028042202608
0303100036004202608
0303100036042202608
0303100044004202608
0303100044042202608
0303100052004202608
0303100052042202608
0303110015004202608
0303110023004202608
0303110031004202608
0303110040004202608
0303110058004202608
0303110066004202608
0303110074004202608
0303110082004202608
0303110090004202608
0303110104004202608
0303110112004202608
0303120053009202608
0303120061009202608
0303120070009202608
0303130016003202608
0303130016007202608
0303130016008202608
0303130024003202608
0303130024007202608
0303130024008202608
0303130032003202608
0303130032007202608
0303130032008202608
0303130040003202608
0303130040007202608
0303130040008202608
0303130059003202608
0303130059007202608
0303130059008202608
0303130067003202608
0303130067007202608
0303130067008202608
0303130075003202608
0303130075007202608
0303130075008202608
0303130083003202608
0303130083007202608
0303140020004202608
0303140038004202608
0303140046004202608
0303140046011202608
0303140054004202608
0303140054011202608
0303140062004202608
0303140070004202608
0303140089004202608
0303140089011202608
0303140097004202608
0303140100004202608
0303140119004202608
0303140127004202608
0303140135004202608
0303140135011202608
0303140143004202608
0303140151004202608
0303150017004202608
0303150025004202608
0303150033004202608
0303150041004202608
0303150050004202608
0303150068004202608
0303160012004202608
0303160020004202608
0303160039004202608
0303160047004202608
0303160055004202608
0303160063004202608
0303160071004202608
0303170093003202608
0303170093007202608
0303170093008202608
0303170093015202608
0303170107007202608
0303170131007202608
0303170140007202608
0303170140009202608
0303170158007202608
0303170158009202608
0303170166007202608
0303170166009202608
0303170174007202608
0303170174009202608
0303170182007202608
0303170182009202608
0303170190003202608
0303170190007202608
0303170190008202608
0303170190015202608
0303170204003202608
0303170204007202608
0303170204008202608
0303170204015202608
0303180013004202608
0303180013008202608
0303180030004202608
0303180048004202608
0303180056004202608
0303180064004202608
0303180072007202608
0303190019007202608
0303190019008202608
0304010111007202608
0304010111058202608
0304010170001202608
0304010170058202608
0304010340058202608
0304010359006202608
0304010359007202608
0304010359058202608
0304010367022202608
0304010367058202608
0304010375022202608
0304010375058202608
0304010383022202608
0304010383058202608
0304010391022202608
0304010391058202608
0304010405022202608
0304010405058202608
0304010413022202608
0304010413058202608
0304010421022202608
0304010421058202608
0304010430006202608
0304010430022202608
0304010430058202608
0304010448022202608
0304010448058202608
0304010456022202608
0304010456058202608
0304010464006202608
0304010464022202608
0304010464058202608
0304010472022202608
0304010472058202608
0304010480022202608
0304010480058202608
0304010499001202608
0304010499006202608
0304010499058202608
0304010502022202608
0304010502058202608
0304010510006202608
0304010510022202608
0304010510058202608
0304010529022202608
0304010529058202608
0304010537022202608
0304010537058202608
0304010545022202608
0304010545058202608
0304010553022202608
0304010553058202608
0304010561022202608
0304010561058202608
0304010570022202608
0304010570058202608
0304010588022202608
0304010588058202608
0304010596006202608
0304010596007202608
0304010596058202608
0304020010009202608
0304020010014202608
0304020010022202608
0304020028009202608
0304020028014202608
0304020028022202608
0304020036009202608
0304020036014202608
0304020036022202608
0304020044009202608
0304020044014202608
0304020044022202608
0304020052009202608
0304020052014202608
0304020052022202608
0304020060009202608
0304020060014202608
0304020060022202608
0304020079009202608
0304020079014202608
0304020079022202608
0304020087009202608
0304020087014202608
0304020087022202608
0304020095009202608
0304020095014202608
0304020095022202608
0304020109009202608
0304020109014202608
0304020109022202608
0304020117009202608
0304020117014202608
0304020117022202608
0304020125009202608
0304020125014202608
0304020125022202608
0304020133009202608
0304020133014202608
0304020133022202608
0304020141009202608
0304020141014202608
0304020141022202608
0304020150009202608
0304020150014202608
0304020150022202608
0304020168009202608
0304020168014202608
0304020176009202608
0304020176014202608
0304020176022202608
0304020184009202608
0304020184014202608
0304020184022202608
0304020192009202608
0304020192014202608
0304020192022202608
0304020206009202608
0304020206014202608
0304020206022202608
0304020214009202608
0304020214014202608
0304020214022202608
0304020222009202608
0304020222014202608
0304020222022202608
0304020230009202608
0304020230014202608
0304020230022202608
0304020249009202608
0304020249014202608
0304020249022202608
0304020257009202608
0304020257014202608
0304020257022202608
0304020265009202608
0304020265014202608
0304020265022202608
0304020273009202608
0304020273014202608
0304020273022202608
0304020281009202608
0304020281014202608
0304020281022202608
0304020290009202608
0304020290014202608
0304020290022202608
0304020303009202608
0304020303014202608
0304020303022202608
0304020311009202608
0304020311014202608
0304020311022202608
0304020320009202608
0304020320014202608
0304020320022202608
0304020338009202608
0304020338014202608
0304020338022202608
0304020346009202608
0304020346014202608
0304020346022202608
0304020362009202608
0304020362014202608
0304020362022202608
0304020370009202608
0304020370014202608
0304020370022202608
0304020389009202608
0304020389014202608
0304020389022202608
0304020397009202608
0304020397014202608
0304020397022202608
0304020400009202608
0304020400014202608
0304020400022202608
0304020419009202608
0304020419014202608
0304020419022202608
0304020427009202608
0304020427014202608
0304020427022202608
0304020435009202608
0304020435014202608
0304020435022202608
0304020443009202608
0304020443014202608
0304020443022202608
0304020451009202608
0304020451014202608
0304020451022202608
0304020460009202608
0304020460014202608
0304020460022202608
0304020478009202608
0304020478014202608
0304020478022202608
0304020486009202608
0304020486014202608
0304020486022202608
0304020494009202608
0304020494014202608
0304020494022202608
0304030015009202608
0304030015014202608
0304030015022202608
0304030023009202608
0304030023014202608
0304030023022202608
0304030031009202608
0304030031014202608
0304030031022202608
0304030040009202608
0304030040014202608
0304030040022202608
0304030058009202608
0304030058014202608
0304030058022202608
0304030066009202608
0304030066014202608
0304030066022202608
0304030074009202608
0304030074014202608
0304030074022202608
0304030082009202608
0304030082014202608
0304030082022202608
0304030090009202608
0304030090014202608
0304030090022202608
0304030104009202608
0304030104014202608
0304030104022202608
0304030112009202608
0304030112014202608
0304030112022202608
0304030120009202608
0304030120014202608
0304030120022202608
0304030139009202608
0304030139014202608
0304030139022202608
0304030147009202608
0304030147014202608
0304030147022202608
0304030155009202608
0304030155014202608
0304030155022202608
0304030163009202608
0304030163014202608
0304030163022202608
0304030171009202608
0304030171014202608
0304030171022202608
0304030180009202608
0304030180014202608
0304030180022202608
0304030198009202608
0304030198014202608
0304030198022202608
0304030201009202608
0304030201014202608
0304030201022202608
0304030210009202608
0304030210014202608
0304030210022202608
0304030228009202608
0304030228014202608
0304030228022202608
0304030236009202608
0304030236014202608
0304030244009202608
0304030244014202608
0304030252009202608
0304030252014202608
0304030252022202608
0304030260009202608
0304030260014202608
0304030260022202608
0304040010009202608
0304040010014202608
0304040010022202608
0304040029009202608
0304040029014202608
0304040029022202608
0304040045009202608
0304040045014202608
0304040045022202608
0304040053009202608
0304040053014202608
0304040053022202608
0304040061009202608
0304040061014202608
0304040061022202608
0304040070009202608
0304040070014202608
0304040070022202608
0304040088009202608
0304040088014202608
0304040088022202608
0304040096009202608
0304040096014202608
0304040096022202608
0304040100009202608
0304040100014202608
0304040100022202608
0304040118009202608
0304040118014202608
0304040118022202608
0304040126009202608
0304040126014202608
0304040126022202608
0304040134009202608
0304040134014202608
0304040134022202608
0304040142009202608
0304040142014202608
0304040142022202608
0304040150009202608
0304040150014202608
0304040150022202608
0304040169009202608
0304040169014202608
0304040169022202608
0304040177009202608
0304040177014202608
0304040177022202608
0304040185009202608
0304040185014202608
0304040185022202608
0304040193009202608
0304040193014202608
0304040193022202608
0304040207009202608
0304040207014202608
0304040207022202608
0304050016009202608
0304050016014202608
0304050016022202608
0304050024009202608
0304050024014202608
0304050024022202608
0304050032009202608
0304050032014202608
0304050032022202608
0304050040009202608
0304050040014202608
0304050040022202608
0304050067009202608
0304050067014202608
0304050067022202608
0304050075009202608
0304050075014202608
0304050075022202608
0304050113009202608
0304050113014202608
0304050113022202608
0304050121009202608
0304050121014202608
0304050121022202608
0304050130009202608
0304050130014202608
0304050130022202608
0304050172009202608
0304050172014202608
0304050172022202608
0304050180009202608
0304050180014202608
0304050180022202608
0304050202009202608
0304050202014202608
0304050202022202608
0304050210009202608
0304050210014202608
0304050210022202608
0304050229009202608
0304050229014202608
0304050229022202608
0304050253009202608
0304050253014202608
0304050253022202608
0304050261009202608
0304050261014202608
0304050261022202608
0304050270009202608
0304050270014202608
0304050270022202608
0304050288009202608
0304050288014202608
0304050288022202608
0304050296009202608
0304050296014202608
0304050296022202608
0304050300009202608
0304050300014202608
0304050300022202608
0304050318009202608
0304050318014202608
0304050318022202608
0304050326009202608
0304050326014202608
0304050326022202608
0304050334009202608
0304050334014202608
0304050334022202608
0304050342009202608
0304050342014202608
0304050342022202608
0304050350009202608
0304050350014202608
0304050350022202608
0304060011009202608
0304060011014202608
0304060011022202608
0304060038009202608
0304060038014202608
0304060038022202608
0304060046009202608
0304060046014202608
0304060046022202608
0304060070009202608
0304060070014202608
0304060070022202608
0304060089009202608
0304060089014202608
0304060089022202608
0304060097009202608
0304060097014202608
0304060097022202608
0304060100009202608
0304060100014202608
0304060100022202608
0304060119009202608
0304060119014202608
0304060119022202608
0304060127009202608
0304060127014202608
0304060127022202608
0304060135009202608
0304060135014202608
0304060135022202608
0304060151009202608
0304060151014202608
0304060151022202608
0304060160009202608
0304060160014202608
0304060160022202608
0304060178009202608
0304060178014202608
0304060178022202608
0304060186009202608
0304060186014202608
0304060186022202608
0304060208009202608
0304060208014202608
0304060208022202608
0304060216009202608
0304060216014202608
0304060216022202608
0304060224009202608
0304060224014202608
0304060224022202608
0304060232009202608
0304060232014202608
0304060232022202608
0304060240009202608
0304060240014202608
0304060240022202608
0304070017009202608
0304070017014202608
0304070017022202608
0304070025009202608
0304070025014202608
0304070025022202608
0304070033009202608
0304070033014202608
0304070033022202608
0304070041009202608
0304070041014202608
0304070041022202608
0304070050009202608
0304070050014202608
0304070050022202608
0304070068009202608
0304070068014202608
0304070068022202608
0304070076009202608
0304070076014202608
0304070076022202608
0304070084009202608
0304070084022202608
0304080020006202608
0304080039006202608
0304080039007202608
0304080047006202608
0304080055009202608
0304080055014202608
0304080055022202608
0304080063006202608
0304080071009202608
0304080071014202608
0304080071022202608
0304090018004202608
0304090018006202608
0304090026006202608
0304090034006202608
0304090050009202608
0304090069009202608
0304100013007202608
0304100021004202608
0305010026009202608
0305010026014202608
0305010026022202608
0305010034005202608
0305010093058202608
0305010107014202608
0305010107022202608
0305010107058202608
0305010115014202608
0305010115022202608
0305010115043202608
0305010115058202608
0305010123058202608
0305010131005202608
0305010166014202608
0305010166022202608
0305010166058202608
0305010174007202608
0305010182009202608
0305010182022202608
0305010204014202608
0305010204022202608
0305010204058202608
0305020013004202608
0305020021004202608
0305020030004202608
0305020030011202608
0305020048004202608
0305020056004202608
0306010020009202608
0306020017009202608
0306020050009202608
0306020092009202608
0306020106009202608
0306020130009202608
0306020157009202608
0307010015020202608
0307010015053202608
0307010015058202608
0307010015060202608
0307010031009202608
0307010031020202608
0307010031053202608
0307010031058202608
0307010031060202608
0307010058020202608
0307010066020202608
0307010066053202608
0307010066058202608
0307010066060202608
0307010074020202608
0307010074053202608
0307010074058202608
0307010074060202608
0307010082009202608
0307010082020202608
0307010090009202608
0307010090020202608
0307010104009202608
0307010104020202608
0307010112009202608
0307010112020202608
0307010120020202608
0307010120053202608
0307010120058202608
0307010120060202608
0307010139009202608
0307010139020202608
0307010147009202608
0307010147020202608
0307010155009202608
0307020010053202608
0307020010058202608
0307020010060202608
0307020029053202608
0307020029058202608
0307020029060202608
0307020037020202608
0307020037053202608
0307020037058202608
0307020037060202608
0307020045020202608
0307020045053202608
0307020045058202608
0307020045060202608
0307020053020202608
0307020053053202608
0307020053058202608
0307020053060202608
0307020061020202608
0307020061053202608
0307020061058202608
0307020061060202608
0307020070009202608
0307020070020202608
0307020070053202608
0307020070058202608
0307020070060202608
0307020088020202608
0307020096020202608
0307020100020202608
0307020118020202608
0307030024009202608
0307030024020202608
0307030032020202608
0307030040009202608
0307030040020202608
0307030059009202608
0307030059020202608
0307030067009202608
0307030075053202608
0307030075058202608
0307030075060202608
0307030083009202608
0307040062053202608
0307040062058202608
0307040062060202608
0307040070053202608
0307040070058202608
0307040070060202608
0307040089053202608
0307040089058202608
0307040089060202608
0307040119053202608
0307040119058202608
0307040119060202608
0307040127053202608
0307040127058202608
0307040127060202608
0307040135053202608
0307040135058202608
0307040135060202608
0307040143053202608
0307040143058202608
0307040143060202608
0307040151053202608
0307040151058202608
0307040151060202608
0307040160053202608
0307040160058202608
0307040160060202608
0307040178053202608
0307040178058202608
0307040178060202608
0307040186053202608
0307040186058202608
0307040186060202608
0307040194053202608
0307040194058202608
0307040194060202608
0307050017009202608
0308010019004202608
0308010019011202608
0308010027004202608
0308010027011202608
0308010035004202608
0308010043004202608
0308020022004202608
0308020022011202608
0308020030004202608
0308020030011202608
0308030010004202608
0308030010011202608
0308030028004202608
0308030028011202608
0308030036004202608
0308030036011202608
0308040015004202608
0308040015011202608
0308040023004202608
0309010039001202608
0309010039049202608
0309010055005202608
0309010080005202608
0309030048058202608
0309030048060202608
0309050022009202608
0309050030009202608
0309050049009202608
0309050057009202608
0309050065009202608
0309050073009202608
0309050081009202608
0309050090009202608
0309050111009202608
0309050120009202608
0309050138009202608
0309050146009202608
0309050154009202608
0309050162009202608
0309050170009202608
0309050189009202608
0309050197009202608
0309050200009202608
0309050219009202608
0309050227009202608
0309050235009202608
0309060036017202608
0309070015009202608
0309070023009202608
0309080010004202608
0309080010009202608
0310010012009202608
0310010020005202608
0310010039004202608
0310010039042202608
0310010047004202608
0310010047042202608
0401010015005202608
0401010031009202608
0401010058053202608
0401010058058202608
0401010058060202608
0401010066001202608
0401010066009202608
0401010074001202608
0401010082009202608
0401010082020202608
0401010090001202608
0401010104005202608
0401010104053202608
0401010104058202608
0401010104060202608
0401010112001202608
0401010120001202608
0401010139001202608
0401020010001202608
0401020010004202608
0401020010049202608
0401020010051202608
0401020010059202608
0401020029001202608
0401020029004202608
0401020029049202608
0401020029051202608
0401020029059202608
0401020037001202608
0401020037004202608
0401020037049202608
0401020037051202608
0401020037059202608
0401020045001202608
0401020045004202608
0401020045049202608
0401020045051202608
0401020045059202608
0401020053001202608
0401020053004202608
0401020053049202608
0401020053051202608
0401020053059202608
0401020061001202608
0401020061004202608
0401020061049202608
0401020061051202608
0401020061059202608
0401020070001202608
0401020070004202608
0401020070049202608
0401020070051202608
0401020070059202608
0401020088001202608
0401020088004202608
0401020088049202608
0401020088051202608
0401020088052202608
0401020088059202608
0401020096001202608
0401020096004202608
0401020096049202608
0401020096051202608
0401020096059202608
0401020100001202608
0401020100004202608
0401020100049202608
0401020100051202608
0401020100059202608
0401020118001202608
0401020118004202608
0401020118049202608
0401020118051202608
0401020118059202608
0401020126001202608
0401020126004202608
0401020126049202608
0401020134001202608
0401020134049202608
0401020142001202608
0401020142004202608
0401020142049202608
0401020142051202608
0401020142059202608
0401020150001202608
0401020150004202608
0401020150049202608
0401020150051202608
0401020150059202608
0401020169001202608
0401020169004202608
0401020169049202608
0401020169051202608
0401020169059202608
0401020177009202608
0402010019001202608
0402010019004202608
0402010019049202608
0402010019051202608
0402010027001202608
0402010027004202608
0402010027049202608
0402010027051202608
0402010035001202608
0402010035004202608
0402010035049202608
0402010035051202608
0402010043001202608
0402010043004202608
0402010043049202608
0402010043051202608
0402010051001202608
0402010051004202608
0402010051049202608
0402010051051202608
0402020014001202608
0402020014004202608
0402020014049202608
0402020014051202608
0402020022001202608
0402020022004202608
0402020022049202608
0402020022051202608
0403010012001202608
0403010012004202608
0403010012049202608
0403010012051202608
0403010020001202608
0403010020004202608
0403010020049202608
0403010039001202608
0403010039004202608
0403010039049202608
0403010047001202608
0403010047004202608
0403010047049202608
0403010047051202608
0403010055001202608
0403010055004202608
0403010055049202608
0403010055051202608
0403010063001202608
0403010063004202608
0403010063049202608
0403010063051202608
0403010071001202608
0403010071004202608
0403010071049202608
0403010071051202608
0403010080001202608
0403010080004202608
0403010080049202608
0403010080051202608
0403010098001202608
0403010098004202608
0403010098049202608
0403010098051202608
0403010101001202608
0403010101004202608
0403010101049202608
0403010101051202608
0403010110001202608
0403010110004202608
0403010110049202608
0403010110051202608
0403010128001202608
0403010128004202608
0403010128006202608
0403010128049202608
0403010128051202608
0403010136001202608
0403010136004202608
0403010136049202608
0403010136051202608
0403010144001202608
0403010144004202608
0403010144049202608
0403010144051202608
0403010152001202608
0403010152004202608
0403010152049202608
0403010152051202608
0403010152059202608
0403010160001202608
0403010160004202608
0403010160049202608
0403010160051202608
0403010179001202608
0403010179004202608
0403010179049202608
0403010179051202608
0403010179059202608
0403010187001202608
0403010187004202608
0403010187049202608
0403010187051202608
0403010195001202608
0403010195004202608
0403010195049202608
0403010209001202608
0403010209004202608
0403010209049202608
0403010209051202608
0403010217001202608
0403010217004202608
0403010217049202608
0403010217051202608
0403010225001202608
0403010225004202608
0403010225049202608
0403010225051202608
0403010233001202608
0403010233004202608
0403010233049202608
0403010233051202608
0403010241001202608
0403010241004202608
0403010241049202608
0403010241051202608
0403010250001202608
0403010250004202608
0403010250049202608
0403010250051202608
0403010268001202608
0403010268004202608
0403010268049202608
0403010276001202608
0403010276004202608
0403010276049202608
0403010284001202608
0403010284004202608
0403010284049202608
0403010292001202608
0403010292004202608
0403010292049202608
0403010306001202608
0403010306004202608
0403010306049202608
0403010314001202608
0403010314004202608
0403010314049202608
0403010322001202608
0403010322004202608
0403010322049202608
0403010322051202608
0403010330001202608
0403010330004202608
0403010330049202608
0403010330051202608
0403010349001202608
0403010349004202608
0403010349017202608
0403010349049202608
0403010357001202608
0403010357004202608
0403010357049202608
0403010357051202608
0403010365001202608
0403010365004202608
0403010365049202608
0403010365051202608
0403010390001202608
0403010390004202608
0403010390049202608
0403010390051202608
0403020018001202608
0403020018006202608
0403020018049202608
0403020018051202608
0403020026001202608
0403020026006202608
0403020026049202608
0403020026051202608
0403020034001202608
0403020034006202608
0403020034049202608
0403020034051202608
0403020042001202608
0403020042006202608
0403020042049202608
0403020042051202608
0403020050001202608
0403020050006202608
0403020050049202608
0403020050051202608
0403020069001202608
0403020069006202608
0403020069049202608
0403020069051202608
0403020077001202608
0403020077049202608
0403020077051202608
0403020077059202608
0403020085001202608
0403020085049202608
0403020085051202608
0403020093001202608
0403020093049202608
0403020093051202608
0403020107001202608
0403020107049202608
0403020107051202608
0403020107059202608
0403020115001202608
0403020115049202608
0403020115051202608
0403020123001202608
0403020123004202608
0403020123049202608
0403020123051202608
0403020131001202608
0403020131006202608
0403020131049202608
0403020131051202608
0403030013001202608
0403030013004202608
0403030013049202608
0403030013051202608
0403030021001202608
0403030021004202608
0403030021049202608
0403030021051202608
0403030030001202608
0403030030004202608
0403030030049202608
0403030030051202608
0403030048001202608
0403030048004202608
0403030048049202608
0403030048051202608
0403030056001202608
0403030056004202608
0403030056006202608
0403030056049202608
0403030056051202608
0403030064001202608
0403030064004202608
0403030064006202608
0403030064049202608
0403030064051202608
0403030080001202608
0403030080004202608
0403030080006202608
0403030080049202608
0403030080051202608
0403030099001202608
0403030099004202608
0403030099006202608
0403030099049202608
0403030099051202608
0403030102001202608
0403030102004202608
0403030102006202608
0403030102049202608
0403030102051202608
0403030110001202608
0403030110004202608
0403030110049202608
0403030110051202608
0403030129001202608
0403030129004202608
0403030129006202608
0403030129049202608
0403030129051202608
0403030137001202608
0403030137004202608
0403030137006202608
0403030137049202608
0403030137051202608
0403030145001202608
0403030145004202608
0403030145049202608
0403030145051202608
0403030153001202608
0403030153004202608
0403030153006202608
0403030153049202608
0403030153051202608
0403030161001202608
0403030161004202608
0403030161049202608
0403030161051202608
0403040019001202608
0403040019004202608
0403040019006202608
0403040019049202608
0403040019051202608
0403040027001202608
0403040027004202608
0403040027006202608
0403040027049202608
0403040027051202608
0403040051001202608
0403040051004202608
0403040051006202608
0403040051049202608
0403040051051202608
0403040060001202608
0403040060004202608
0403040060006202608
0403040060049202608
0403040060051202608
0403040078001202608
0403040078004202608
0403040078006202608
0403040078049202608
0403040078051202608
0403040086001202608
0403040086004202608
0403040086006202608
0403040086049202608
0403040086051202608
0403040094001202608
0403040094004202608
0403040094006202608
0403040094049202608
0403040094051202608
0403040108001202608
0403040108004202608
0403040108006202608
0403040108049202608
0403040108051202608
0403040116001202608
0403040116004202608
0403040116006202608
0403040116049202608
0403040116051202608
0403040124001202608
0403040124004202608
0403040124006202608
0403040124049202608
0403040124051202608
0403050014001202608
0403050022001202608
0403050030001202608
0403050030004202608
0403050030006202608
0403050030049202608
0403050030051202608
0403050049001202608
0403050049004202608
0403050049006202608
0403050049049202608
0403050049051202608
0403050057001202608
0403050057004202608
0403050057006202608
0403050057017202608
0403050057049202608
0403050057051202608
0403050065001202608
0403050065004202608
0403050065006202608
0403050065049202608
0403050065051202608
0403050073001202608
0403050073004202608
0403050073006202608
0403050073049202608
0403050073051202608
0403050081001202608
0403050090001202608
0403050090004202608
0403050090006202608
0403050090049202608
0403050090051202608
0403050103001202608
0403050103004202608
0403050103006202608
0403050103049202608
0403050103051202608
0403050111001202608
0403050111004202608
0403050111049202608
0403050111051202608
0403050120001202608
0403050120004202608
0403050120049202608
0403050120051202608
0403050138001202608
0403050138004202608
0403050138049202608
0403050138051202608
0403050146001202608
0403050146004202608
0403050146049202608
0403050146051202608
0403050154001202608
0403050154004202608
0403050154006202608
0403050154049202608
0403050154051202608
0403050162001202608
0403050162004202608
0403050162006202608
0403050162049202608
0403050162051202608
0403060010001202608
0403060010006202608
0403060010049202608
0403060010051202608
0403060028001202608
0403060028006202608
0403060028049202608
0403060028051202608
0403060036001202608
0403060036004202608
0403060036006202608
0403060036049202608
0403060036051202608
0403060044001202608
0403060044004202608
0403060044006202608
0403060044049202608
0403060044051202608
0403060052001202608
0403060052004202608
0403060052006202608
0403060052049202608
0403060052051202608
0403060060001202608
0403060060004202608
0403060060006202608
0403060060049202608
0403060060051202608
0403060079001202608
0403060079004202608
0403060079006202608
0403060079049202608
0403060079051202608
0403060087001202608
0403060087004202608
0403060087006202608
0403060087049202608
0403060095001202608
0403060095004202608
0403060095006202608
0403060095049202608
0403070015001202608
0403070015004202608
0403070015006202608
0403070015049202608
0403070040001202608
0403070040004202608
0403070040006202608
0403070040049202608
0403070040051202608
0403070058001202608
0403070058004202608
0403070058006202608
0403070058049202608
0403070058051202608
0403070082001202608
0403070082006202608
0403070082049202608
0403070082051202608
0403070090001202608
0403070090006202608
0403070090049202608
0403070090051202608
0403070104001202608
0403070104006202608
0403070104049202608
0403070104051202608
0403070112001202608
0403070112006202608
0403070112049202608
0403070112051202608
0403070120001202608
0403070120006202608
0403070120049202608
0403070120051202608
0403070139001202608
0403070139006202608
0403070139049202608
0403070139051202608
0403070147001202608
0403070147006202608
0403070147049202608
0403070147051202608
0403070155001202608
0403070155006202608
0403070155049202608
0403070155051202608
0403070163001202608
0403070163004202608
0403070163006202608
0403070163049202608
0403070163051202608
0403070171001202608
0403070171004202608
0403070171009202608
0403070171049202608
0403080010001202608
0403080010004202608
0403080010006202608
0403080010017202608
0403080010049202608
0403080010051202608
0403080029001202608
0403080029004202608
0403080029006202608
0403080029017202608
0403080029049202608
0403080029051202608
0403080037001202608
0403080037004202608
0403080037006202608
0403080037017202608
0403080037049202608
0403080037051202608
0403080045001202608
0403080045004202608
0403080045006202608
0403080045049202608
0403080045051202608
0403080053001202608
0403080053004202608
0403080053006202608
0403080053049202608
0403080053051202608
0403080061001202608
0403080061004202608
0403080061006202608
0403080061049202608
0403080061051202608
0403080070001202608
0403080070004202608
0403080070006202608
0403080070049202608
0403080070051202608
0403080088001202608
0403080088004202608
0403080088006202608
0403080088049202608
0403080088051202608
0403080096001202608
0403080096004202608
0403080096006202608
0403080096049202608
0403080096051202608
0403080100001202608
0403080100004202608
0403080100006202608
0403080100049202608
0403080100051202608
0404010016001202608
0404010016004202608
0404010016049202608
0404010016051202608
0404010016052202608
0404010016059202608
0404010024001202608
0404010024049202608
0404010024051202608
0404010024052202608
0404010024059202608
0404010032001202608
0404010032004202608
0404010032049202608
0404010032051202608
0404010032052202608
0404010032059202608
0404010040001202608
0404010040004202608
0404010040049202608
0404010059001202608
0404010059004202608
0404010059049202608
0404010067001202608
0404010067004202608
0404010067049202608
0404010083001202608
0404010083004202608
0404010083049202608
0404010083051202608
0404010105001202608
0404010105004202608
0404010105049202608
0404010105051202608
0404010113001202608
0404010113004202608
0404010113049202608
0404010113051202608
0404010113059202608
0404010121001202608
0404010121004202608
0404010121049202608
0404010121051202608
0404010121052202608
0404010121059202608
0404010130001202608
0404010130004202608
0404010130049202608
0404010130051202608
0404010148001202608
0404010148004202608
0404010148049202608
0404010148051202608
0404010164001202608
0404010164004202608
0404010164049202608
0404010164051202608
0404010172001202608
0404010172004202608
0404010172049202608
0404010172051202608
0404010180001202608
0404010180004202608
0404010180049202608
0404010180051202608
0404010199001202608
0404010199004202608
0404010199049202608
0404010199051202608
0404010202001202608
0404010202004202608
0404010202049202608
0404010202051202608
0404010202059202608
0404010210001202608
0404010210004202608
0404010210049202608
0404010210051202608
0404010229049202608
0404010229051202608
0404010237001202608
0404010237049202608
0404010237051202608
0404010288001202608
0404010288004202608
0404010288049202608
0404010288051202608
0404010300009202608
0404010318001202608
0404010318049202608
0404010318051202608
0404010318059202608
0404010326001202608
0404010326004202608
0404010326049202608
0404010326051202608
0404010326059202608
0404010334001202608
0404010334004202608
0404010334049202608
0404010334051202608
0404010334059202608
0404010350001202608
0404010350004202608
0404010350049202608
0404010350051202608
0404010350059202608
0404010377001202608
0404010377004202608
0404010377049202608
0404010385001202608
0404010385004202608
0404010385049202608
0404010385051202608
0404010385059202608
0404010407001202608
0404010407004202608
0404010407049202608
0404010407051202608
0404010407059202608
0404010415001202608
0404010415004202608
0404010415049202608
0404010415051202608
0404010415052202608
0404010415059202608
0404010431001202608
0404010431004202608
0404010431008202608
0404010431049202608
0404010431051202608
0404010458001202608
0404010458004202608
0404010458049202608
0404010458051202608
0404010466001202608
0404010466004202608
0404010466049202608
0404010466051202608
0404010474001202608
0404010474004202608
0404010474049202608
0404010474051202608
0404010474059202608
0404010482001202608
0404010482004202608
0404010482049202608
0404010482051202608
0404010482059202608
0404010490001202608
0404010490004202608
0404010490049202608
0404010490051202608
0404010490059202608
0404010504001202608
0404010504004202608
0404010504049202608
0404010504051202608
0404010504059202608
0404010512001202608
0404010512004202608
0404010512020202608
0404010512049202608
0404010512051202608
0404010512052202608
0404010512059202608
0404010520001202608
0404010520004202608
0404010520049202608
0404010520051202608
0404010520059202608
0404010539001202608
0404010539004202608
0404010539049202608
0404010539051202608
0404010547001202608
0404010547004202608
0404010547049202608
0404010547051202608
0404010555001202608
0404010555004202608
0404010555049202608
0404010555051202608
0404010555059202608
0404010563001202608
0404010563004202608
0404010563049202608
0404010563051202608
0404010571001202608
0404010571004202608
0404010571017202608
0404010571049202608
0404010571051202608
0404010580001202608
0404010580004202608
0404010580017202608
0404010580049202608
0404010580051202608
0404010598001202608
0404010598004202608
0404010598049202608
0404010598051202608
0404010601001202608
0404010601004202608
0404010601017202608
0404010601049202608
0404010601051202608
0404010610001202608
0404010610004202608
0404010610017202608
0404010610049202608
0404010610051202608
0404010628001202608
0404010628004202608
0404010628017202608
0404010628049202608
0404010628051202608
0404010636001202608
0404010636004202608
0404010636049202608
0404010636051202608
0404010644001202608
0404010644004202608
0404010644017202608
0404010644049202608
0404010644051202608
0404010652001202608
0404010652004202608
0404010652017202608
0404010652049202608
0404010652051202608
0404020011001202608
0404020011004202608
0404020011049202608
0404020011051202608
0404020011059202608
0404020038001202608
0404020038004202608
0404020038020202608
0404020038049202608
0404020038051202608
0404020038059202608
0404020046001202608
0404020046004202608
0404020046049202608
0404020046051202608
0404020046059202608
0404020054020202608
0404020054053202608
0404020054058202608
0404020054060202608
0404020062001202608
0404020062004202608
0404020062049202608
0404020062051202608
0404020070001202608
0404020070004202608
0404020070049202608
0404020070051202608
0404020070059202608
0404020089001202608
0404020089004202608
0404020089020202608
0404020089049202608
0404020089051202608
0404020089059202608
0404020097020202608
0404020097053202608
0404020097058202608
0404020097060202608
0404020100020202608
0404020119001202608
0404020119004202608
0404020119049202608
0404020119051202608
0404020119059202608
0404020135001202608
0404020135004202608
0404020135049202608
0404020135051202608
0404020143001202608
0404020143004202608
0404020143049202608
0404020143051202608
0404020178001202608
0404020178004202608
0404020178049202608
0404020178051202608
0404020178059202608
0404020208001202608
0404020208004202608
0404020208049202608
0404020208051202608
0404020224001202608
0404020224004202608
0404020224049202608
0404020224051202608
0404020232001202608
0404020232004202608
0404020232049202608
0404020232051202608
0404020240001202608
0404020240004202608
0404020240049202608
0404020240051202608
0404020275001202608
0404020275004202608
0404020275049202608
0404020275051202608
0404020291001202608
0404020291004202608
0404020291049202608
0404020291051202608
0404020313001202608
0404020313004202608
0404020313020202608
0404020313049202608
0404020313051202608
0404020313059202608
0404020321001202608
0404020321004202608
0404020321049202608
0404020321051202608
0404020348001202608
0404020348004202608
0404020348049202608
0404020348051202608
0404020348059202608
0404020356001202608
0404020356004202608
0404020356049202608
0404020356051202608
0404020356059202608
0404020380001202608
0404020380004202608
0404020380049202608
0404020380051202608
0404020399001202608
0404020399004202608
0404020399049202608
0404020399051202608
0404020429001202608
0404020429004202608
0404020429049202608
0404020429051202608
0404020429059202608
0404020445020202608
0404020445053202608
0404020445058202608
0404020445060202608
0404020453001202608
0404020453004202608
0404020453049202608
0404020453051202608
0404020461001202608
0404020461004202608
0404020461049202608
0404020461051202608
0404020470001202608
0404020470004202608
0404020470049202608
0404020470051202608
0404020470059202608
0404020488004202608
0404020488020202608
0404020488049202608
0404020488051202608
0404020488059202608
0404020496001202608
0404020496004202608
0404020496049202608
0404020496051202608
0404020500001202608
0404020500004202608
0404020500049202608
0404020500051202608
0404020518001202608
0404020518004202608
0404020518049202608
0404020518051202608
0404020526001202608
0404020526004202608
0404020526049202608
0404020526051202608
0404020526059202608
0404020534001202608
0404020534004202608
0404020534049202608
0404020534051202608
0404020542001202608
0404020542004202608
0404020542049202608
0404020550004202608
0404020550049202608
0404020550051202608
0404020569001202608
0404020569004202608
0404020569049202608
0404020569051202608
0404020577004202608
0404020577020202608
0404020585004202608
0404020585051202608
0404020585059202608
0404020593004202608
0404020593051202608
0404020593059202608
0404020607004202608
0404020607051202608
0404020607059202608
0404020615020202608
0404020623020202608
0404020631020202608
0404020640001202608
0404020640004202608
0404020640049202608
0404020640051202608
0404020658001202608
0404020658004202608
0404020658049202608
0404020658051202608
0404020666001202608
0404020666004202608
0404020666049202608
0404020674020202608
0404020690001202608
0404020690004202608
0404020690049202608
0404020690051202608
0404020704001202608
0404020704004202608
0404020704049202608
0404020704051202608
0404020704059202608
0404020712001202608
0404020712004202608
0404020712049202608
0404020712051202608
0404020720001202608
0404020720004202608
0404020720049202608
0404020720051202608
0404020739001202608
0404020739004202608
0404020739049202608
0404020739051202608
0404020771001202608
0404020771004202608
0404020771049202608
0404020771051202608
0404020780001202608
0404020780004202608
0404020780049202608
0404020780051202608
0404020798001202608
0404020798004202608
0404020798049202608
0404030017001202608
0404030017004202608
0404030017049202608
0404030017051202608
0404030033001202608
0404030033049202608
0404030033051202608
0404030041001202608
0404030041004202608
0404030041049202608
0404030041051202608
0404030050001202608
0404030050049202608
0404030050051202608
0404030068001202608
0404030068049202608
0404030068051202608
0404030076001202608
0404030076004202608
0404030076049202608
0404030076051202608
0404030084001202608
0404030084004202608
0404030084049202608
0404030084051202608
0404030106001202608
0404030106004202608
0404030106049202608
0404030106051202608
0404030122001202608
0404030122004202608
0404030122049202608
0404030122051202608
0404030130001202608
0404030130004202608
0404030130049202608
0404030130051202608
0404030157001202608
0404030157004202608
0404030157049202608
0404030157051202608
0404030165001202608
0404030165004202608
0404030165049202608
0404030165051202608
0404030173001202608
0404030173004202608
0404030173049202608
0404030173051202608
0404030173059202608
0404030190001202608
0404030190004202608
0404030190049202608
0404030190051202608
0404030190059202608
0404030220001202608
0404030220004202608
0404030220049202608
0404030220051202608
0404030246001202608
0404030246004202608
0404030246049202608
0404030246051202608
0404030254001202608
0404030254004202608
0404030254049202608
0404030254051202608
0404030262001202608
0404030262004202608
0404030262049202608
0404030262051202608
0404030270001202608
0404030270004202608
0404030270049202608
0404030270051202608
0404030289001202608
0404030289004202608
0404030289049202608
0404030289051202608
0404030297001202608
0404030297004202608
0404030297049202608
0404030297051202608
0404030300001202608
0404030300004202608
0404030300049202608
0404030300051202608
0404030319001202608
0404030319004202608
0404030319049202608
0404030319051202608
0404030319059202608
0404030327001202608
0404030327004202608
0404030327049202608
0404030327051202608
0405010010004202608
0405010010051202608
0405010010052202608
0405010010059202608
0405010028004202608
0405010028051202608
0405010028052202608
0405010028059202608
0405010036004202608
0405010036051202608
0405010036052202608
0405010052001202608
0405010060001202608
0405010079051202608
0405010079052202608
0405010079059202608
0405010087001202608
0405010087004202608
0405010087049202608
0405010087051202608
0405010117001202608
0405010117004202608
0405010117049202608
0405010117051202608
0405010117052202608
0405010125004202608
0405010125051202608
0405010125052202608
0405010125059202608
0405010133001202608
0405010133004202608
0405010133049202608
0405010133051202608
0405010150001202608
0405010150004202608
0405010150049202608
0405010150051202608
0405010150059202608
0405010176004202608
0405020015004202608
0405020015051202608
0405020015052202608
0405020023004202608
0405020023051202608
0405020023052202608
0405030010001202608
0405030010004202608
0405030010049202608
0405030010051202608
0405030010059202608
0405030029004202608
0405030029049202608
0405030029051202608
0405030029059202608
0405030045001202608
0405030045052202608
0405030045059202608
0405030053001202608
0405030070001202608
0405030070004202608
0405030070049202608
0405030070051202608
0405030070052202608
0405030096004202608
0405030134001202608
0405030134049202608
0405030134051202608
0405030134052202608
0405030142051202608
0405030150001202608
0405030169004202608
0405030169051202608
0405030177004202608
0405030177051202608
0405030185004202608
0405030185051202608
0405030193001202608
0405030193004202608
0405030193049202608
0405030193051202608
0405030193052202608
0405030193059202608
0405030207004202608
0405040016004202608
0405040016051202608
0405040016052202608
0405040016059202608
0405040024004202608
0405040024006202608
0405040024051202608
0405040040004202608
0405040040049202608
0405040040051202608
0405040059004202608
0405040059049202608
0405040059051202608
0405040067004202608
0405040067049202608
0405040067051202608
0405040067052202608
0405040067059202608
0405040075004202608
0405040075049202608
0405040075051202608
0405040075052202608
0405040075059202608
0405040083001202608
0405040083004202608
0405040083006202608
0405040083049202608
0405040083051202608
0405040091001202608
0405040091004202608
0405040091006202608
0405040091049202608
0405040091051202608
0405040105001202608
0405040105004202608
0405040105049202608
0405040105051202608
0405040105052202608
0405040105059202608
0405040130001202608
0405040148001202608
0405040148004202608
0405040148006202608
0405040148049202608
0405040148051202608
0405040156001202608
0405040156004202608
0405040156049202608
0405040156051202608
0405040164001202608
0405040164004202608
0405040164049202608
0405040164051202608
0405040180001202608
0405040180004202608
0405040180049202608
0405040180051202608
0405040202004202608
0405040202051202608
0405040202052202608
0405040202059202608
0405040210051202608
0405040210052202608
0405040210059202608
0405050011004202608
0405050011051202608
0405050011052202608
0405050011059202608
0405050020001202608
0405050020052202608
0405050020059202608
0405050046004202608
0405050046051202608
0405050046052202608
0405050046059202608
0405050054004202608
0405050054051202608
0405050054052202608
0405050054059202608
0405050097001202608
0405050097004202608
0405050097049202608
0405050097051202608
0405050097052202608
0405050097059202608
0405050100001202608
0405050100004202608
0405050100049202608
0405050100051202608
0405050100052202608
0405050100059202608
0405050100060202608
0405050119001202608
0405050119004202608
0405050119049202608
0405050119051202608
0405050119052202608
0405050127001202608
0405050127052202608
0405050127059202608
0405050135001202608
0405050135004202608
0405050135049202608
0405050135051202608
0405050143001202608
0405050143004202608
0405050143049202608
0405050143051202608
0405050143052202608
0405050143059202608
0405050151001202608
0405050151004202608
0405050151049202608
0405050151051202608
0405050151052202608
0405050151059202608
0405050160001202608
0405050186001202608
0405050186004202608
0405050186006202608
0405050186049202608
0405050186051202608
0405050194001202608
0405050194052202608
0405050194059202608
0405050216004202608
0405050216051202608
0405050216052202608
0405050216059202608
0405050224004202608
0405050224051202608
0405050224052202608
0405050224059202608
0405050232001202608
0405050232004202608
0405050232049202608
0405050232051202608
0405050259001202608
0405050267001202608
0405050313001202608
0405050313004202608
0405050313049202608
0405050313051202608
0405050321004202608
0405050321051202608
0405050321052202608
0405050356001202608
0405050356004202608
0405050356049202608
0405050356051202608
0405050372001202608
0405050372049202608
0405050372051202608
0405050372052202608
0405050372059202608
0405050372060202608
0405050380001202608
0405050380004202608
0405050380049202608
0405050380051202608
0405050399004202608
0405050402001202608
0405050402049202608
0405050402051202608
0405050402059202608
0406010013001202608
0406010013004202608
0406010013006202608
0406010013042202608
0406010013049202608
0406010013051202608
0406010021001202608
0406010021004202608
0406010021006202608
0406010021049202608
0406010021051202608
0406010030001202608
0406010030004202608
0406010030006202608
0406010030049202608
0406010030051202608
0406010048001202608
0406010048004202608
0406010048006202608
0406010048049202608
0406010048051202608
0406010056001202608
0406010056004202608
0406010056006202608
0406010056049202608
0406010056051202608
0406010064001202608
0406010064004202608
0406010064006202608
0406010064049202608
0406010064051202608
0406010072001202608
0406010072004202608
0406010072006202608
0406010072042202608
0406010072049202608
0406010072051202608
0406010080001202608
0406010080004202608
0406010080006202608
0406010080049202608
0406010080051202608
0406010099001202608
0406010099004202608
0406010099006202608
0406010099049202608
0406010099051202608
0406010102001202608
0406010102004202608
0406010102049202608
0406010110001202608
0406010110004202608
0406010110049202608
0406010110051202608
0406010129017202608
0406010137001202608
0406010137004202608
0406010137006202608
0406010137049202608
0406010137051202608
0406010153001202608
0406010153004202608
0406010153006202608
0406010153042202608
0406010153049202608
0406010153051202608
0406010161001202608
0406010161004202608
0406010161006202608
0406010161042202608
0406010161049202608
0406010161051202608
0406010170001202608
0406010170004202608
0406010170006202608
0406010170042202608
0406010170049202608
0406010170051202608
0406010188001202608
0406010188004202608
0406010188006202608
0406010188049202608
0406010188051202608
0406010196001202608
0406010196004202608
0406010196006202608
0406010196049202608
0406010196051202608
0406010200001202608
0406010200004202608
0406010200006202608
0406010200049202608
0406010200051202608
0406010218001202608
0406010218004202608
0406010218006202608
0406010218042202608
0406010218049202608
0406010218051202608
0406010226001202608
0406010226004202608
0406010226006202608
0406010226042202608
0406010226049202608
0406010226051202608
0406010234001202608
0406010234004202608
0406010234006202608
0406010234049202608
0406010234051202608
0406010242001202608
0406010242004202608
0406010242006202608
0406010242049202608
0406010242051202608
0406010250001202608
0406010250004202608
0406010250006202608
0406010250042202608
0406010250049202608
0406010250051202608
0406010269001202608
0406010269004202608
0406010269006202608
0406010269042202608
0406010269049202608
0406010269051202608
0406010277001202608
0406010277004202608
0406010277006202608
0406010277042202608
0406010277049202608
0406010277051202608
0406010285001202608
0406010285004202608
0406010285006202608
0406010285042202608
0406010285049202608
0406010285051202608
0406010293001202608
0406010293004202608
0406010293006202608
0406010293049202608
0406010293051202608
0406010307001202608
0406010307004202608
0406010307006202608
0406010307049202608
0406010307051202608
0406010315001202608
0406010315004202608
0406010315006202608
0406010315049202608
0406010315051202608
0406010323001202608
0406010323004202608
0406010323006202608
0406010323049202608
0406010323051202608
0406010331001202608
0406010331004202608
0406010331006202608
0406010331042202608
0406010331049202608
0406010331051202608
0406010340001202608
0406010340004202608
0406010340006202608
0406010340049202608
0406010340051202608
0406010358001202608
0406010358004202608
0406010358006202608
0406010358049202608
0406010358051202608
0406010366001202608
0406010366004202608
0406010366006202608
0406010366042202608
0406010366049202608
0406010366051202608
0406010374001202608
0406010374004202608
0406010374006202608
0406010374042202608
0406010374049202608
0406010374051202608
0406010382001202608
0406010382004202608
0406010382006202608
0406010382049202608
0406010382051202608
0406010390001202608
0406010390004202608
0406010390006202608
0406010390042202608
0406010390049202608
0406010390051202608
0406010404001202608
0406010404004202608
0406010404006202608
0406010404049202608
0406010404051202608
0406010412001202608
0406010412004202608
0406010412049202608
0406010412051202608
0406010420001202608
0406010420004202608
0406010420006202608
0406010420042202608
0406010420049202608
0406010420051202608
0406010439001202608
0406010439004202608
0406010439006202608
0406010439049202608
0406010439051202608
0406010447001202608
0406010447004202608
0406010447006202608
0406010447042202608
0406010447049202608
0406010447051202608
0406010455001202608
0406010455004202608
0406010455006202608
0406010455049202608
0406010455051202608
0406010463001202608
0406010463004202608
0406010463006202608
0406010463042202608
0406010463049202608
0406010463051202608
0406010471001202608
0406010471004202608
0406010471006202608
0406010471042202608
0406010471051202608
0406010480001202608
0406010480004202608
0406010480006202608
0406010480049202608
0406010480051202608
0406010498001202608
0406010498004202608
0406010498006202608
0406010498042202608
0406010498049202608
0406010498051202608
0406010501001202608
0406010501004202608
0406010501006202608
0406010501049202608
0406010501051202608
0406010510001202608
0406010510004202608
0406010510049202608
0406010510051202608
0406010528001202608
0406010528004202608
0406010528006202608
0406010528049202608
0406010528051202608
0406010536001202608
0406010536004202608
0406010536006202608
0406010536049202608
0406010536051202608
0406010544001202608
0406010544004202608
0406010544006202608
0406010544049202608
0406010544051202608
0406010552001202608
0406010552004202608
0406010552006202608
0406010552049202608
0406010552051202608
0406010560004202608
0406010560006202608
0406010560017202608
0406010560049202608
0406010560051202608
0406010579001202608
0406010579004202608
0406010579017202608
0406010579049202608
0406010579051202608
0406010587001202608
0406010587004202608
0406010587006202608
0406010587017202608
0406010587049202608
0406010587051202608
0406010595001202608
0406010595004202608
0406010595017202608
0406010595049202608
0406010595051202608
0406010609001202608
0406010609004202608
0406010609017202608
0406010609049202608
0406010609051202608
0406010617001202608
0406010617004202608
0406010617017202608
0406010617049202608
0406010617051202608
0406010625001202608
0406010625004202608
0406010625006202608
0406010625017202608
0406010625049202608
0406010625051202608
0406010633001202608
0406010633004202608
0406010633006202608
0406010633017202608
0406010633049202608
0406010633051202608
0406010641001202608
0406010641004202608
0406010641006202608
0406010641017202608
0406010641049202608
0406010641051202608
0406010641058202608
0406010650001202608
0406010650004202608
0406010650006202608
0406010650017202608
0406010650049202608
0406010650051202608
0406010668001202608
0406010668004202608
0406010668006202608
0406010668017202608
0406010668049202608
0406010668051202608
0406010676001202608
0406010676004202608
0406010676006202608
0406010676017202608
0406010676049202608
0406010676051202608
0406010684004202608
0406010684017202608
0406010684051202608
0406010684059202608
0406010692001202608
0406010692004202608
0406010692006202608
0406010692049202608
0406010692051202608
0406010706001202608
0406010706004202608
0406010706049202608
0406010706051202608
0406010714001202608
0406010714004202608
0406010714006202608
0406010714049202608
0406010714051202608
0406010730001202608
0406010730004202608
0406010730006202608
0406010730049202608
0406010730051202608
0406010757001202608
0406010757004202608
0406010757006202608
0406010757049202608
0406010757051202608
0406010765001202608
0406010765004202608
0406010765006202608
0406010765049202608
0406010765051202608
0406010773004202608
0406010773049202608
0406010773051202608
0406010773059202608
0406010781001202608
0406010781004202608
0406010781042202608
0406010781049202608
0406010781051202608
0406010790004202608
0406010790049202608
0406010790051202608
0406010803001202608
0406010803004202608
0406010803006202608
0406010803049202608
0406010803051202608
0406010811001202608
0406010811004202608
0406010811006202608
0406010811049202608
0406010811051202608
0406010820001202608
0406010820004202608
0406010820006202608
0406010820049202608
0406010820051202608
0406010838001202608
0406010838004202608
0406010838006202608
0406010838049202608
0406010838051202608
0406010846001202608
0406010846004202608
0406010846006202608
0406010846049202608
0406010846051202608
0406010854004202608
0406010854049202608
0406010854051202608
0406010862004202608
0406010862006202608
0406010862049202608
0406010862051202608
0406010870004202608
0406010870049202608
0406010870051202608
0406010889001202608
0406010889004202608
0406010889006202608
0406010889049202608
0406010889051202608
0406010897001202608
0406010897004202608
0406010897006202608
0406010897049202608
0406010897051202608
0406010900001202608
0406010900004202608
0406010900049202608
0406010900051202608
0406010919004202608
0406010919006202608
0406010919051202608
0406010927001202608
0406010927004202608
0406010927006202608
0406010927049202608
0406010927051202608
0406010935001202608
0406010935004202608
0406010935006202608
0406010935049202608
0406010935051202608
0406010943001202608
0406010943004202608
0406010943006202608
0406010943049202608
0406010943051202608
0406010951001202608
0406010951004202608
0406010951006202608
0406010951049202608
0406010951051202608
0406010960004202608
0406010960049202608
0406010978004202608
0406010978049202608
0406010986001202608
0406010986004202608
0406010986006202608
0406010986049202608
0406010986051202608
0406010994001202608
0406010994004202608
0406010994006202608
0406010994049202608
0406010994051202608
0406011001004202608
0406011001049202608
0406011001051202608
0406011010004202608
0406011010049202608
0406011010051202608
0406011028004202608
0406011028049202608
0406011028051202608
0406011036004202608
0406011036049202608
0406011036051202608
0406011044004202608
0406011044049202608
0406011044051202608
0406011052004202608
0406011052049202608
0406011052051202608
0406011079004202608
0406011079049202608
0406011079051202608
0406011087004202608
0406011087049202608
0406011087051202608
0406011095004202608
0406011095049202608
0406011095051202608
0406011109004202608
0406011109006202608
0406011109049202608
0406011109051202608
0406011117004202608
0406011117049202608
0406011117051202608
0406011125004202608
0406011125006202608
0406011125049202608
0406011125051202608
0406011133004202608
0406011133006202608
0406011133049202608
0406011133051202608
0406011141004202608
0406011141049202608
0406011141051202608
0406011150004202608
0406011150049202608
0406011150051202608
0406011168004202608
0406011168049202608
0406011168051202608
0406011176004202608
0406011176049202608
0406011176051202608
0406011184004202608
0406011184049202608
0406011184051202608
0406011192004202608
0406011192049202608
0406011192051202608
0406011206001202608
0406011206004202608
0406011206006202608
0406011206049202608
0406011206051202608
0406011214001202608
0406011214004202608
0406011214006202608
0406011214042202608
0406011214049202608
0406011214051202608
0406011222001202608
0406011222004202608
0406011222006202608
0406011222042202608
0406011222049202608
0406011222051202608
0406011230001202608
0406011230004202608
0406011230006202608
0406011230049202608
0406011230051202608
0406011249001202608
0406011249004202608
0406011249006202608
0406011249049202608
0406011249051202608
0406011257001202608
0406011257004202608
0406011257049202608
0406011257051202608
0406011265001202608
0406011265004202608
0406011265006202608
0406011265042202608
0406011265049202608
0406011265051202608
0406011273001202608
0406011273004202608
0406011273006202608
0406011273042202608
0406011273049202608
0406011273051202608
0406011273058202608
0406011281001202608
0406011281004202608
0406011281006202608
0406011281042202608
0406011281049202608
0406011281051202608
0406011290001202608
0406011290004202608
0406011290006202608
0406011290042202608
0406011290049202608
0406011290051202608
0406011303001202608
0406011303004202608
0406011303006202608
0406011303042202608
0406011303049202608
0406011303051202608
0406011311001202608
0406011311004202608
0406011311006202608
0406011311042202608
0406011311049202608
0406011311051202608
0406011320001202608
0406011320004202608
0406011320006202608
0406011320042202608
0406011320049202608
0406011320051202608
0406011338001202608
0406011338004202608
0406011338006202608
0406011338042202608
0406011338049202608
0406011338051202608
0406011346001202608
0406011346004202608
0406011346006202608
0406011346042202608
0406011346049202608
0406011346051202608
0406011354001202608
0406011354004202608
0406011354006202608
0406011354042202608
0406011354049202608
0406011354051202608
0406011362001202608
0406011362004202608
0406011362006202608
0406011362042202608
0406011362049202608
0406011362051202608
0406011370001202608
0406011370004202608
0406011370006202608
0406011370042202608
0406011370049202608
0406011370051202608
0406011389001202608
0406011389004202608
0406011389006202608
0406011389042202608
0406011389049202608
0406011389051202608
0406011397001202608
0406011397004202608
0406011397006202608
0406011397042202608
0406011397049202608
0406011397051202608
0406011400001202608
0406011400004202608
0406011400006202608
0406011400042202608
0406011400049202608
0406011400051202608
0406011419001202608
0406011419004202608
0406011419006202608
0406011419042202608
0406011419049202608
0406011419051202608
0406011427001202608
0406011427004202608
0406011427006202608
0406011427042202608
0406011427049202608
0406011427051202608
0406011435001202608
0406011435004202608
0406011435006202608
0406011435042202608
0406011435049202608
0406011435051202608
0406011443001202608
0406011443004202608
0406011443006202608
0406011443042202608
0406011443049202608
0406011443051202608
0406011451001202608
0406011451004202608
0406011451006202608
0406011451042202608
0406011451049202608
0406011451051202608
0406011460001202608
0406011460004202608
0406011460006202608
0406011460042202608
0406011460049202608
0406011460051202608
0406011478001202608
0406011478004202608
0406011478006202608
0406011478042202608
0406011478049202608
0406011478051202608
0406011486001202608
0406011486004202608
0406011486006202608
0406011486042202608
0406011486049202608
0406011486051202608
0406011494001202608
0406011494004202608
0406011494006202608
0406011494042202608
0406011494049202608
0406011494051202608
0406011508001202608
0406011508004202608
0406011508006202608
0406011508042202608
0406011508049202608
0406011508051202608
0406011516001202608
0406011516004202608
0406011516006202608
0406011516042202608
0406011516049202608
0406011516051202608
0406020019001202608
0406020019004202608
0406020019049202608
0406020019051202608
0406020027001202608
0406020027004202608
0406020027049202608
0406020027051202608
0406020035001202608
0406020035004202608
0406020035049202608
0406020035051202608
0406020043001202608
0406020043004202608
0406020043049202608
0406020043051202608
0406020051001202608
0406020051004202608
0406020051006202608
0406020051049202608
0406020051051202608
0406020078001202608
0406020078004202608
0406020078017202608
0406020078049202608
0406020078051202608
0406020108001202608
0406020108004202608
0406020108049202608
0406020108051202608
0406020108059202608
0406020116001202608
0406020116004202608
0406020116049202608
0406020116051202608
0406020116059202608
0406020124001202608
0406020124004202608
0406020124049202608
0406020159001202608
0406020159049202608
0406020159051202608
0406020167001202608
0406020167004202608
0406020167049202608
0406020191001202608
0406020191004202608
0406020191049202608
0406020191051202608
0406020205001202608
0406020213001202608
0406020213004202608
0406020213049202608
0406020213051202608
0406020221001202608
0406020221004202608
0406020221049202608
0406020221051202608
0406020230001202608
0406020230004202608
0406020230049202608
0406020230051202608
0406020230059202608
0406020248001202608
0406020248004202608
0406020248049202608
0406020248051202608
0406020256001202608
0406020256004202608
0406020256049202608
0406020256051202608
0406020264001202608
0406020264004202608
0406020264049202608
0406020264051202608
0406020272001202608
0406020272004202608
0406020272049202608
0406020272051202608
0406020280001202608
0406020280004202608
0406020280049202608
0406020280051202608
0406020302001202608
0406020302004202608
0406020302049202608
0406020302051202608
0406020310001202608
0406020310004202608
0406020310049202608
0406020310051202608
0406020329001202608
0406020329004202608
0406020329049202608
0406020329051202608
0406020337001202608
0406020337004202608
0406020337049202608
0406020337051202608
0406020345001202608
0406020345004202608
0406020345049202608
0406020345051202608
0406020353001202608
0406020353004202608
0406020353049202608
0406020353051202608
0406020361001202608
0406020361004202608
0406020361049202608
0406020361051202608
0406020370001202608
0406020370004202608
0406020370049202608
0406020370051202608
0406020388001202608
0406020388004202608
0406020388049202608
0406020388051202608
0406020396001202608
0406020396004202608
0406020396049202608
0406020396051202608
0406020400001202608
0406020400004202608
0406020400049202608
0406020400051202608
0406020418001202608
0406020418004202608
0406020418049202608
0406020418051202608
0406020426001202608
0406020426004202608
0406020426049202608
0406020426051202608
0406020434001202608
0406020434004202608
0406020434049202608
0406020434051202608
0406020442001202608
0406020442004202608
0406020442049202608
0406020442051202608
0406020450001202608
0406020450004202608
0406020450049202608
0406020450051202608
0406020469001202608
0406020469004202608
0406020469049202608
0406020469051202608
0406020477001202608
0406020477004202608
0406020477049202608
0406020477051202608
0406020485001202608
0406020485004202608
0406020485049202608
0406020485051202608
0406020493001202608
0406020493004202608
0406020493049202608
0406020507001202608
0406020507004202608
0406020507049202608
0406020515001202608
0406020515004202608
0406020515049202608
0406020523001202608
0406020523004202608
0406020523049202608
0406020531001202608
0406020531004202608
0406020531049202608
0406020540001202608
0406020540004202608
0406020540049202608
0406020558001202608
0406020558004202608
0406020558049202608
0406020558051202608
0406020566001202608
0406020566004202608
0406020566049202608
0406020566051202608
0406020574001202608
0406020574004202608
0406020574049202608
0406020574051202608
0406020574059202608
0406020582001202608
0406020582004202608
0406020582006202608
0406020582049202608
0406020582051202608
0406020590001202608
0406020590004202608
0406020590049202608
0406020590051202608
0406020604001202608
0406020604004202608
0406020604049202608
0406020604051202608
0406020612001202608
0406020612017202608
0406020612049202608
0406030014001202608
0406030014004202608
0406030014006202608
0406030014049202608
0406030014051202608
0406030014052202608
0406030022001202608
0406030022004202608
0406030022006202608
0406030022049202608
0406030022051202608
0406030030001202608
0406030030004202608
0406030030006202608
0406030030049202608
0406030030051202608
0406030049001202608
0406030049004202608
0406030049006202608
0406030049049202608
0406030057001202608
0406030057004202608
0406030057006202608
0406030057049202608
0406030057051202608
0406030065001202608
0406030065004202608
0406030065006202608
0406030065049202608
0406030065051202608
0406030073001202608
0406030073006202608
0406030073049202608
0406030073051202608
0406030081001202608
0406030081006202608
0406030081049202608
0406030081051202608
0406030090001202608
0406030090004202608
0406030090006202608
0406030090049202608
0406030090051202608
0406030103001202608
0406030103004202608
0406030103006202608
0406030103049202608
0406030103051202608
0406030111001202608
0406030111006202608
0406030111049202608
0406030111051202608
0406030120001202608
0406030120006202608
0406030120049202608
0406030120051202608
0406030138001202608
0406030138004202608
0406030138006202608
0406030138049202608
0406030138051202608
0406030146001202608
0406030146006202608
0406030146049202608
0406030146051202608
0406030154001202608
0406030154004202608
0406030154006202608
0406030154049202608
0406030154051202608
0406030162001202608
0406030162004202608
0406030162006202608
0406030162049202608
0406040010004202608
0406040010049202608
0406040010051202608
0406040028001202608
0406040028004202608
0406040028006202608
0406040028049202608
0406040028051202608
0406040044001202608
0406040044004202608
0406040044006202608
0406040044049202608
0406040044051202608
0406040052001202608
0406040052004202608
0406040052006202608
0406040052049202608
0406040052051202608
0406040060001202608
0406040060004202608
0406040060006202608
0406040060049202608
0406040060051202608
0406040079004202608
0406040079049202608
0406040079051202608
0406040087001202608
0406040087004202608
0406040087006202608
0406040087049202608
0406040087051202608
0406040095001202608
0406040095004202608
0406040095006202608
0406040095049202608
0406040095051202608
0406040109004202608
0406040109006202608
0406040109049202608
0406040109051202608
0406040117004202608
0406040117049202608
0406040117051202608
0406040125004202608
0406040125006202608
0406040125049202608
0406040125051202608
0406040133001202608
0406040133004202608
0406040133006202608
0406040133049202608
0406040133051202608
0406040141004202608
0406040141006202608
0406040141017202608
0406040141049202608
0406040141051202608
0406040150001202608
0406040150004202608
0406040150006202608
0406040150049202608
0406040150051202608
0406040168001202608
0406040168004202608
0406040168006202608
0406040168049202608
0406040168051202608
0406040176001202608
0406040176004202608
0406040176006202608
0406040176049202608
0406040176051202608
0406040184001202608
0406040184004202608
0406040184049202608
0406040184051202608
0406040192001202608
0406040192004202608
0406040192049202608
0406040192051202608
0406040206001202608
0406040206004202608
0406040206049202608
0406040206051202608
0406040214001202608
0406040214004202608
0406040214049202608
0406040214051202608
0406040222001202608
0406040222004202608
0406040222049202608
0406040222051202608
0406040230001202608
0406040230004202608
0406040230049202608
0406040249001202608
0406040249004202608
0406040249049202608
0406040257001202608
0406040257004202608
0406040257049202608
0406040265001202608
0406040265004202608
0406040265006202608
0406040265049202608
0406040265051202608
0406040273001202608
0406040273004202608
0406040273049202608
0406040273051202608
0406040281001202608
0406040281004202608
0406040281049202608
0406040281051202608
0406040290001202608
0406040290004202608
0406040290049202608
0406040290051202608
0406040303001202608
0406040303004202608
0406040303049202608
0406040303051202608
0406040311001202608
0406040311004202608
0406040311049202608
0406040311051202608
0406040320001202608
0406040320004202608
0406040320049202608
0406040320051202608
0406040338001202608
0406040338004202608
0406040338049202608
0406040338051202608
0406050015004202608
0406050015006202608
0406050015049202608
0406050015051202608
0406050023004202608
0406050023006202608
0406050023049202608
0406050023051202608
0406050031004202608
0406050031006202608
0406050031049202608
0406050031051202608
0406050040001202608
0406050040004202608
0406050040006202608
0406050040049202608
0406050040051202608
0406050058004202608
0406050058006202608
0406050058049202608
0406050058051202608
0406050066004202608
0406050066006202608
0406050066049202608
0406050066051202608
0406050074004202608
0406050074006202608
0406050074049202608
0406050074051202608
0406050082004202608
0406050082006202608
0406050082049202608
0406050082051202608
0406050090001202608
0406050090004202608
0406050090049202608
0406050090051202608
0406050104004202608
0406050104006202608
0406050104049202608
0406050104051202608
0406050112001202608
0406050112004202608
0406050112006202608
0406050112049202608
0406050112051202608
0406050120004202608
0406050120006202608
0406050120049202608
0406050120051202608
0406050139004202608
0406050139006202608
0406050139049202608
0406050139051202608
0407010017001202608
0407010017004202608
0407010017049202608
0407010017051202608
0407010033001202608
0407010033004202608
0407010033049202608
0407010033051202608
0407010041001202608
0407010041004202608
0407010041049202608
0407010041051202608
0407010050001202608
0407010050004202608
0407010050049202608
0407010050051202608
0407010068001202608
0407010068004202608
0407010068049202608
0407010068051202608
0407010076001202608
0407010076004202608
0407010076049202608
0407010076051202608
0407010084001202608
0407010084004202608
0407010084049202608
0407010084051202608
0407010092001202608
0407010092004202608
0407010092049202608
0407010092051202608
0407010106001202608
0407010106004202608
0407010106049202608
0407010106051202608
0407010114001202608
0407010114004202608
0407010114049202608
0407010114051202608
0407010122001202608
0407010122004202608
0407010122017202608
0407010122049202608
0407010122051202608
0407010130001202608
0407010130004202608
0407010130049202608
0407010130051202608
0407010149001202608
0407010149004202608
0407010149049202608
0407010149051202608
0407010157001202608
0407010157004202608
0407010157049202608
0407010157051202608
0407010165001202608
0407010165004202608
0407010165049202608
0407010165051202608
0407010165059202608
0407010173001202608
0407010173004202608
0407010173017202608
0407010173049202608
0407010173051202608
0407010181001202608
0407010181004202608
0407010181017202608
0407010181049202608
0407010181051202608
0407010190001202608
0407010190004202608
0407010190049202608
0407010203001202608
0407010203004202608
0407010203049202608
0407010211001202608
0407010211004202608
0407010211049202608
0407010211051202608
0407010211059202608
0407010220001202608
0407010220004202608
0407010220049202608
0407010220051202608
0407010220059202608
0407010238001202608
0407010238004202608
0407010238049202608
0407010238051202608
0407010238059202608
0407010254058202608
0407010254065202608
0407010270001202608
0407010270004202608
0407010270049202608
0407010270051202608
0407010289001202608
0407010289004202608
0407010289049202608
0407010289051202608
0407010297001202608
0407010297004202608
0407010297049202608
0407010297051202608
0407010300001202608
0407010300004202608
0407010300049202608
0407010300051202608
0407010319001202608
0407010335001202608
0407010335004202608
0407010335049202608
0407010335051202608
0407010343001202608
0407010343004202608
0407010343049202608
0407010343051202608
0407010343059202608
0407010351001202608
0407010351004202608
0407010351049202608
0407010351051202608
0407010360001202608
0407010360004202608
0407010360017202608
0407010360049202608
0407010360051202608
0407010378001202608
0407010378004202608
0407010378049202608
0407010378051202608
0407010386001202608
0407010386004202608
0407010386049202608
0407010386051202608
0407020012001202608
0407020012004202608
0407020012049202608
0407020012051202608
0407020020001202608
0407020020004202608
0407020020049202608
0407020020051202608
0407020039001202608
0407020039004202608
0407020039049202608
0407020047001202608
0407020047004202608
0407020047049202608
0407020055001202608
0407020063001202608
0407020063004202608
0407020063049202608
0407020063051202608
0407020071001202608
0407020071004202608
0407020071049202608
0407020071051202608
0407020080001202608
0407020080004202608
0407020080049202608
0407020080051202608
0407020098001202608
0407020098004202608
0407020098049202608
0407020101001202608
0407020101004202608
0407020101049202608
0407020110001202608
0407020110004202608
0407020110049202608
0407020110051202608
0407020110059202608
0407020136001202608
0407020136004202608
0407020136049202608
0407020144001202608
0407020144004202608
0407020144049202608
0407020144051202608
0407020152001202608
0407020152004202608
0407020152049202608
0407020152051202608
0407020179001202608
0407020179004202608
0407020179049202608
0407020179051202608
0407020187001202608
0407020187004202608
0407020187049202608
0407020187051202608
0407020187059202608
0407020195001202608
0407020195004202608
0407020195049202608
0407020195051202608
0407020195059202608
0407020209001202608
0407020209004202608
0407020209049202608
0407020217001202608
0407020217004202608
0407020217049202608
0407020217051202608
0407020217059202608
0407020225001202608
0407020225004202608
0407020225049202608
0407020225051202608
0407020225052202608
0407020225059202608
0407020233001202608
0407020233004202608
0407020233049202608
0407020233051202608
0407020241001202608
0407020241004202608
0407020241049202608
0407020241051202608
0407020241059202608
0407020250001202608
0407020250004202608
0407020250049202608
0407020250051202608
0407020250059202608
0407020268001202608
0407020268004202608
0407020268049202608
0407020268051202608
0407020268059202608
0407020276001202608
0407020276004202608
0407020276049202608
0407020276051202608
0407020276059202608
0407020284001202608
0407020284004202608
0407020284049202608
0407020284051202608
0407020284059202608
0407020292001202608
0407020292004202608
0407020292049202608
0407020292051202608
0407020306001202608
0407020306004202608
0407020306049202608
0407020322001202608
0407020322004202608
0407020322049202608
0407020322051202608
0407020330001202608
0407020330004202608
0407020330049202608
0407020330051202608
0407020349001202608
0407020349004202608
0407020349049202608
0407020349051202608
0407020357001202608
0407020357004202608
0407020357049202608
0407020357051202608
0407020357059202608
0407020365001202608
0407020365004202608
0407020365049202608
0407020381001202608
0407020381004202608
0407020381049202608
0407020390058202608
0407020390065202608
0407020403001202608
0407020403004202608
0407020403049202608
0407020403051202608
0407020411001202608
0407020411004202608
0407020411049202608
0407020411051202608
0407020420001202608
0407020420004202608
0407020420049202608
0407020420051202608
0407020438001202608
0407020438004202608
0407020438049202608
0407020438051202608
0407020446001202608
0407020446004202608
0407020446049202608
0407020454001202608
0407020454004202608
0407020454049202608
0407020454051202608
0407020462001202608
0407020462004202608
0407020462049202608
0407020462051202608
0407020470001202608
0407020470004202608
0407020470049202608
0407020470051202608
0407030018001202608
0407030018004202608
0407030018049202608
0407030018051202608
0407030026001202608
0407030026004202608
0407030026049202608
0407030026051202608
0407030034001202608
0407030034004202608
0407030034049202608
0407030034051202608
0407030034059202608
0407030042001202608
0407030042004202608
0407030042049202608
0407030042051202608
0407030042059202608
0407030050001202608
0407030050004202608
0407030050049202608
0407030050051202608
0407030069001202608
0407030069004202608
0407030069049202608
0407030069051202608
0407030077001202608
0407030077004202608
0407030077049202608
0407030077051202608
0407030085009202608
0407030093009202608
0407030107009202608
0407030115009202608
0407030123001202608
0407030123004202608
0407030123049202608
0407030123051202608
0407030131001202608
0407030131004202608
0407030131049202608
0407030131051202608
0407030140001202608
0407030140004202608
0407030140049202608
0407030158001202608
0407030158004202608
0407030158049202608
0407030166001202608
0407030166004202608
0407030166049202608
0407030166051202608
0407030174001202608
0407030174004202608
0407030174049202608
0407030174051202608
0407030182001202608
0407030182004202608
0407030182049202608
0407030182051202608
0407030190001202608
0407030190004202608
0407030190049202608
0407030190051202608
0407030204001202608
0407030204004202608
0407030204049202608
0407030204051202608
0407030212001202608
0407030212004202608
0407030212049202608
0407030212051202608
0407030220001202608
0407030220004202608
0407030220049202608
0407030220051202608
0407030239009202608
0407030247001202608
0407030247004202608
0407030247049202608
0407030247051202608
0407030247059202608
0407030255001202608
0407030255004202608
0407030255049202608
0407030255051202608
0407040013001202608
0407040013004202608
0407040013049202608
0407040021001202608
0407040021004202608
0407040021049202608
0407040030001202608
0407040030004202608
0407040030049202608
0407040048001202608
0407040048004202608
0407040048049202608
0407040048051202608
0407040048059202608
0407040056001202608
0407040056004202608
0407040056049202608
0407040056051202608
0407040056059202608
0407040064001202608
0407040064004202608
0407040064049202608
0407040064051202608
0407040064059202608
0407040072001202608
0407040072004202608
0407040072049202608
0407040072051202608
0407040072059202608
0407040080001202608
0407040080004202608
0407040080049202608
0407040080051202608
0407040080059202608
0407040099001202608
0407040099004202608
0407040099049202608
0407040099051202608
0407040099059202608
0407040102001202608
0407040102004202608
0407040102049202608
0407040102051202608
0407040102059202608
0407040110001202608
0407040110004202608
0407040110049202608
0407040110051202608
0407040110059202608
0407040129001202608
0407040129004202608
0407040129049202608
0407040129051202608
0407040129059202608
0407040137001202608
0407040137004202608
0407040137049202608
0407040137051202608
0407040145001202608
0407040145004202608
0407040145049202608
0407040153001202608
0407040153004202608
0407040153049202608
0407040153051202608
0407040153059202608
0407040161001202608
0407040161004202608
0407040161049202608
0407040161051202608
0407040170001202608
0407040170004202608
0407040170049202608
0407040170051202608
0407040170059202608
0407040188001202608
0407040188004202608
0407040188049202608
0407040200001202608
0407040200004202608
0407040200049202608
0407040200051202608
0407040218005202608
0407040226001202608
0407040226004202608
0407040226049202608
0407040226051202608
0407040226059202608
0407040234001202608
0407040234004202608
0407040234049202608
0407040234051202608
0407040242001202608
0407040242004202608
0407040242049202608
0407040250001202608
0407040250004202608
0407040250049202608
0407040269001202608
0407040269004202608
0407040269049202608
0407040269051202608
0408010010001202608
0408010010004202608
0408010010006202608
0408010010049202608
0408010010051202608
0408010029001202608
0408010029004202608
0408010029049202608
0408010029051202608
0408010037001202608
0408010037004202608
0408010037006202608
0408010037049202608
0408010037051202608
0408010045001202608
0408010045004202608
0408010045049202608
0408010045051202608
0408010053001202608
0408010053004202608
0408010053006202608
0408010053049202608
0408010053051202608
0408010061001202608
0408010061004202608
0408010061049202608
0408010061051202608
0408010070001202608
0408010070004202608
0408010070049202608
0408010070051202608
0408010088001202608
0408010088004202608
0408010088006202608
0408010088049202608
0408010088051202608
0408010096001202608
0408010096004202608
0408010096049202608
0408010096051202608
0408010100001202608
0408010100004202608
0408010100049202608
0408010100051202608
0408010118001202608
0408010118004202608
0408010118049202608
0408010118051202608
0408010118059202608
0408010134001202608
0408010134004202608
0408010134049202608
0408010142001202608
0408010142004202608
0408010142049202608
0408010142051202608
0408010150001202608
0408010150004202608
0408010150049202608
0408010169001202608
0408010169004202608
0408010169049202608
0408010177001202608
0408010177004202608
0408010177049202608
0408010185001202608
0408010185004202608
0408010185049202608
0408010185051202608
0408010185059202608
0408010193001202608
0408010193004202608
0408010193049202608
0408010193051202608
0408010193059202608
0408010207001202608
0408010207004202608
0408010207049202608
0408010207051202608
0408010207059202608
0408010215001202608
0408010215004202608
0408010215049202608
0408010215051202608
0408010223001202608
0408010223004202608
0408010223049202608
0408010223051202608
0408010231001202608
0408010231049202608
0408010231051202608
0408020016001202608
0408020016004202608
0408020016049202608
0408020024001202608
0408020024004202608
0408020024049202608
0408020032001202608
0408020032004202608
0408020032049202608
0408020032051202608
0408020040001202608
0408020040004202608
0408020040049202608
0408020040051202608
0408020040059202608
0408020059001202608
0408020059004202608
0408020059049202608
0408020059051202608
0408020067001202608
0408020067004202608
0408020067049202608
0408020067051202608
0408020075001202608
0408020075004202608
0408020075049202608
0408020075051202608
0408020083001202608
0408020083004202608
0408020083006202608
0408020083049202608
0408020083051202608
0408020091001202608
0408020091004202608
0408020091049202608
0408020091051202608
0408020105001202608
0408020105004202608
0408020105049202608
0408020121001202608
0408020121004202608
0408020121049202608
0408020121051202608
0408020121059202608
0408020130001202608
0408020130004202608
0408020130049202608
0408020130051202608
0408020130059202608
0408020148001202608
0408020148004202608
0408020148049202608
0408020148051202608
0408020148059202608
0408020156004202608
0408020164004202608
0408020172004202608
0408020180004202608
0408020199004202608
0408020202004202608
0408020210004202608
0408020229004202608
0408020245001202608
0408020245004202608
0408020245049202608
0408020253001202608
0408020253004202608
0408020253049202608
0408020261001202608
0408020261004202608
0408020261049202608
0408020270001202608
0408020270004202608
0408020270049202608
0408020288001202608
0408020288004202608
0408020288006202608
0408020288049202608
0408020296001202608
0408020296004202608
0408020296049202608
0408020300001202608
0408020300004202608
0408020300049202608
0408020318001202608
0408020318004202608
0408020318049202608
0408020326001202608
0408020326004202608
0408020326049202608
0408020334001202608
0408020334004202608
0408020334049202608
0408020342001202608
0408020342004202608
0408020342049202608
0408020350001202608
0408020350004202608
0408020350049202608
0408020369001202608
0408020369004202608
0408020369049202608
0408020377001202608
0408020377004202608
0408020377049202608
0408020385001202608
0408020385004202608
0408020385049202608
0408020393001202608
0408020393004202608
0408020393049202608
0408020407001202608
0408020407004202608
0408020407049202608
0408020415001202608
0408020415004202608
0408020415049202608
0408020423001202608
0408020423004202608
0408020423049202608
0408020431001202608
0408020431004202608
0408020431049202608
0408020440001202608
0408020440004202608
0408020440049202608
0408020458001202608
0408020458004202608
0408020458049202608
0408020466001202608
0408020466004202608
0408020466049202608
0408020474001202608
0408020474004202608
0408020474049202608
0408020474051202608
0408020474059202608
0408020482001202608
0408020482004202608
0408020482049202608
0408020482051202608
0408020482059202608
0408020490001202608
0408020490004202608
0408020490049202608
0408020490051202608
0408020490059202608
0408020504001202608
0408020504004202608
0408020504049202608
0408020504051202608
0408020512001202608
0408020512004202608
0408020512049202608
0408020520001202608
0408020520004202608
0408020520049202608
0408020539001202608
0408020539004202608
0408020539049202608
0408020547001202608
0408020547004202608
0408020547049202608
0408020555001202608
0408020555004202608
0408020555049202608
0408020555051202608
0408020555059202608
0408020563001202608
0408020563004202608
0408020563049202608
0408020563051202608
0408020571001202608
0408020571004202608
0408020571049202608
0408020571051202608
0408020580001202608
0408020580004202608
0408020580049202608
0408020580051202608
0408020580059202608
0408020598001202608
0408020598004202608
0408020598051202608
0408020601001202608
0408020601004202608
0408020601049202608
0408020601051202608
0408020601059202608
0408020610001202608
0408020610004202608
0408020610049202608
0408020610051202608
0408020610059202608
0408020628001202608
0408020628004202608
0408020628049202608
0408020628051202608
0408020636001202608
0408020636004202608
0408020636049202608
0408020636051202608
0408020636059202608
0408020644001202608
0408020644004202608
0408020644049202608
0408020644051202608
0408030011001202608
0408030011004202608
0408030011006202608
0408030011049202608
0408030011051202608
0408030020001202608
0408030020004202608
0408030020006202608
0408030020049202608
0408030020051202608
0408030038001202608
0408030038004202608
0408030038006202608
0408030038049202608
0408030038051202608
0408030046001202608
0408030046004202608
0408030046006202608
0408030046049202608
0408030046051202608
0408030054001202608
0408030054004202608
0408030054006202608
0408030054049202608
0408030054051202608
0408030062001202608
0408030062004202608
0408030062006202608
0408030062049202608
0408030062051202608
0408030070001202608
0408030070004202608
0408030070006202608
0408030070049202608
0408030070051202608
0408030089001202608
0408030089004202608
0408030089006202608
0408030089049202608
0408030089051202608
0408030097001202608
0408030097004202608
0408030097006202608
0408030097049202608
0408030097051202608
0408030100001202608
0408030100004202608
0408030100006202608
0408030100049202608
0408030100051202608
0408030119001202608
0408030119004202608
0408030119006202608
0408030119049202608
0408030119051202608
0408030127001202608
0408030127004202608
0408030127006202608
0408030127049202608
0408030127051202608
0408030135001202608
0408030135004202608
0408030135006202608
0408030135049202608
0408030135051202608
0408030143001202608
0408030143004202608
0408030143006202608
0408030143049202608
0408030143051202608
0408030151001202608
0408030151004202608
0408030151006202608
0408030151049202608
0408030151051202608
0408030160001202608
0408030160004202608
0408030160006202608
0408030160049202608
0408030160051202608
0408030178001202608
0408030178004202608
0408030178006202608
0408030178049202608
0408030178051202608
0408030186001202608
0408030186004202608
0408030186006202608
0408030186049202608
0408030186051202608
0408030194001202608
0408030194004202608
0408030194006202608
0408030194049202608
0408030194051202608
0408030208001202608
0408030208004202608
0408030208006202608
0408030208049202608
0408030208051202608
0408030216001202608
0408030216004202608
0408030216006202608
0408030216049202608
0408030216051202608
0408030224001202608
0408030224004202608
0408030224006202608
0408030224049202608
0408030224051202608
0408030232001202608
0408030232004202608
0408030232006202608
0408030232049202608
0408030232051202608
0408030240001202608
0408030240004202608
0408030240006202608
0408030240049202608
0408030240051202608
0408030259001202608
0408030259004202608
0408030259006202608
0408030259049202608
0408030259051202608
0408030267001202608
0408030267004202608
0408030267006202608
0408030267049202608
0408030267051202608
0408030275001202608
0408030275004202608
0408030275006202608
0408030275049202608
0408030275051202608
0408030283001202608
0408030283004202608
0408030283006202608
0408030283049202608
0408030283051202608
0408030291001202608
0408030291004202608
0408030291006202608
0408030291049202608
0408030291051202608
0408030305001202608
0408030305004202608
0408030305006202608
0408030305049202608
0408030305051202608
0408030313001202608
0408030313004202608
0408030313006202608
0408030313049202608
0408030313051202608
0408030321001202608
0408030321004202608
0408030321006202608
0408030321049202608
0408030321051202608
0408030330001202608
0408030330004202608
0408030330006202608
0408030330049202608
0408030330051202608
0408030348001202608
0408030348004202608
0408030348049202608
0408030348051202608
0408030356001202608
0408030356004202608
0408030356006202608
0408030356049202608
0408030356051202608
0408030364001202608
0408030364004202608
0408030364006202608
0408030364049202608
0408030364051202608
0408030372001202608
0408030372004202608
0408030372006202608
0408030372049202608
0408030372051202608
0408030380001202608
0408030380004202608
0408030380006202608
0408030380049202608
0408030380051202608
0408030399001202608
0408030399004202608
0408030399049202608
0408030399051202608
0408030402001202608
0408030402004202608
0408030402049202608
0408030402051202608
0408030410001202608
0408030410004202608
0408030410006202608
0408030410049202608
0408030410051202608
0408030429001202608
0408030429004202608
0408030429006202608
0408030429049202608
0408030429051202608
0408030437001202608
0408030437004202608
0408030437049202608
0408030437051202608
0408030445001202608
0408030445004202608
0408030445049202608
0408030445051202608
0408030453001202608
0408030453004202608
0408030453006202608
0408030453049202608
0408030453051202608
0408030461001202608
0408030461004202608
0408030461006202608
0408030461049202608
0408030461051202608
0408030470001202608
0408030470004202608
0408030470049202608
0408030500001202608
0408030500004202608
0408030500006202608
0408030500049202608
0408030500051202608
0408030518001202608
0408030518004202608
0408030518006202608
0408030518049202608
0408030518051202608
0408030526001202608
0408030526004202608
0408030526049202608
0408030526051202608
0408030526059202608
0408030534001202608
0408030534004202608
0408030534049202608
0408030534051202608
0408030542001202608
0408030542004202608
0408030542049202608
0408030542051202608
0408030550001202608
0408030550004202608
0408030550006202608
0408030550049202608
0408030550051202608
0408030569001202608
0408030569004202608
0408030569006202608
0408030569049202608
0408030569051202608
0408030577001202608
0408030577004202608
0408030577006202608
0408030577049202608
0408030577051202608
0408030585001202608
0408030585004202608
0408030585006202608
0408030585049202608
0408030585051202608
0408030593001202608
0408030593004202608
0408030593006202608
0408030593049202608
0408030593051202608
0408030607001202608
0408030607004202608
0408030607049202608
0408030607051202608
0408030615001202608
0408030615004202608
0408030615006202608
0408030615049202608
0408030615051202608
0408030623001202608
0408030623004202608
0408030623006202608
0408030623049202608
0408030623051202608
0408030631001202608
0408030631004202608
0408030631006202608
0408030631049202608
0408030631051202608
0408030640001202608
0408030640004202608
0408030640006202608
0408030640049202608
0408030640051202608
0408030658001202608
0408030658004202608
0408030658006202608
0408030658049202608
0408030658051202608
0408030666001202608
0408030666004202608
0408030666006202608
0408030666049202608
0408030666051202608
0408030674001202608
0408030674004202608
0408030674006202608
0408030674049202608
0408030674051202608
0408030682001202608
0408030682004202608
0408030682006202608
0408030682049202608
0408030682051202608
0408030690001202608
0408030690004202608
0408030690006202608
0408030690049202608
0408030690051202608
0408030704001202608
0408030704004202608
0408030704006202608
0408030704049202608
0408030704051202608
0408030712001202608
0408030712004202608
0408030712006202608
0408030712049202608
0408030712051202608
0408030720001202608
0408030720004202608
0408030720006202608
0408030720049202608
0408030720051202608
0408030739001202608
0408030739004202608
0408030739006202608
0408030739049202608
0408030739051202608
0408030747001202608
0408030747004202608
0408030747006202608
0408030747049202608
0408030747051202608
0408030755001202608
0408030755004202608
0408030755049202608
0408030755051202608
0408030763001202608
0408030763004202608
0408030763006202608
0408030763049202608
0408030763051202608
0408030771001202608
0408030771004202608
0408030771006202608
0408030771049202608
0408030771051202608
0408030780001202608
0408030780004202608
0408030780006202608
0408030780049202608
0408030780051202608
0408030798001202608
0408030798004202608
0408030798006202608
0408030798049202608
0408030798051202608
0408030801001202608
0408030801004202608
0408030801006202608
0408030801049202608
0408030801051202608
0408030810001202608
0408030810004202608
0408030810006202608
0408030810049202608
0408030810051202608
0408030828001202608
0408030828004202608
0408030828006202608
0408030828049202608
0408030828051202608
0408030836001202608
0408030836004202608
0408030836006202608
0408030836049202608
0408030836051202608
0408030844001202608
0408030844004202608
0408030844006202608
0408030844049202608
0408030844051202608
0408030852001202608
0408030852004202608
0408030852006202608
0408030852049202608
0408030852051202608
0408030860001202608
0408030860004202608
0408030860006202608
0408030860049202608
0408030860051202608
0408030879001202608
0408030879004202608
0408030879006202608
0408030879049202608
0408030879051202608
0408030887001202608
0408030887004202608
0408030887006202608
0408030887049202608
0408030887051202608
0408030895001202608
0408030895004202608
0408030895006202608
0408030895049202608
0408030895051202608
0408030909001202608
0408030909004202608
0408030909006202608
0408030909049202608
0408030909051202608
0408030917001202608
0408030917004202608
0408030917006202608
0408030917049202608
0408030917051202608
0408040017001202608
0408040017004202608
0408040017049202608
0408040017051202608
0408040025001202608
0408040025004202608
0408040025049202608
0408040025051202608
0408040033001202608
0408040033004202608
0408040033049202608
0408040033051202608
0408040041001202608
0408040041004202608
0408040041006202608
0408040041049202608
0408040041051202608
0408040050001202608
0408040050004202608
0408040050049202608
0408040050051202608
0408040068001202608
0408040068004202608
0408040068006202608
0408040068049202608
0408040068051202608
0408040076001202608
0408040076004202608
0408040076006202608
0408040076049202608
0408040076051202608
0408040084001202608
0408040084004202608
0408040084049202608
0408040084051202608
0408040092001202608
0408040092004202608
0408040092006202608
0408040092049202608
0408040092051202608
0408040106001202608
0408040106004202608
0408040106049202608
0408040114001202608
0408040114004202608
0408040114006202608
0408040114049202608
0408040122001202608
0408040122004202608
0408040122049202608
0408040122051202608
0408040122059202608
0408040130001202608
0408040130004202608
0408040130049202608
0408040130051202608
0408040130059202608
0408040149001202608
0408040149004202608
0408040149049202608
0408040149051202608
0408040157001202608
0408040157004202608
0408040157006202608
0408040157049202608
0408040157051202608
0408040165001202608
0408040165004202608
0408040165049202608
0408040165051202608
0408040173001202608
0408040173004202608
0408040173049202608
0408040173051202608
0408040181001202608
0408040181004202608
0408040181049202608
0408040181051202608
0408040181059202608
0408040190001202608
0408040190004202608
0408040190049202608
0408040203001202608
0408040203004202608
0408040203049202608
0408040220001202608
0408040220006202608
0408040220049202608
0408040220051202608
0408040238001202608
0408040238004202608
0408040238049202608
0408040246001202608
0408040246004202608
0408040246049202608
0408040254001202608
0408040254004202608
0408040254006202608
0408040254049202608
0408040262001202608
0408040262004202608
0408040262049202608
0408040262051202608
0408040270001202608
0408040270004202608
0408040270049202608
0408040289001202608
0408040289004202608
0408040289006202608
0408040289049202608
0408040297001202608
0408040297004202608
0408040297049202608
0408040300001202608
0408040300004202608
0408040300049202608
0408040319001202608
0408040319004202608
0408040319006202608
0408040319049202608
0408040327001202608
0408040327004202608
0408040327049202608
0408040327051202608
0408040335001202608
0408040335004202608
0408040335049202608
0408040343001202608
0408040343004202608
0408040343049202608
0408050012001202608
0408050012004202608
0408050012049202608
0408050020001202608
0408050020004202608
0408050020049202608
0408050039001202608
0408050039004202608
0408050039049202608
0408050039051202608
0408050047001202608
0408050047004202608
0408050047006202608
0408050047049202608
0408050047051202608
0408050055001202608
0408050055004202608
0408050055006202608
0408050055049202608
0408050055051202608
0408050063001202608
0408050063004202608
0408050063006202608
0408050063049202608
0408050063051202608
0408050071001202608
0408050071004202608
0408050071006202608
0408050071049202608
0408050071051202608
0408050080001202608
0408050080004202608
0408050080049202608
0408050101001202608
0408050101004202608
0408050101049202608
0408050101051202608
0408050101059202608
0408050110001202608
0408050110004202608
0408050110049202608
0408050110051202608
0408050128001202608
0408050128004202608
0408050128049202608
0408050128051202608
0408050128059202608
0408050136001202608
0408050136004202608
0408050136049202608
0408050136051202608
0408050144001202608
0408050144004202608
0408050144049202608
0408050144051202608
0408050144059202608
0408050152001202608
0408050152004202608
0408050152049202608
0408050152051202608
0408050152059202608
0408050160001202608
0408050160004202608
0408050160049202608
0408050160051202608
0408050179001202608
0408050179004202608
0408050179049202608
0408050179051202608
0408050195004202608
0408050209004202608
0408050217004202608
0408050225004202608
0408050233004202608
0408050241004202608
0408050250004202608
0408050268001202608
0408050268004202608
0408050268049202608
0408050276001202608
0408050276004202608
0408050276049202608
0408050284001202608
0408050284004202608
0408050284049202608
0408050292001202608
0408050292004202608
0408050292049202608
0408050306001202608
0408050306004202608
0408050306049202608
0408050314001202608
0408050314004202608
0408050314049202608
0408050322001202608
0408050322004202608
0408050322049202608
0408050322051202608
0408050322059202608
0408050330001202608
0408050330004202608
0408050330049202608
0408050330051202608
0408050330052202608
0408050330059202608
0408050349001202608
0408050349004202608
0408050349049202608
0408050349051202608
0408050349059202608
0408050357001202608
0408050357004202608
0408050357049202608
0408050357051202608
0408050357059202608
0408050365001202608
0408050365004202608
0408050365049202608
0408050365051202608
0408050365059202608
0408050373001202608
0408050373004202608
0408050373049202608
0408050373051202608
0408050373059202608
0408050381001202608
0408050381004202608
0408050381049202608
0408050381051202608
0408050390001202608
0408050390004202608
0408050390049202608
0408050390051202608
0408050390059202608
0408050403001202608
0408050403004202608
0408050403049202608
0408050403051202608
0408050411001202608
0408050411004202608
0408050411049202608
0408050411051202608
0408050420001202608
0408050420004202608
0408050420049202608
0408050420051202608
0408050438001202608
0408050438004202608
0408050438049202608
0408050438051202608
0408050446001202608
0408050446004202608
0408050446049202608
0408050446051202608
0408050446059202608
0408050454001202608
0408050454004202608
0408050454049202608
0408050462001202608
0408050462004202608
0408050462049202608
0408050470001202608
0408050470004202608
0408050470049202608
0408050489001202608
0408050489004202608
0408050489049202608
0408050497001202608
0408050497004202608
0408050497049202608
0408050500001202608
0408050500004202608
0408050500049202608
0408050519001202608
0408050519004202608
0408050519049202608
0408050527001202608
0408050527004202608
0408050527049202608
0408050535001202608
0408050535004202608
0408050535049202608
0408050543001202608
0408050543004202608
0408050543049202608
0408050551001202608
0408050551004202608
0408050551049202608
0408050560001202608
0408050560004202608
0408050560049202608
0408050578001202608
0408050578004202608
0408050578049202608
0408050586001202608
0408050586004202608
0408050586049202608
0408050594001202608
0408050594004202608
0408050594049202608
0408050608001202608
0408050608004202608
0408050608049202608
0408050616001202608
0408050616004202608
0408050616049202608
0408050624001202608
0408050624004202608
0408050624049202608
0408050632001202608
0408050632004202608
0408050632049202608
0408050640001202608
0408050640004202608
0408050640049202608
0408050640051202608
0408050640059202608
0408050659001202608
0408050659004202608
0408050659049202608
0408050659051202608
0408050659059202608
0408050667001202608
0408050667004202608
0408050667049202608
0408050667051202608
0408050675001202608
0408050675004202608
0408050675049202608
0408050675051202608
0408050683001202608
0408050683004202608
0408050683049202608
0408050691001202608
0408050691004202608
0408050691049202608
0408050705001202608
0408050705004202608
0408050705049202608
0408050713001202608
0408050713004202608
0408050713049202608
0408050721001202608
0408050721004202608
0408050721049202608
0408050721051202608
0408050730001202608
0408050730004202608
0408050730049202608
0408050730051202608
0408050748001202608
0408050748004202608
0408050748049202608
0408050748051202608
0408050756001202608
0408050756004202608
0408050756006202608
0408050756049202608
0408050756051202608
0408050764001202608
0408050764004202608
0408050764049202608
0408050764051202608
0408050764059202608
0408050772001202608
0408050772004202608
0408050772049202608
0408050772051202608
0408050780001202608
0408050780004202608
0408050780049202608
0408050780051202608
0408050780059202608
0408050799001202608
0408050799004202608
0408050799049202608
0408050799051202608
0408050802001202608
0408050802004202608
0408050802049202608
0408050802051202608
0408050810001202608
0408050810004202608
0408050810049202608
0408050810051202608
0408050829001202608
0408050829004202608
0408050829049202608
0408050829051202608
0408050829059202608
0408050837001202608
0408050837004202608
0408050837049202608
0408050837051202608
0408050845001202608
0408050845004202608
0408050845049202608
0408050845051202608
0408050845059202608
0408050853001202608
0408050853004202608
0408050853006202608
0408050853049202608
0408050853051202608
0408050861001202608
0408050861004202608
0408050861049202608
0408050861051202608
0408050861059202608
0408050870001202608
0408050870004202608
0408050870049202608
0408050870051202608
0408050888001202608
0408050888004202608
0408050888049202608
0408050888051202608
0408050888059202608
0408050896001202608
0408050896004202608
0408050896049202608
0408050896051202608
0408050900001202608
0408050900004202608
0408050900049202608
0408050900051202608
0408050900059202608
0408050918001202608
0408050918004202608
0408050918049202608
0408050918051202608
0408050918059202608
0408050926001202608
0408050926004202608
0408050926049202608
0408050926051202608
0408050926059202608
0408060018001202608
0408060018004202608
0408060018049202608
0408060018051202608
0408060018059202608
0408060026001202608
0408060026004202608
0408060026006202608
0408060026049202608
0408060026051202608
0408060034001202608
0408060034004202608
0408060034006202608
0408060034049202608
0408060034051202608
0408060042001202608
0408060042004202608
0408060042049202608
0408060050001202608
0408060050004202608
0408060050049202608
0408060050051202608
0408060069001202608
0408060069004202608
0408060069049202608
0408060069051202608
0408060077001202608
0408060077004202608
0408060077049202608
0408060077051202608
0408060077059202608
0408060085001202608
0408060085004202608
0408060085049202608
0408060085051202608
0408060085052202608
0408060085059202608
0408060093001202608
0408060093004202608
0408060093049202608
0408060093051202608
0408060107001202608
0408060107004202608
0408060107049202608
0408060107051202608
0408060115001202608
0408060115004202608
0408060115049202608
0408060115051202608
0408060123001202608
0408060123004202608
0408060123049202608
0408060123051202608
0408060123059202608
0408060131001202608
0408060131004202608
0408060131049202608
0408060131051202608
0408060140001202608
0408060140004202608
0408060140049202608
0408060140051202608
0408060140059202608
0408060158001202608
0408060158004202608
0408060158049202608
0408060158051202608
0408060158059202608
0408060166001202608
0408060166049202608
0408060166051202608
0408060166059202608
0408060174001202608
0408060174004202608
0408060174049202608
0408060174051202608
0408060174059202608
0408060182001202608
0408060182004202608
0408060182049202608
0408060182051202608
0408060182059202608
0408060190001202608
0408060190004202608
0408060190049202608
0408060190051202608
0408060190059202608
0408060204001202608
0408060204004202608
0408060204049202608
0408060204051202608
0408060204059202608
0408060212001202608
0408060212004202608
0408060212049202608
0408060212051202608
0408060212052202608
0408060212059202608
0408060239001202608
0408060239004202608
0408060239006202608
0408060239049202608
0408060239051202608
0408060247001202608
0408060247004202608
0408060247049202608
0408060247051202608
0408060255001202608
0408060255004202608
0408060255006202608
0408060255049202608
0408060255051202608
0408060263001202608
0408060263004202608
0408060263006202608
0408060263049202608
0408060263051202608
0408060271001202608
0408060271004202608
0408060271049202608
0408060271051202608
0408060280001202608
0408060280004202608
0408060280049202608
0408060280051202608
0408060298001202608
0408060298004202608
0408060298006202608
0408060298049202608
0408060298051202608
0408060301001202608
0408060301004202608
0408060301049202608
0408060301051202608
0408060301052202608
0408060301059202608
0408060310001202608
0408060310004202608
0408060310049202608
0408060310051202608
0408060310059202608
0408060328001202608
0408060328049202608
0408060328051202608
0408060328059202608
0408060336001202608
0408060336004202608
0408060336049202608
0408060336051202608
0408060336059202608
0408060344001202608
0408060344004202608
0408060344049202608
0408060344051202608
0408060344059202608
0408060352001202608
0408060352004202608
0408060352049202608
0408060352051202608
0408060352059202608
0408060360001202608
0408060360004202608
0408060360049202608
0408060360051202608
0408060379001202608
0408060379004202608
0408060379049202608
0408060379051202608
0408060379059202608
0408060387001202608
0408060387004202608
0408060387049202608
0408060387051202608
0408060395001202608
0408060395049202608
0408060395051202608
0408060409001202608
0408060409004202608
0408060409049202608
0408060409051202608
0408060409052202608
0408060409059202608
0408060417001202608
0408060417004202608
0408060417049202608
0408060417051202608
0408060417059202608
0408060425001202608
0408060425004202608
0408060425049202608
0408060425051202608
0408060425052202608
0408060425059202608
0408060433001202608
0408060433004202608
0408060433049202608
0408060433051202608
0408060433059202608
0408060441001202608
0408060441004202608
0408060441049202608
0408060441051202608
0408060441059202608
0408060450001202608
0408060450004202608
0408060450049202608
0408060450051202608
0408060450052202608
0408060450059202608
0408060468001202608
0408060468004202608
0408060468049202608
0408060468051202608
0408060468059202608
0408060476001202608
0408060476004202608
0408060476049202608
0408060476051202608
0408060476059202608
0408060484001202608
0408060484004202608
0408060484049202608
0408060484051202608
0408060484059202608
0408060492001202608
0408060492004202608
0408060492006202608
0408060492049202608
0408060492051202608
0408060506001202608
0408060506004202608
0408060506006202608
0408060506049202608
0408060506051202608
0408060514001202608
0408060514004202608
0408060514006202608
0408060514049202608
0408060514051202608
0408060522001202608
0408060522004202608
0408060522006202608
0408060522049202608
0408060522051202608
0408060530001202608
0408060530004202608
0408060530049202608
0408060530051202608
0408060549001202608
0408060549049202608
0408060549051202608
0408060549059202608
0408060557001202608
0408060557004202608
0408060557049202608
0408060565001202608
0408060565004202608
0408060565049202608
0408060573001202608
0408060573004202608
0408060573049202608
0408060573051202608
0408060573059202608
0408060581001202608
0408060581004202608
0408060581049202608
0408060581051202608
0408060581059202608
0408060590001202608
0408060590004202608
0408060590049202608
0408060590051202608
0408060590059202608
0408060603001202608
0408060603004202608
0408060603049202608
0408060603051202608
0408060603059202608
0408060611001202608
0408060611004202608
0408060611049202608
0408060620001202608
0408060620004202608
0408060620049202608
0408060638001202608
0408060638004202608
0408060638049202608
0408060646001202608
0408060646004202608
0408060646006202608
0408060646049202608
0408060646051202608
0408060662001202608
0408060662004202608
0408060662049202608
0408060662051202608
0408060670001202608
0408060670004202608
0408060670049202608
0408060670051202608
0408060670059202608
0408060697001202608
0408060697004202608
0408060697049202608
0408060697051202608
0408060700001202608
0408060700004202608
0408060700049202608
0408060700051202608
0408060700059202608
0409010014001202608
0409010014004202608
0409010014049202608
0409010014051202608
0409010022001202608
0409010022004202608
0409010022049202608
0409010022051202608
0409010030001202608
0409010030004202608
0409010030049202608
0409010030051202608
0409010049001202608
0409010049004202608
0409010049049202608
0409010049051202608
0409010057001202608
0409010057004202608
0409010057049202608
0409010057051202608
0409010057059202608
0409010065001202608
0409010065004202608
0409010065049202608
0409010065051202608
0409010065059202608
0409010073001202608
0409010073004202608
0409010073049202608
0409010073051202608
0409010073059202608
0409010081001202608
0409010081004202608
0409010081049202608
0409010090001202608
0409010090004202608
0409010090049202608
0409010090051202608
0409010090059202608
0409010103001202608
0409010103009202608
0409010111001202608
0409010111009202608
0409010120001202608
0409010120004202608
0409010120049202608
0409010120051202608
0409010120059202608
0409010138001202608
0409010138004202608
0409010138049202608
0409010146001202608
0409010146004202608
0409010146049202608
0409010146051202608
0409010146059202608
0409010154001202608
0409010162001202608
0409010170001202608
0409010170004202608
0409010170017202608
0409010170049202608
0409010170051202608
0409010170052202608
0409010170059202608
0409010189001202608
0409010189004202608
0409010189049202608
0409010189051202608
0409010197001202608
0409010197004202608
0409010197049202608
0409010197051202608
0409010200001202608
0409010200004202608
0409010200049202608
0409010200051202608
0409010219001202608
0409010219004202608
0409010219049202608
0409010219051202608
0409010227001202608
0409010227004202608
0409010227049202608
0409010227051202608
0409010235001202608
0409010235004202608
0409010235049202608
0409010235051202608
0409010243001202608
0409010243004202608
0409010243049202608
0409010243051202608
0409010243059202608
0409010251001202608
0409010251004202608
0409010251049202608
0409010251051202608
0409010251059202608
0409010260001202608
0409010260004202608
0409010260049202608
0409010278001202608
0409010286001202608
0409010286004202608
0409010286049202608
0409010286051202608
0409010286059202608
0409010294001202608
0409010294004202608
0409010294049202608
0409010294051202608
0409010294052202608
0409010294059202608
0409010308001202608
0409010308004202608
0409010308049202608
0409010308051202608
0409010316001202608
0409010316004202608
0409010316049202608
0409010316051202608
0409010316059202608
0409010324001202608
0409010324004202608
0409010324049202608
0409010324051202608
0409010332001202608
0409010332004202608
0409010332049202608
0409010332051202608
0409010332059202608
0409010340001202608
0409010340004202608
0409010340049202608
0409010340051202608
0409010340059202608
0409010367001202608
0409010367004202608
0409010367049202608
0409010367051202608
0409010367059202608
0409010375001202608
0409010375004202608
0409010375049202608
0409010375051202608
0409010375059202608
0409010383001202608
0409010383004202608
0409010383049202608
0409010383051202608
0409010383052202608
0409010391001202608
0409010391004202608
0409010391049202608
0409010391051202608
0409010391059202608
0409010405001202608
0409010405004202608
0409010405049202608
0409010405051202608
0409010413001202608
0409010413004202608
0409010413049202608
0409010413051202608
0409010421001202608
0409010421009202608
0409010430001202608
0409010430004202608
0409010430049202608
0409010430051202608
0409010448001202608
0409010456001202608
0409010456004202608
0409010456049202608
0409010456051202608
0409010464001202608
0409010464004202608
0409010464049202608
0409010464051202608
0409010472001202608
0409010472004202608
0409010472049202608
0409010472051202608
0409010480001202608
0409010480004202608
0409010480049202608
0409010480051202608
0409010480059202608
0409010499001202608
0409010499004202608
0409010499049202608
0409010499051202608
0409010502001202608
0409010502004202608
0409010502049202608
0409010502051202608
0409010510001202608
0409010510004202608
0409010510049202608
0409010510051202608
0409010510059202608
0409010529001202608
0409010529004202608
0409010529049202608
0409010529051202608
0409010537001202608
0409010537004202608
0409010537049202608
0409010537051202608
0409010545001202608
0409010545004202608
0409010545049202608
0409010545051202608
0409010553001202608
0409010553004202608
0409010553049202608
0409010553051202608
0409010561001202608
0409010561004202608
0409010561049202608
0409010561051202608
0409010561059202608
0409010570001202608
0409010570004202608
0409010570049202608
0409010570051202608
0409010570059202608
0409010588001202608
0409010588004202608
0409010588049202608
0409010588051202608
0409010588059202608
0409010596001202608
0409010596004202608
0409010596049202608
0409010596051202608
0409020010001202608
0409020010004202608
0409020010049202608
0409020028001202608
0409020028004202608
0409020028049202608
0409020044001202608
0409020044004202608
0409020044049202608
0409020044051202608
0409020052001202608
0409020052004202608
0409020052049202608
0409020052051202608
0409020052059202608
0409020060001202608
0409020079001202608
0409020079004202608
0409020079049202608
0409020079051202608
0409020079052202608
0409020079059202608
0409020087001202608
0409020087004202608
0409020087049202608
0409020087051202608
0409020087059202608
0409020095001202608
0409020095004202608
0409020095049202608
0409020095051202608
0409020095059202608
0409020109001202608
0409020109004202608
0409020109049202608
0409020109051202608
0409020117001202608
0409020125001202608
0409020125004202608
0409020125049202608
0409020125051202608
0409020133001202608
0409020133004202608
0409020133049202608
0409020133051202608
0409020133059202608
0409020141001202608
0409020141004202608
0409020141049202608
0409020141051202608
0409020141059202608
0409020150001202608
0409020150004202608
0409020150049202608
0409020168001202608
0409020168004202608
0409020168049202608
0409020168051202608
0409020168059202608
0409020176001202608
0409020176049202608
0409020176051202608
0409020176052202608
0409020184001202608
0409030015001202608
0409030015004202608
0409030015049202608
0409030023001202608
0409030023004202608
0409030023049202608
0409030023051202608
0409030031001202608
0409030031004202608
0409030031049202608
0409030031051202608
0409030040001202608
0409030040004202608
0409030040049202608
0409030040051202608
0409030058001202608
0409030058004202608
0409030058006202608
0409030058009202608
0409030058049202608
0409040010001202608
0409040010004202608
0409040010049202608
0409040037001202608
0409040037004202608
0409040037049202608
0409040037051202608
0409040037059202608
0409040045001202608
0409040045004202608
0409040045049202608
0409040045051202608
0409040045059202608
0409040053001202608
0409040053004202608
0409040053049202608
0409040053051202608
0409040053059202608
0409040070001202608
0409040070004202608
0409040070049202608
0409040070051202608
0409040070052202608
0409040070059202608
0409040088001202608
0409040088004202608
0409040088049202608
0409040088051202608
0409040088052202608
0409040088059202608
0409040096001202608
0409040096004202608
0409040096049202608
0409040096051202608
0409040096059202608
0409040100001202608
0409040118001202608
0409040118004202608
0409040118049202608
0409040118051202608
0409040118059202608
0409040126001202608
0409040126004202608
0409040126049202608
0409040126051202608
0409040126059202608
0409040134001202608
0409040134004202608
0409040134049202608
0409040134051202608
0409040134059202608
0409040142001202608
0409040142004202608
0409040142049202608
0409040142051202608
0409040142052202608
0409040142059202608
0409040150001202608
0409040150004202608
0409040150049202608
0409040150051202608
0409040150059202608
0409040169001202608
0409040169004202608
0409040169049202608
0409040169051202608
0409040169052202608
0409040169059202608
0409040177001202608
0409040177004202608
0409040177049202608
0409040177051202608
0409040185001202608
0409040185004202608
0409040185049202608
0409040185051202608
0409040185059202608
0409040193001202608
0409040193004202608
0409040193049202608
0409040193051202608
0409040193059202608
0409040207001202608
0409040207004202608
0409040207049202608
0409040207051202608
0409040215001202608
0409040215004202608
0409040215049202608
0409040215051202608
0409040215052202608
0409040215059202608
0409040223001202608
0409040223004202608
0409040223049202608
0409040231001202608
0409040231004202608
0409040231049202608
0409040231051202608
0409040231059202608
0409040240004202608
0409040240049202608
0409040240051202608
0409040240052202608
0409040240059202608
0409050016001202608
0409050016004202608
0409050016049202608
0409050016051202608
0409050024001202608
0409050024004202608
0409050024049202608
0409050024051202608
0409050032001202608
0409050032004202608
0409050032049202608
0409050032051202608
0409050040001202608
0409050040004202608
0409050040049202608
0409050040051202608
0409050059001202608
0409050067001202608
0409050075001202608
0409050075004202608
0409050075049202608
0409050075051202608
0409050083001202608
0409050083004202608
0409050083049202608
0409050083052202608
0409050083059202608
0409050091001202608
0409050091004202608
0409050091049202608
0409050091051202608
0409050105001202608
0409050105004202608
0409050105049202608
0409050105051202608
0409050113001202608
0409050113004202608
0409050113049202608
0409050130001202608
0409050130004202608
0409050130049202608
0409050130051202608
0409050148001202608
0409050148004202608
0409050148049202608
0409050148051202608
0409050164001202608
0409050164004202608
0409060011001202608
0409060011004202608
0409060011042202608
0409060011049202608
0409060011051202608
0409060011052202608
0409060011059202608
0409060020001202608
0409060020004202608
0409060020049202608
0409060020051202608
0409060020059202608
0409060038001202608
0409060038004202608
0409060038049202608
0409060038051202608
0409060038059202608
0409060046001202608
0409060046004202608
0409060046049202608
0409060046051202608
0409060046052202608
0409060046059202608
0409060054001202608
0409060054004202608
0409060054049202608
0409060054051202608
0409060054059202608
0409060062001202608
0409060070001202608
0409060070042202608
0409060070049202608
0409060089001202608
0409060089053202608
0409060089058202608
0409060089060202608
0409060097001202608
0409060100001202608
0409060100004202608
0409060100049202608
0409060100051202608
0409060100059202608
0409060119001202608
0409060119004202608
0409060119049202608
0409060119051202608
0409060119059202608
0409060127001202608
0409060127004202608
0409060127049202608
0409060127051202608
0409060127059202608
0409060135001202608
0409060135004202608
0409060135049202608
0409060135051202608
0409060135059202608
0409060143001202608
0409060143004202608
0409060143049202608
0409060143051202608
0409060143059202608
0409060151001202608
0409060151004202608
0409060151049202608
0409060151051202608
0409060151059202608
0409060160001202608
0409060160004202608
0409060160049202608
0409060178001202608
0409060178004202608
0409060178049202608
0409060178051202608
0409060178052202608
0409060178059202608
0409060186001202608
0409060186004202608
0409060186049202608
0409060186051202608
0409060186059202608
0409060194001202608
0409060194004202608
0409060194049202608
0409060194051202608
0409060194059202608
0409060208001202608
0409060208004202608
0409060208049202608
0409060208051202608
0409060216001202608
0409060216004202608
0409060216049202608
0409060216051202608
0409060216059202608
0409060224001202608
0409060224004202608
0409060224049202608
0409060224051202608
0409060232001202608
0409060232049202608
0409060232051202608
0409060240001202608
0409060240049202608
0409060240051202608
0409060259001202608
0409060259004202608
0409060259049202608
0409060259051202608
0409060267001202608
0409060267049202608
0409060267051202608
0409060275001202608
0409060275049202608
0409060275051202608
0409060283001202608
0409060283004202608
0409060283049202608
0409060283051202608
0409060291001202608
0409060291004202608
0409060291049202608
0409060291051202608
0409060305001202608
0409060305053202608
0409060305058202608
0409060305060202608
0409060313001202608
0409060313004202608
0409060313049202608
0409070017001202608
0409070017004202608
0409070017049202608
0409070017051202608
0409070017059202608
0409070025001202608
0409070025004202608
0409070025049202608
0409070025051202608
0409070033001202608
0409070033004202608
0409070033049202608
0409070033051202608
0409070033059202608
0409070041001202608
0409070041004202608
0409070041049202608
0409070041051202608
0409070041059202608
0409070050001202608
0409070050004202608
0409070050049202608
0409070050051202608
0409070050059202608
0409070068001202608
0409070068004202608
0409070068049202608
0409070068051202608
0409070068059202608
0409070076001202608
0409070076004202608
0409070076049202608
0409070076051202608
0409070076059202608
0409070084001202608
0409070084004202608
0409070084049202608
0409070084051202608
0409070084059202608
0409070092001202608
0409070092049202608
0409070106001202608
0409070106004202608
0409070106049202608
0409070106051202608
0409070106059202608
0409070114001202608
0409070114004202608
0409070114049202608
0409070114051202608
0409070130001202608
0409070130049202608
0409070130051202608
0409070130059202608
0409070149001202608
0409070149049202608
0409070149051202608
0409070149052202608
0409070149059202608
0409070149060202608
0409070157001202608
0409070157049202608
0409070157051202608
0409070157052202608
0409070157059202608
0409070157060202608
0409070173001202608
0409070190001202608
0409070190049202608
0409070190051202608
0409070190059202608
0409070190060202608
0409070203001202608
0409070203004202608
0409070203049202608
0409070203051202608
0409070211001202608
0409070211004202608
0409070211049202608
0409070211051202608
0409070220001202608
0409070220049202608
0409070220051202608
0409070220059202608
0409070238001202608
0409070238004202608
0409070238049202608
0409070238051202608
0409070246001202608
0409070246004202608
0409070246049202608
0409070246051202608
0409070254001202608
0409070254004202608
0409070254049202608
0409070254051202608
0409070262001202608
0409070262004202608
0409070262049202608
0409070262051202608
0409070262059202608
0409070270001202608
0409070270004202608
0409070270049202608
0409070270051202608
0409070289001202608
0409070289004202608
0409070289049202608
0409070289051202608
0409070289059202608
0409070297001202608
0409070297004202608
0409070297049202608
0409070297051202608
0409070300001202608
0409070300004202608
0409070300049202608
0409070300051202608
0409070319001202608
0409070319004202608
0409070319051202608
0410010014001202608
0410010014004202608
0410010014049202608
0410010057001202608
0410010057004202608
0410010057049202608
0410010057051202608
0410010065001202608
0410010065004202608
0410010065049202608
0410010065051202608
0410010065059202608
0410010073001202608
0410010073004202608
0410010073049202608
0410010073051202608
0410010081001202608
0410010081004202608
0410010081049202608
0410010081051202608
0410010081059202608
0410010090001202608
0410010090004202608
0410010090049202608
0410010090051202608
0410010111004202608
0410010111049202608
0410010111051202608
0410010111059202608
0410010120001202608
0410010120004202608
0410010120049202608
0410010120051202608
0410010120059202608
0410010138001202608
0410010138004202608
0410010138009202608
0410010138049202608
0410010146001202608
0410010146004202608
0410010146009202608
0410010146049202608
0410010154001202608
0410010154004202608
0410010154009202608
0410010154049202608
0410010162001202608
0410010162004202608
0410010162009202608
0410010162049202608
0410010197001202608
0410010197004202608
0410010197049202608
0410010197051202608
0410010200001202608
0410010200004202608
0410010200049202608
0410010200051202608
0410010219001202608
0410010219006202608
0410010219009202608
0410010219049202608
0411010018001202608
0411010018042202608
0411010018049202608
0411010026004202608
0411010026042202608
0411010026049202608
0411010034004202608
0411010034042202608
0411010034049202608
0411010042004202608
0411010042049202608
0411010050001202608
0411010050004202608
0411010050042202608
0411010050049202608
0411010077001202608
0411010077004202608
0411010077042202608
0411010077049202608
0411010085001202608
0411010085004202608
0411010085042202608
0411010085049202608
0411020013001202608
0411020013004202608
0411020013042202608
0411020013049202608
0411020021001202608
0411020021004202608
0411020021042202608
0411020021049202608
0411020030001202608
0411020030004202608
0411020030042202608
0411020030049202608
0411020048001202608
0411020048004202608
0411020048042202608
0411020048049202608
0412010011001202608
0412010011004202608
0412010011049202608
0412010011051202608
0412010020001202608
0412010020004202608
0412010020049202608
0412010020051202608
0412010038001202608
0412010038004202608
0412010038049202608
0412010038051202608
0412010046001202608
0412010046004202608
0412010046049202608
0412010046051202608
0412010070001202608
0412010070004202608
0412010070049202608
0412010070051202608
0412010089001202608
0412010089004202608
0412010089049202608
0412010089051202608
0412010097001202608
0412010097004202608
0412010097049202608
0412010097051202608
0412010100001202608
0412010100004202608
0412010100049202608
0412010100051202608
0412010119001202608
0412010119004202608
0412010119049202608
0412010119051202608
0412010119059202608
0412010127001202608
0412010127049202608
0412010135001202608
0412010135004202608
0412010135049202608
0412010135051202608
0412010143001202608
0412010143004202608
0412010143049202608
0412010143051202608
0412020017001202608
0412020017004202608
0412020017049202608
0412020017051202608
0412020025001202608
0412020025004202608
0412020025049202608
0412020025051202608
0412020033001202608
0412020033004202608
0412020033049202608
0412020050001202608
0412020050004202608
0412020050049202608
0412020050051202608
0412020068001202608
0412020068004202608
0412020068049202608
0412020068051202608
0412020076001202608
0412020076004202608
0412020076049202608
0412020076051202608
0412020084001202608
0412020084004202608
0412020084049202608
0412030012001202608
0412030012004202608
0412030012049202608
0412030012051202608
0412030047001202608
0412030047004202608
0412030047049202608
0412030047051202608
0412030047059202608
0412030080001202608
0412030080004202608
0412030080049202608
0412030080051202608
0412030098001202608
0412030098004202608
0412030098049202608
0412030101001202608
0412030101004202608
0412030101049202608
0412030110001202608
0412030110004202608
0412030110049202608
0412030110051202608
0412040018001202608
0412040018004202608
0412040018049202608
0412040018051202608
0412040018059202608
0412040026001202608
0412040026004202608
0412040026049202608
0412040026051202608
0412040034001202608
0412040034004202608
0412040034049202608
0412040034051202608
0412040042001202608
0412040042004202608
0412040042049202608
0412040042051202608
0412040050001202608
0412040050004202608
0412040050049202608
0412040050051202608
0412040069001202608
0412040069004202608
0412040069049202608
0412040069051202608
0412040085001202608
0412040085004202608
0412040085049202608
0412040107001202608
0412040107004202608
0412040107049202608
0412040107051202608
0412040115001202608
0412040115004202608
0412040115049202608
0412040115051202608
0412040123001202608
0412040123004202608
0412040123049202608
0412040123051202608
0412040131001202608
0412040131004202608
0412040131049202608
0412040131051202608
0412040158001202608
0412040158004202608
0412040158049202608
0412040158051202608
0412040166004202608
0412040166049202608
0412040174001202608
0412040174004202608
0412040174006202608
0412040174049202608
0412040174051202608
0412040182001202608
0412040182004202608
0412040182049202608
0412040182051202608
0412040190001202608
0412040190004202608
0412040190049202608
0412040204001202608
0412040204004202608
0412040204049202608
0412040212001202608
0412040212004202608
0412040212049202608
0412040212051202608
0412040220001202608
0412040220004202608
0412040220049202608
0412040220051202608
0412050013001202608
0412050013004202608
0412050013049202608
0412050013051202608
0412050030001202608
0412050030004202608
0412050030049202608
0412050030051202608
0412050048001202608
0412050048004202608
0412050048049202608
0412050048051202608
0412050064001202608
0412050064004202608
0412050064049202608
0412050064051202608
0412050072001202608
0412050072004202608
0412050072049202608
0412050072051202608
0412050080001202608
0412050080004202608
0412050080049202608
0412050102001202608
0412050102004202608
0412050102049202608
0412050102051202608
0412050110001202608
0412050110004202608
0412050110049202608
0412050110051202608
0412050137001202608
0412050137004202608
0412050137049202608
0412050137051202608
0412050145001202608
0412050145004202608
0412050145049202608
0412050145051202608
0412050153001202608
0412050153004202608
0412050153049202608
0412050153051202608
0412050161001202608
0412050161004202608
0412050161049202608
0412050161051202608
0413010023009202608
0413010066004202608
0413010066049202608
0413010082004202608
0413010082049202608
0413010090001202608
0413010090004202608
0413010090049202608
0413030016001202608
0413030016004202608
0413030016049202608
0413030016051202608
0413030024001202608
0413030024004202608
0413030024049202608
0413030024051202608
0413030032001202608
0413030032004202608
0413030032049202608
0413030032051202608
0413030040001202608
0413030040009202608
0413030040052202608
0413030059001202608
0413030059004202608
0413030059049202608
0413030059051202608
0413030067001202608
0413030067004202608
0413030067049202608
0413030067051202608
0413030075001202608
0413030075004202608
0413030075049202608
0413030075051202608
0413030083001202608
0413030083004202608
0413030083049202608
0413030083051202608
0413040020001202608
0413040020004202608
0413040020049202608
0413040020051202608
0413040038001202608
0413040038004202608
0413040038049202608
0413040038051202608
0413040046001202608
0413040046004202608
0413040046049202608
0413040046051202608
0413040054001202608
0413040054004202608
0413040054049202608
0413040054051202608
0413040062001202608
0413040062004202608
0413040062049202608
0413040062051202608
0413040070001202608
0413040070004202608
0413040070049202608
0413040070051202608
0413040089001202608
0413040089004202608
0413040089049202608
0413040089051202608
0413040097001202608
0413040097004202608
0413040097049202608
0413040097051202608
0413040097059202608
0413040100001202608
0413040100004202608
0413040100049202608
0413040100051202608
0413040100059202608
0413040119001202608
0413040119004202608
0413040119049202608
0413040119051202608
0413040119059202608
0413040127001202608
0413040127004202608
0413040127049202608
0413040127051202608
0413040127059202608
0413040135001202608
0413040135004202608
0413040135049202608
0413040135051202608
0413040135059202608
0413040143001202608
0413040143004202608
0413040143049202608
0413040143051202608
0413040151001202608
0413040151004202608
0413040151049202608
0413040151051202608
0413040151059202608
0413040160001202608
0413040160004202608
0413040160049202608
0413040160051202608
0413040160059202608
0413040178001202608
0413040178004202608
0413040178049202608
0413040186001202608
0413040186004202608
0413040186049202608
0413040186051202608
0413040186059202608
0413040194001202608
0413040194004202608
0413040194049202608
0413040194051202608
0413040194059202608
0413040208001202608
0413040208004202608
0413040208049202608
0413040208051202608
0413040208059202608
0413040216001202608
0413040216004202608
0413040216049202608
0413040216051202608
0413040224001202608
0413040224004202608
0413040224049202608
0413040224051202608
0413040224059202608
0413040232001202608
0413040232004202608
0413040232049202608
0413040232051202608
0413040232059202608
0413040240001202608
0413040240004202608
0413040240049202608
0413040259001202608
0413040259004202608
0413040259049202608
0413040259051202608
0413040267001202608
0413040267004202608
0413040267049202608
0413040267051202608
0414010027001202608
0414010027004202608
0414010027049202608
0414010027051202608
0414010035001202608
0414010035049202608
0414010256001202608
0414010256004202608
0414010256020202608
0414010256049202608
0414010272001202608
0414010272004202608
0414010272049202608
0414010272051202608
0414010272059202608
0414010329001202608
0414010329004202608
0414010329049202608
0414010329051202608
0414010329059202608
0414010345004202608
0414010345020202608
0414010345051202608
0414010345059202608
0414010361020202608
0414010370052202608
0414010388020202608
0414020022020202608
0414020030020202608
0414020049020202608
0414020057020202608
0414020065020202608
0414020073020202608
0414020081020202608
0414020081053202608
0414020081058202608
0414020081060202608
0414020090020202608
0414020120009202608
0414020120020202608
0414020138020202608
0414020138053202608
0414020138058202608
0414020138060202608
0414020146020202608
0414020146053202608
0414020146058202608
0414020146060202608
0414020154020202608
0414020162020202608
0414020162053202608
0414020162058202608
0414020162060202608
0414020170009202608
0414020170020202608
0414020200020202608
0414020219020202608
0414020243020202608
0414020243053202608
0414020243058202608
0414020243060202608
0414020278020202608
0414020294020202608
0414020359009202608
0414020359020202608
0414020367020202608
0414020375020202608
0414020383009202608
0414020383020202608
0414020405009202608
0414020405020202608
0414020413001202608
0414020413049202608
0414020413051202608
0414020413059202608
0414020421052202608
0414020421053202608
0414020421058202608
0414020421060202608
0414020430009202608
0415010012004202608
0415010012006202608
0415010012051202608
0415020018004202608
0415020018008202608
0415020018009202608
0415020018051202608
0415020034001202608
0415020034004202608
0415020034051202608
0415020042004202608
0415020042008202608
0415020042051202608
0415020050001202608
0415020050004202608
0415020050006202608
0415020050051202608
0415020069001202608
0415020069004202608
0415020069006202608
0415020069051202608
0415020077001202608
0415020077004202608
0415020077006202608
0415020077051202608
0415020085001202608
0415020085004202608
0415020085008202608
0415020085009202608
0415020085049202608
0415020085051202608
0415030013004202608
0415040027001202608
0415040027004202608
0415040027049202608
0415040035001202608
0415040035004202608
0415040035049202608
0416010016001202608
0416010016004202608
0416010016006202608
0416010016049202608
0416010016051202608
0416010024001202608
0416010024004202608
0416010024006202608
0416010024049202608
0416010024051202608
0416010040001202608
0416010040004202608
0416010040006202608
0416010040049202608
0416010040051202608
0416010075001202608
0416010075004202608
0416010075006202608
0416010075049202608
0416010075051202608
0416010091001202608
0416010091004202608
0416010091006202608
0416010091049202608
0416010091051202608
0416010113001202608
0416010113004202608
0416010113006202608
0416010113049202608
0416010113051202608
0416010121001202608
0416010121004202608
0416010121006202608
0416010121049202608
0416010121051202608
0416010130001202608
0416010130004202608
0416010130006202608
0416010130049202608
0416010130051202608
0416010164001202608
0416010164004202608
0416010164006202608
0416010164049202608
0416010164051202608
0416010172001202608
0416010172004202608
0416010172049202608
0416010172051202608
0416010180001202608
0416010180004202608
0416010180006202608
0416010180049202608
0416010180051202608
0416010199001202608
0416010199004202608
0416010199006202608
0416010199049202608
0416010199051202608
0416010202001202608
0416010202004202608
0416010202006202608
0416010202049202608
0416010202051202608
0416010210001202608
0416010210004202608
0416010210006202608
0416010210049202608
0416010210051202608
0416010229001202608
0416010229004202608
0416010229006202608
0416010229049202608
0416010229051202608
0416010237001202608
0416010237004202608
0416010237006202608
0416010237009202608
0416010237049202608
0416020020001202608
0416020020004202608
0416020020006202608
0416020020049202608
0416020020051202608
0416020151001202608
0416020151004202608
0416020151006202608
0416020151049202608
0416020151051202608
0416020160001202608
0416020160004202608
0416020160006202608
0416020160049202608
0416020160051202608
0416020178001202608
0416020178004202608
0416020178006202608
0416020178049202608
0416020178051202608
0416020186001202608
0416020186004202608
0416020186006202608
0416020186049202608
0416020186051202608
0416020194001202608
0416020194004202608
0416020194006202608
0416020194049202608
0416020194051202608
0416020208001202608
0416020208004202608
0416020208006202608
0416020208049202608
0416020208051202608
0416020216001202608
0416020216004202608
0416020216006202608
0416020216049202608
0416020216051202608
0416020224001202608
0416020224004202608
0416020224006202608
0416020224049202608
0416020224051202608
0416020232001202608
0416020232004202608
0416020232006202608
0416020232049202608
0416020232051202608
0416020240001202608
0416020240004202608
0416020240006202608
0416020240049202608
0416020240051202608
0416020259001202608
0416020259004202608
0416020259006202608
0416020259049202608
0416020259051202608
0416030025001202608
0416030025004202608
0416030025006202608
0416030025049202608
0416030025051202608
0416030033001202608
0416030033004202608
0416030033006202608
0416030033049202608
0416030033051202608
0416030041001202608
0416030041004202608
0416030041006202608
0416030041049202608
0416030041051202608
0416030068001202608
0416030068004202608
0416030068006202608
0416030068049202608
0416030068051202608
0416030076001202608
0416030076004202608
0416030076006202608
0416030076049202608
0416030076051202608
0416030084001202608
0416030084004202608
0416030084006202608
0416030084049202608
0416030084051202608
0416030092001202608
0416030092004202608
0416030092006202608
0416030092049202608
0416030092051202608
0416030149001202608
0416030149004202608
0416030149006202608
0416030149009202608
0416030149049202608
0416030149051202608
0416030157001202608
0416030157004202608
0416030157006202608
0416030157049202608
0416030157051202608
0416030165001202608
0416030165004202608
0416030165006202608
0416030165049202608
0416030165051202608
0416030173001202608
0416030173004202608
0416030173006202608
0416030173049202608
0416030173051202608
0416030181001202608
0416030181004202608
0416030181006202608
0416030181049202608
0416030181051202608
0416030190001202608
0416030190004202608
0416030190006202608
0416030190049202608
0416030190051202608
0416030203001202608
0416030203004202608
0416030203006202608
0416030203049202608
0416030203051202608
0416030211001202608
0416030211004202608
0416030211006202608
0416030211049202608
0416030211051202608
0416030220001202608
0416030220004202608
0416030220006202608
0416030220049202608
0416030220051202608
0416030238001202608
0416030238004202608
0416030238006202608
0416030238049202608
0416030238051202608
0416030246001202608
0416030246004202608
0416030246006202608
0416030246049202608
0416030246051202608
0416030254001202608
0416030254004202608
0416030254006202608
0416030254049202608
0416030254051202608
0416030262001202608
0416030262004202608
0416030262006202608
0416030262049202608
0416030262051202608
0416030270001202608
0416030270004202608
0416030270006202608
0416030270049202608
0416030270051202608
0416030289001202608
0416030289004202608
0416030289006202608
0416030289049202608
0416030289051202608
0416030297001202608
0416030297004202608
0416030297006202608
0416030297049202608
0416030297051202608
0416030300001202608
0416030300004202608
0416030300006202608
0416030300049202608
0416030300051202608
0416030319001202608
0416030319004202608
0416030319006202608
0416030319049202608
0416030319051202608
0416030327001202608
0416030327004202608
0416030327006202608
0416030327049202608
0416030327051202608
0416030335001202608
0416030335004202608
0416030335006202608
0416030335049202608
0416030335051202608
0416030343001202608
0416030343004202608
0416030343006202608
0416030343049202608
0416030343051202608
0416030351001202608
0416030351004202608
0416030351006202608
0416030351049202608
0416030351051202608
0416030360001202608
0416030360004202608
0416030360006202608
0416030360049202608
0416030360051202608
0416040012001202608
0416040012004202608
0416040012006202608
0416040012049202608
0416040012051202608
0416040020001202608
0416040020004202608
0416040020006202608
0416040020049202608
0416040020051202608
0416040039001202608
0416040039004202608
0416040039006202608
0416040039049202608
0416040039051202608
0416040047001202608
0416040047004202608
0416040047006202608
0416040047049202608
0416040047051202608
0416040055001202608
0416040055004202608
0416040055006202608
0416040055049202608
0416040055051202608
0416040071001202608
0416040071004202608
0416040071006202608
0416040071049202608
0416040071051202608
0416040101001202608
0416040101004202608
0416040101006202608
0416040101049202608
0416040101051202608
0416040110001202608
0416040110004202608
0416040110006202608
0416040110049202608
0416040110051202608
0416040128001202608
0416040128004202608
0416040128006202608
0416040128049202608
0416040128051202608
0416040144001202608
0416040144004202608
0416040144006202608
0416040144049202608
0416040144051202608
0416040179001202608
0416040179004202608
0416040179049202608
0416040179051202608
0416040187001202608
0416040187004202608
0416040187049202608
0416040187051202608
0416040195001202608
0416040195004202608
0416040195049202608
0416040195051202608
0416040209001202608
0416040209004202608
0416040209006202608
0416040209049202608
0416040209051202608
0416040217001202608
0416040217004202608
0416040217006202608
0416040217049202608
0416040217051202608
0416040225001202608
0416040225004202608
0416040225006202608
0416040225049202608
0416040225051202608
0416040233001202608
0416040233004202608
0416040233006202608
0416040233049202608
0416040233051202608
0416040241001202608
0416040241004202608
0416040241006202608
0416040241049202608
0416040241051202608
0416040250001202608
0416040250004202608
0416040250006202608
0416040250049202608
0416040250051202608
0416040268001202608
0416040268004202608
0416040268006202608
0416040268049202608
0416040268051202608
0416040276001202608
0416040276004202608
0416040276006202608
0416040276049202608
0416040276051202608
0416040284001202608
0416040284009202608
0416040284017202608
0416040284051202608
0416040292001202608
0416040292004202608
0416040292006202608
0416040292009202608
0416040292049202608
0416040292051202608
0416040314001202608
0416040314004202608
0416040314009202608
0416040314049202608
0416040314051202608
0416040322001202608
0416040322004202608
0416040322009202608
0416040322049202608
0416040322051202608
0416040330001202608
0416040330004202608
0416040330009202608
0416040330049202608
0416040330051202608
0416040349001202608
0416040349004202608
0416040349009202608
0416040349049202608
0416040349051202608
0416050018001202608
0416050018004202608
0416050018006202608
0416050018049202608
0416050018051202608
0416050026001202608
0416050026004202608
0416050026006202608
0416050026049202608
0416050026051202608
0416050034001202608
0416050034004202608
0416050034006202608
0416050034049202608
0416050034051202608
0416050050001202608
0416050050004202608
0416050050006202608
0416050050049202608
0416050050051202608
0416050077001202608
0416050077004202608
0416050077006202608
0416050077049202608
0416050077051202608
0416050093001202608
0416050093004202608
0416050093006202608
0416050093049202608
0416050093051202608
0416050107001202608
0416050107004202608
0416050107006202608
0416050107049202608
0416050107051202608
0416050115001202608
0416050115004202608
0416050115006202608
0416050115049202608
0416050115051202608
0416050123001202608
0416050123004202608
0416050123009202608
0416050123049202608
0416050123051202608
0416060013001202608
0416060013004202608
0416060013006202608
0416060013049202608
0416060013051202608
0416060021001202608
0416060021004202608
0416060021006202608
0416060021049202608
0416060021051202608
0416060030001202608
0416060030004202608
0416060030006202608
0416060030049202608
0416060030051202608
0416060056001202608
0416060056004202608
0416060056006202608
0416060056049202608
0416060056051202608
0416060064001202608
0416060064004202608
0416060064006202608
0416060064049202608
0416060064051202608
0416060080001202608
0416060080004202608
0416060080006202608
0416060080049202608
0416060080051202608
0416060099001202608
0416060099004202608
0416060099006202608
0416060099049202608
0416060099051202608
0416060102001202608
0416060102004202608
0416060102006202608
0416060102049202608
0416060102051202608
0416060110001202608
0416060110004202608
0416060110006202608
0416060110049202608
0416060110051202608
0416060129001202608
0416060129004202608
0416060129006202608
0416060129049202608
0416060129051202608
0416060137001202608
0416060137004202608
0416060137009202608
0416060137049202608
0416080014001202608
0416080014004202608
0416080014049202608
0416080014051202608
0416080030001202608
0416080030004202608
0416080030006202608
0416080030049202608
0416080030051202608
0416080081001202608
0416080081004202608
0416080081006202608
0416080081049202608
0416080081051202608
0416080090001202608
0416080090004202608
0416080090006202608
0416080090049202608
0416080090051202608
0416080111001202608
0416080111004202608
0416080111006202608
0416080111049202608
0416080111051202608
0416080120001202608
0416080120004202608
0416080120006202608
0416080120049202608
0416080120051202608
0416090010001202608
0416090010004202608
0416090010006202608
0416090010049202608
0416090010051202608
0416090028001202608
0416090028004202608
0416090028006202608
0416090028049202608
0416090028051202608
0416090036001202608
0416090036006202608
0416090036049202608
0416090036051202608
0416090079001202608
0416090079004202608
0416090079006202608
0416090079049202608
0416090079051202608
0416090109001202608
0416090109004202608
0416090109006202608
0416090109049202608
0416090109051202608
0416090117001202608
0416090117004202608
0416090117006202608
0416090117049202608
0416090117051202608
0416090125001202608
0416090125004202608
0416090125006202608
0416090125049202608
0416090125051202608
0416090133001202608
0416090133004202608
0416090133006202608
0416090133049202608
0416090133051202608
0416110010001202608
0416110010006202608
0416110010049202608
0416110010051202608
0416110029001202608
0416110029006202608
0416110029049202608
0416110029051202608
0416110037001202608
0416110037004202608
0416110037006202608
0416110037049202608
0416110037051202608
0416110045001202608
0416110045006202608
0416110045049202608
0416110045051202608
0416110053001202608
0416110053004202608
0416110053006202608
0416110053049202608
0416110053051202608
0416110061001202608
0416110061004202608
0416110061006202608
0416110061049202608
0416110061051202608
0416110070001202608
0416110070004202608
0416110070006202608
0416110070049202608
0416110070051202608
0416110088001202608
0416110088004202608
0416110088006202608
0416110088049202608
0416110088051202608
0416120024001202608
0416120024004202608
0416120024006202608
0416120024049202608
0416120024051202608
0416120032001202608
0416120032004202608
0416120032006202608
0416120032049202608
0416120032051202608
0416120040001202608
0416120040004202608
0416120040006202608
0416120040049202608
0416120040051202608
0416120059001202608
0416120059004202608
0416120059049202608
0416120059051202608
0417010028042202608
0417010044005202608
0417010052005202608
0417010060005202608
0417010060009202608
0417010060053202608
0417010060058202608
0417010060060202608
0417010060065202608
0418010013001202608
0418010013009202608
0418010013022202608
0418010013052202608
0418010021001202608
0418010021009202608
0418010021022202608
0418010021052202608
0418010030001202608
0418010030009202608
0418010030022202608
0418010030052202608
0418010048001202608
0418010048009202608
0418010048022202608
0418010048052202608
0418010064001202608
0418010080001202608
0418010080009202608
0418010080022202608
0418010080052202608
0418010099001202608
0418020019001202608
0418020019009202608
0418020019022202608
0418020019051202608
0418020019052202608
0418020027001202608
0418020027009202608
0418020027051202608
0418020027052202608
0418020035001202608
0501010017009202608
0501030069001202608
0501030069004202608
0501030069049202608
0501040064034202608
0501050043009202608
0501060057026202608
0501070044009202608
0501070052009202608
0501070087009202608
0501070095009202608
0501070109009202608
0501070117009202608
0501070125009202608
0501070133009202608
0501070141009202608
0501080031009202608
0501080040009202608
0501080058009202608
0501080090058202608
0501080090065202608
0501080104009202608
0503010014008202608
0503010014011202608
0503010014034202608
0503010022008202608
0503010022034202608
0503020010001202608
0503020010004202608
0503020010049202608
0503020028001202608
0503020028004202608
0503020028049202608
0503030023049202608
0503030040049202608
0503030058013202608
0503030066049202608
0503030074049202608
0503030090049202608
0504010026034202608
0504020013013202608
0504020021013202608
0504020030013202608
0504020048013202608
0504020056013202608
0504030027013202608
0504040014034202608
0504040022034202608
0505010011004202608
0505010011009202608
0505010020004202608
0505010020009202608
0505010038004202608
0505010038009202608
0505010046004202608
0505010046009202608
0505010054004202608
0505010054009202608
0505010062004202608
0505010062009202608
0505010070004202608
0505010070009202608
0505010089004202608
0505010089009202608
0505010097001202608
0505010097049202608
0505010127001202608
0505010127049202608
0505010135001202608
0505010135049202608
0505010143007202608
0505020041001202608
0505020041009202608
0505020041049202608
0505020050001202608
0505020050009202608
0505020050049202608
0505020068001202608
0505020068009202608
0505020068049202608
0505020076001202608
0505020076009202608
0505020076049202608
0505020084001202608
0505020084009202608
0505020084049202608
0505020092001202608
0505020092049202608
0505020106001202608
0505020106049202608
0505020122001202608
0505020122009202608
0505020122049202608
0505020149001202608
0505020149009202608
0505020149049202608
0506010015009202608
0506010015014202608
0506010066009202608
0506010066014202608
0506010074009202608
0506010074014202608
0506010082009202608
0506010082014202608
0506010090009202608
0506010090014202608
0506010104009202608
0506010104014202608
0506010112009202608
0506010112014202608
0506010120009202608
0506010120014202608
0506010139009202608
0506010139014202608
0506010147009202608
0506010147014202608
0506010155009202608
0506010155014202608
0506010163009202608
0506010163014202608
0506010171009202608
0506010171014202608
0506010228009202608
0506010236009202608
0506020010007202608
0506020029007202608
0506020037007202608
0506020045007202608
0506020053007202608
0506020061007202608
0506020070007202608
0506020096007202608
0506020100007202608
0506020118007202608
0506020134007202608
0603050115009202608
0603050123009202608
0604010010009202608
0604010010014202608
0604010010022202608
0604010028009202608
0604010028014202608
0604010028022202608
0604010036009202608
0604010036014202608
0604010036022202608
0604010044009202608
0604010044014202608
0604010044022202608
0604010052009202608
0604010052014202608
0604010052022202608
0604010060009202608
0604010060014202608
0604010060022202608
0604010079009202608
0604010079014202608
0604010079022202608
0604010087009202608
0604010087014202608
0604010087022202608
0604010095009202608
0604010095014202608
0604010095022202608
0604010109009202608
0604010109014202608
0604010109022202608
0604020015009202608
0604020015014202608
0604020015022202608
0604020023009202608
0604020023014202608
0604020023022202608
0604020031009202608
0604020031014202608
0604020031022202608
0604020040009202608
0604020040014202608
0604020040022202608
0604020058009202608
0604020058014202608
0604020058022202608
0604020066009202608
0604020066014202608
0604020066022202608
0604030010009202608
0604030010014202608
0604030010022202608
0604030037009202608
0604030037014202608
0604030037022202608
0604030045009202608
0604030045014202608
0604030045022202608
0604030053009202608
0604030053014202608
0604030053022202608
0604030061009202608
0604030061014202608
0604030061022202608
0604040016009202608
0604040016014202608
0604040016022202608
0604040024009202608
0604040024014202608
0604040024022202608
0604040032009202608
0604040032014202608
0604040032022202608
0604040040009202608
0604040040014202608
0604040040022202608
0604040059009202608
0604040059014202608
0604040059022202608
0604040067009202608
0604040067014202608
0604040067022202608
0604040075009202608
0604040075014202608
0604040075022202608
0604040091009202608
0604040091014202608
0604040091022202608
0604050011009202608
0604050011014202608
0604050011022202608
0604050020009202608
0604050020014202608
0604050020022202608
0604050038009202608
0604050038014202608
0604050038022202608
0604050046009202608
0604050046014202608
0604050046022202608
0604050054009202608
0604050054014202608
0604050054022202608
0604050062009202608
0604050062014202608
0604050062022202608
0604050070009202608
0604050070014202608
0604050070022202608
0604050089009202608
0604050089014202608
0604050089022202608
0604050097009202608
0604050097014202608
0604050097022202608
0604050100009202608
0604050100014202608
0604050100022202608
0604050119009202608
0604050119014202608
0604050119022202608
0604060017009202608
0604060017014202608
0604060017022202608
0604060025009202608
0604060025014202608
0604060025022202608
0604070012009202608
0604070012014202608
0604070012022202608
0604080018009202608
0604080018014202608
0604080018022202608
0604080026009202608
0604080026014202608
0604080026022202608
0604080034009202608
0604080034014202608
0604080034022202608
0604090013009202608
0604090013014202608
0604090013022202608
0604100019009202608
0604100019014202608
0604100019022202608
0604100027009202608
0604100027014202608
0604100027022202608
0604100035009202608
0604100035014202608
0604100035022202608
0604110014009202608
0604110014014202608
0604110014022202608
0604110022009202608
0604110022014202608
0604110022022202608
0604110030009202608
0604110030014202608
0604110030022202608
0604110049009202608
0604110049014202608
0604110049022202608
0604110057009202608
0604110057014202608
0604110057022202608
0604110065009202608
0604110065014202608
0604110065022202608
0604110073009202608
0604110073014202608
0604110073022202608
0604110081009202608
0604110081014202608
0604110081022202608
0604120010009202608
0604120010014202608
0604120010022202608
0604130015009202608
0604130015014202608
0604130015022202608
0604130023009202608
0604130023014202608
0604130023022202608
0604130031009202608
0604130031014202608
0604130031022202608
0604130040009202608
0604130040014202608
0604130040022202608
0604130058009202608
0604130058014202608
0604130058022202608
0604130066009202608
0604130066014202608
0604130066022202608
0604130074009202608
0604130074014202608
0604130074022202608
0604130082009202608
0604130082014202608
0604130082022202608
0604130090009202608
0604130090014202608
0604130090022202608
0604130104009202608
0604130104014202608
0604130104022202608
0604130112009202608
0604130112014202608
0604130112022202608
0604130120009202608
0604130120014202608
0604130120022202608
0604130139009202608
0604130139014202608
0604130139022202608
0604140029009202608
0604140029014202608
0604140029022202608
0604140037009202608
0604140037014202608
0604140037022202608
0604150016009202608
0604150016014202608
0604150016022202608
0604150024009202608
0604150024014202608
0604150024022202608
0604160011009202608
0604160011014202608
0604160011022202608
0604160020009202608
0604160020014202608
0604160020022202608
0604160046009202608
0604160046014202608
0604160046022202608
0604160054009202608
0604160054014202608
0604160054022202608
0604160062009202608
0604160062014202608
0604160062022202608
0604170017009202608
0604170017014202608
0604170017022202608
0604170025009202608
0604170025014202608
0604170025022202608
0604170033009202608
0604170033014202608
0604170033022202608
0604170041009202608
0604170041014202608
0604170041022202608
0604170050009202608
0604170050014202608
0604170050022202608
0604180012009202608
0604180012014202608
0604180012022202608
0604180020009202608
0604180020014202608
0604180020022202608
0604190018009202608
0604190018014202608
0604190018022202608
0604200013009202608
0604200013014202608
0604200013022202608
0604210019009202608
0604210019014202608
0604210019022202608
0604210027009202608
0604210027014202608
0604210027022202608
0604220014009202608
0604220014014202608
0604220014022202608
0604230010009202608
0604230010014202608
0604230010022202608
0604230028009202608
0604230028014202608
0604230028022202608
0604230036009202608
0604230036014202608
0604230036022202608
0604230044009202608
0604230044014202608
0604230044022202608
0604230052009202608
0604230052014202608
0604230052022202608
0604230060009202608
0604230060014202608
0604230060022202608
0604230079009202608
0604230079014202608
0604230079022202608
0604230087009202608
0604230087014202608
0604230087022202608
0604240023009202608
0604240023014202608
0604240023022202608
0604240031009202608
0604240031014202608
0604240031022202608
0604240058009202608
0604240058014202608
0604240058022202608
0604240066009202608
0604240066014202608
0604240066022202608
0604240074009202608
0604240074014202608
0604240074022202608
0604240082009202608
0604240082014202608
0604240082022202608
0604240090009202608
0604240090014202608
0604240090022202608
0604240104009202608
0604240104014202608
0604240104022202608
0604240112009202608
0604240112014202608
0604240112022202608
0604240120009202608
0604240120014202608
0604240120022202608
0604250010009202608
0604250010014202608
0604250010022202608
0604250037009202608
0604250037014202608
0604250037022202608
0604250045009202608
0604250045014202608
0604250045022202608
0604260016009202608
0604260016014202608
0604260016022202608
0604270011009202608
0604270011014202608
0604270011022202608
0604270020009202608
0604270020014202608
0604270020022202608
0604270038009202608
0604270038014202608
0604270038022202608
0604270046009202608
0604270046014202608
0604270046022202608
0604270054009202608
0604270054014202608
0604270054022202608
0604270062009202608
0604270062014202608
0604270062022202608
0604270070009202608
0604270070014202608
0604270070022202608
0604270089009202608
0604270089014202608
0604270089022202608
0604270097009202608
0604270097014202608
0604270097022202608
0604270100009202608
0604270100014202608
0604270100022202608
0604270119009202608
0604270119014202608
0604270119022202608
0604280068009202608
0604280068014202608
0604280068022202608
0604280076009202608
0604280076014202608
0604280076022202608
0604280084009202608
0604280084014202608
0604280084022202608
0604280092009202608
0604280092014202608
0604280092022202608
0604280106009202608
0604280106014202608
0604280106022202608
0604290012009202608
0604290012014202608
0604290012022202608
0604290020009202608
0604290020014202608
0604290020022202608
0604290039009202608
0604290039014202608
0604290039022202608
0604290047009202608
0604290047014202608
0604290047022202608
0604290063009202608
0604290063014202608
0604290063022202608
0604290071009202608
0604290071014202608
0604290071022202608
0604290080009202608
0604290080014202608
0604290080022202608
0604310013009202608
0604310013014202608
0604310013022202608
0604310021009202608
0604310021014202608
0604310021022202608
0604310030009202608
0604310030014202608
0604310030022202608
0604310048009202608
0604310048014202608
0604310048022202608
0604310056009202608
0604310056014202608
0604310056022202608
0604310064009202608
0604310064014202608
0604310064022202608
0604320019009202608
0604320019014202608
0604320019022202608
0604320027009202608
0604320027014202608
0604320027022202608
0604320035009202608
0604320035014202608
0604320035022202608
0604320043009202608
0604320043014202608
0604320043022202608
0604320051009202608
0604320051014202608
0604320051022202608
0604320060009202608
0604320060014202608
0604320060022202608
0604320078009202608
0604320078014202608
0604320078022202608
0604320086009202608
0604320086014202608
0604320086022202608
0604320094009202608
0604320094014202608
0604320094022202608
0604320116009202608
0604320116014202608
0604320116022202608
0604320124009202608
0604320124014202608
0604320124022202608
0604320132009202608
0604320132014202608
0604320132022202608
0604320140009202608
0604320140014202608
0604320140022202608
0604320159009202608
0604320159014202608
0604320159022202608
0604320167009202608
0604320167014202608
0604320167022202608
0604320175009202608
0604320175014202608
0604320175022202608
0604320183009202608
0604320183014202608
0604320183022202608
0604320191009202608
0604320191014202608
0604320191022202608
0604320205009202608
0604320205014202608
0604320205022202608
0604320213009202608
0604320213014202608
0604320213022202608
0604320221009202608
0604320221014202608
0604320221022202608
0604330014009202608
0604330014014202608
0604330014022202608
0604330022009202608
0604330022014202608
0604330022022202608
0604330030009202608
0604330030014202608
0604330030022202608
0604330049009202608
0604330049014202608
0604330049022202608
0604330057009202608
0604330057014202608
0604330057022202608
0604330065009202608
0604330065014202608
0604330065022202608
0604330073009202608
0604330073014202608
0604330073022202608
0604330081009202608
0604330081014202608
0604330081022202608
0604330090009202608
0604330090014202608
0604330090022202608
0604330103009202608
0604330103014202608
0604330103022202608
0604330111009202608
0604330111014202608
0604330111022202608
0604330120009202608
0604330120014202608
0604330120022202608
0604340010009202608
0604340010014202608
0604340010022202608
0604340028009202608
0604340028014202608
0604340028022202608
0604340036009202608
0604340036014202608
0604340036022202608
0604340044009202608
0604340044014202608
0604340044022202608
0604340052009202608
0604340052014202608
0604340052022202608
0604340060009202608
0604340060014202608
0604340060022202608
0604340079009202608
0604340079014202608
0604340079022202608
0604340087009202608
0604340087014202608
0604340087022202608
0604340095009202608
0604340095014202608
0604340095022202608
0604340109009202608
0604340109014202608
0604340109022202608
0604340117009202608
0604340117014202608
0604340117022202608
0604350015009202608
0604350015014202608
0604350015022202608
0604350023009202608
0604350023014202608
0604350023022202608
0604350031009202608
0604350031014202608
0604350031022202608
0604360010009202608
0604360010014202608
0604360010022202608
0604360029009202608
0604360029014202608
0604360029022202608
0604360037009202608
0604360037014202608
0604360037022202608
0604360045009202608
0604360045014202608
0604360045022202608
0604360053009202608
0604360053014202608
0604360053022202608
0604360061009202608
0604360061014202608
0604360061022202608
0604360070009202608
0604360070014202608
0604360070022202608
0604360088009202608
0604360088014202608
0604360088022202608
0604360096009202608
0604360096014202608
0604360096022202608
0604360100009202608
0604360100014202608
0604360100022202608
0604360118009202608
0604360118014202608
0604360118022202608
0604360126009202608
0604360126014202608
0604360126022202608
0604370016009202608
0604370016014202608
0604370016022202608
0604370024009202608
0604370024014202608
0604370024022202608
0604370032009202608
0604370032014202608
0604370032022202608
0604380011009202608
0604380011014202608
0604380011022202608
0604380020009202608
0604380020014202608
0604380020022202608
0604380038009202608
0604380038014202608
0604380038022202608
0604380046009202608
0604380046014202608
0604380046022202608
0604380054009202608
0604380054014202608
0604380054022202608
0604380062009202608
0604380062014202608
0604380062022202608
0604380070009202608
0604380070014202608
0604380070022202608
0604380089009202608
0604380089014202608
0604380089022202608
0604380097009202608
0604380097014202608
0604380097022202608
0604380100009202608
0604380100014202608
0604380100022202608
0604380119009202608
0604380119014202608
0604380119022202608
0604380127009202608
0604380127014202608
0604380127022202608
0604380135009202608
0604380135014202608
0604380135022202608
0604380143009202608
0604380143014202608
0604380143022202608
0604390017009202608
0604390017014202608
0604390017022202608
0604390025009202608
0604390025014202608
0604390025022202608
0604390033009202608
0604390033014202608
0604390033022202608
0604390084009202608
0604390084014202608
0604390084022202608
0604390092009202608
0604390092014202608
0604390092022202608
0604390106009202608
0604390106014202608
0604390106022202608
0604390114009202608
0604390114014202608
0604390114022202608
0604400012009202608
0604400012014202608
0604400012022202608
0604410018009202608
0604410018014202608
0604410018022202608
0604410026009202608
0604410026014202608
0604410026022202608
0604410034009202608
0604410034014202608
0604410034022202608
0604420013009202608
0604420013014202608
0604420013022202608
0604430019009202608
0604430019014202608
0604430019022202608
0604440014009202608
0604440014014202608
0604440014022202608
0604470010009202608
0604470010014202608
0604470010022202608
0604470029009202608
0604470029014202608
0604470029022202608
0604470037009202608
0604470037014202608
0604470037022202608
0604470045009202608
0604470045014202608
0604470045022202608
0604470053009202608
0604470053014202608
0604470053022202608
0604480016009202608
0604480016014202608
0604480016022202608
0604480024009202608
0604480024014202608
0604480024022202608
0604490011009202608
0604490011014202608
0604490011022202608
0604490020009202608
0604490020014202608
0604490020022202608
0604500017009202608
0604500017014202608
0604500017022202608
0604500025009202608
0604500025014202608
0604500025022202608
0604500033009202608
0604500033014202608
0604500033022202608
0604500041009202608
0604500041014202608
0604500041022202608
0604500050009202608
0604500050014202608
0604500050022202608
0604500068009202608
0604500068014202608
0604500068022202608
0604500076009202608
0604500076014202608
0604500076022202608
0604500084009202608
0604500084014202608
0604500084022202608
0604500092009202608
0604500092014202608
0604500092022202608
0604500106009202608
0604500106014202608
0604500106022202608
0604500114009202608
0604500114014202608
0604500114022202608
0604500122009202608
0604500122014202608
0604500122022202608
0604500130009202608
0604500130014202608
0604500130022202608
0604500149009202608
0604500149014202608
0604500149022202608
0604510012009202608
0604510012014202608
0604510012022202608
0604510020009202608
0604510020014202608
0604510020022202608
0604510039009202608
0604510039014202608
0604510039022202608
0604510047009202608
0604510047014202608
0604510047022202608
0604520018009202608
0604520018014202608
0604520018022202608
0604520026009202608
0604520026014202608
0604520026022202608
0604530013009202608
0604530013014202608
0604530013022202608
0604530021009202608
0604530021014202608
0604530021022202608
0604530030009202608
0604530030014202608
0604530030022202608
0604540019009202608
0604540019014202608
0604540019022202608
0604540027009202608
0604540027014202608
0604540027022202608
0604540035009202608
0604540035014202608
0604540035022202608
0604540043009202608
0604540043014202608
0604540043022202608
0604540060009202608
0604540060014202608
0604540060022202608
0604540078009202608
0604540078014202608
0604540078022202608
0604540086009202608
0604540086014202608
0604540086022202608
0604550014009202608
0604550014014202608
0604550014022202608
0604550022009202608
0604550022014202608
0604550022022202608
0604560010009202608
0604560010014202608
0604560010022202608
0604570015009202608
0604570015014202608
0604570015022202608
0604570023009202608
0604570023014202608
0604570023022202608
0604570031009202608
0604570031014202608
0604570031022202608
0604580010009202608
0604580010014202608
0604580010022202608
0604580029009202608
0604580029014202608
0604580029022202608
0604590016009202608
0604590016014202608
0604590016022202608
0604590024009202608
0604590024014202608
0604590024022202608
0604600011009202608
0604600011014202608
0604600011022202608
0604600020009202608
0604600020014202608
0604600020022202608
0604610017009202608
0604610017014202608
0604610017022202608
0604610025009202608
0604610025014202608
0604610025022202608
0604610033009202608
0604610033014202608
0604610033022202608
0604620012009202608
0604620012014202608
0604620012022202608
0604620020009202608
0604620020014202608
0604620020022202608
0604620039009202608
0604620039014202608
0604620039022202608
0604620047009202608
0604620047014202608
0604620047022202608
0604630018009202608
0604630018014202608
0604630018022202608
0604630026009202608
0604630026014202608
0604630026022202608
0604630034009202608
0604630034014202608
0604630034022202608
0604630042009202608
0604630042014202608
0604630042022202608
0604630050009202608
0604630050014202608
0604630050022202608
0604630069009202608
0604630069014202608
0604630069022202608
0604630077009202608
0604630077014202608
0604630077022202608
0604650019009202608
0604650019014202608
0604650019022202608
0604650027009202608
0604650027014202608
0604650027022202608
0604650035009202608
0604650035014202608
0604650035022202608
0604660014009202608
0604660014014202608
0604660014022202608
0604660022009202608
0604660022014202608
0604660022022202608
0604660030009202608
0604660030014202608
0604660030022202608
0604670010009202608
0604670010014202608
0604670010022202608
0604680023009202608
0604680023014202608
0604680023022202608
0604680031009202608
0604680031014202608
0604680031022202608
0604680040009202608
0604680040014202608
0604680040022202608
0604680058009202608
0604680058014202608
0604680058022202608
0604680066009202608
0604680066014202608
0604680066022202608
0604680074009202608
0604680074014202608
0604680074022202608
0604690010009202608
0604690010014202608
0604690010022202608
0604690029009202608
0604690029014202608
0604690029022202608
0604690037009202608
0604690037014202608
0604690037022202608
0604690053009202608
0604690053014202608
0604690053022202608
0604690061009202608
0604690061014202608
0604690061022202608
0604700016009202608
0604700016014202608
0604700016022202608
0604710011009202608
0604710011014202608
0604710011022202608
0604710020009202608
0604710020014202608
0604710020022202608
0604710038009202608
0604710038014202608
0604710038022202608
0604720017009202608
0604720017014202608
0604720017022202608
0604720025009202608
0604720025014202608
0604720025022202608
0604730012009202608
0604730012014202608
0604730012022202608
0604740018009202608
0604740018014202608
0604740018022202608
0604750013009202608
0604750013014202608
0604750013022202608
0604750021009202608
0604750021014202608
0604750021022202608
0604750030009202608
0604750030014202608
0604750030022202608
0604750048009202608
0604750048014202608
0604750048022202608
0604770014009202608
0604770014014202608
0604770014022202608
0604770022009202608
0604770022014202608
0604770022022202608
0604770030009202608
0604770030014202608
0604770030022202608
0604780010009202608
0604780010014202608
0604780010022202608
0604780036009202608
0604780036014202608
0604780036022202608
0604780044009202608
0604780044014202608
0604780044022202608
0604780052009202608
0604780052014202608
0604780052022202608
0604780060009202608
0604780060014202608
0604780060022202608
0604790015009202608
0604790015014202608
0604790015022202608
0604790023009202608
0604790023014202608
0604790023022202608
0604800010009202608
0604800010014202608
0604800010022202608
0604800029009202608
0604800029014202608
0604800029022202608
0604810016009202608
0604810016014202608
0604810016022202608
0604820011009202608
0604820011014202608
0604820011022202608
0604830017009202608
0604830017014202608
0604830017022202608
0604830025009202608
0604830025014202608
0604830025022202608
0604830033009202608
0604830033014202608
0604830033022202608
0604840012009202608
0604840012014202608
0604840012022202608
0604840020009202608
0604840020014202608
0604840020022202608
0604840063009202608
0604840063014202608
0604840063022202608
0604840071009202608
0604840071014202608
0604840071022202608
0604840098009202608
0604840098014202608
0604840098022202608
0604850018009202608
0604850018014202608
0604850018022202608
0604850026009202608
0604850026014202608
0604850026022202608
0604850034009202608
0604850034014202608
0604850034022202608
0604850042009202608
0604850042014202608
0604850042022202608
0604860013009202608
0604860013014202608
0604860013022202608
0604860021009202608
0604860021014202608
0604860021022202608
0604860030009202608
0604860030014202608
0604860030022202608
0604870019009202608
0604870019014202608
0604870019022202608
0604870027009202608
0604870027014202608
0604870027022202608
0604870035009202608
0604870035014202608
0604870035022202608
0604870043009202608
0604870043014202608
0604870043022202608
0604880014009202608
0604880014014202608
0604880014022202608
0701010010009202608
0701010029009202608
0701010037009202608
0701010045009202608
0701010053009202608
0701010061009202608
0701010070009202608
0701010088009202608
0701010096009202608
0701010100009202608
0701010118009202608
0701010126009202608
0701010134009202608
0701010142009202608
0701010150009202608
0701010169009202608
0701010177009202608
0701010185009202608
0701010185037202608
0701010193009202608
0701010193037202608
0701010207009202608
0701010215009202608
0701010223009202608
0701010231009202608
0701010240009202608
0701010258009202608
0701010266009202608
0701010274009202608
0701010282009202608
0701010290009202608
0701010304009202608
0701010312009202608
0701010320009202608
0701010339009202608
0701020016009202608
0701020024009202608
0701020032009202608
0701020040009202608
0701020059009202608
0701020067009202608
0701020075009202608
0701020083009202608
0701020091009202608
0701020105009202608
0701020113009202608
0701020121009202608
0701020130009202608
0701020148009202608
0701020156009202608
0701020164009202608
0701020172009202608
0701020180009202608
0701020199009202608
0701020202009202608
0701020210009202608
0701020229009202608
0701020237009202608
0701020245009202608
0701020253009202608
0701020261009202608
0701020270009202608
0701020288009202608
0701020296009202608
0701020300009202608
0701020318009202608
0701020326009202608
0701020334009202608
0701020342009202608
0701020350009202608
0701020369009202608
0701020377009202608
0701020385009202608
0701020393009202608
0701020407009202608
0701020415009202608
0701020423009202608
0701020431009202608
0701020440009202608
0701020458009202608
0701020466009202608
0701020474009202608
0701020482009202608
0701020490009202608
0701020504009202608
0701020512009202608
0701020520009202608
0701020539009202608
0701020547009202608
0701020555009202608
0701020563009202608
0701020571009202608
0701020571037202608
0701020580009202608
0701020580037202608
0701020598009202608
0701020601009202608
0701020610009202608
0701020628009202608
0701020636009202608
0701020644009202608
0701020652009202608
0701030305009202608
0701030305037202608
0701030321009202608
0701040017009202608
0701040025009202608
0701040033009202608
0701040041009202608
0701040050009202608
0701040068009202608
0701040092009202608
0701040106009202608
0701040114009202608
0701040122009202608
0701040130009202608
0701040149009202608
0701040149037202608
0701040157009202608
0701040157037202608
0701050012009202608
0701050020009202608
0701050047009202608
0701060018009202608
0701060026009202608
0701060034009202608
0701060042009202608
0701070013009202608
0701070021009202608
0701070030009202608
0701070048009202608
0701070056009202608
0701070064009202608
0701070072009202608
0701070080009202608
0701070099009202608
0701070099053202608
0701070099058202608
0701070099060202608
0701070102053202608
0701070102058202608
0701070102060202608
0701070110009202608
0701070129009202608
0701070129053202608
0701070129058202608
0701070129060202608
0701070137053202608
0701070137058202608
0701070137060202608
0701070145053202608
0701070145058202608
0701070145060202608
0701070153053202608
0701070153058202608
0701070153060202608
0701070188053202608
0701070188058202608
0701070188060202608
0701070196053202608
0701070196058202608
0701070196060202608
0701070200053202608
0701070200058202608
0701070200060202608
0701070218053202608
0701070218058202608
0701070218060202608
0701070226053202608
0701070226058202608
0701070226060202608
0701070234053202608
0701070234058202608
0701070234060202608
0701070242053202608
0701070242058202608
0701070242060202608
0701070250053202608
0701070250058202608
0701070250060202608
0701080027009202608
0701080051009202608
0701080060009202608
0701080078009202608
0701080086009202608
0701080116009202608
0701080124009202608
0701080132009202608
0701080140009202608
0701080159009202608
0701080167009202608
0701080175009202608
0701080183009202608
0701080191009202608
0701090014009202608
0701090022009202608
0701090030009202608
0701090049009202608
0701090057009202608
0701090065009202608
0701090073009202608
0701090081009202608
0701090090009202608
0702020028009202608
0702020036009202608
0702020044009202608
0801010012009202608
0801010012024202608
0801010020009202608
0801010020024202608
0801010047005202608
0802010334058202608
0802010342005202608
0802010350005202608
0803010010009202608
0803010028009202608
0803010036009202608
0803010044009202608
0803010052009202608
0803010060009202608
0803010079009202608
0803010087009202608
0803010095009202608
0803010109009202608
0803010117009202608
0803010125009202608
0803010133009202608
0803010141009202608
0803010150058202608
0803010168058202608
0804010013009202608
0804010021009202608
0804010030009202608
0804010048009202608
0804010056009202608
0804010064009202608
0804020019009202608
0804020027009202608
0804020027053202608
0804020027060202608
0804020035009202608
0804020043009202608
0804030014009202608
0804040010009202608
0804040028009202608
0804040036009202608
0901010014053202608
0901010014054202608
0901010014058202608
0901010014059202608
0901010014060202608
0901010014061202608
0901010049053202608
0901010049054202608
0901010049058202608
0901010049059202608
0901010049060202608
0901010057053202608
0901010057054202608
0901010057058202608
0901010057059202608
0901010057060202608
0901010057062202608
0901010073053202608
0901010073054202608
0901010073058202608
0901010073059202608
0901010073060202608
0901010081053202608
0901010081054202608
0901010081058202608
0901010081059202608
0901010081060202608
0901010090053202608
0901010090054202608
0901010090058202608
0901010090059202608
0901010090060202608
0901010103053202608
0901010103054202608
0901010103058202608
0901010103059202608
0901010103060202608
0901010111053202608
0901010111054202608
0901010111058202608
0901010111059202608
0901010111060202608
0901010120053202608
0901010120054202608
0901010120058202608
0901010120059202608
0901010120060202608
0901010138053202608
0901010138054202608
0901010138058202608
0901010138059202608
0901010138060202608
0902010018053202608
0902010018058202608
0902010018059202608
0902010018060202608
0902010026053202608
0902010026058202608
0902010026059202608
0902010026060202608
0902010034053202608
0902010034058202608
0902010034059202608
0902010034060202608
0902010042053202608
0902010042058202608
0902010042059202608
0902010042060202608
0902010050053202608
0902010050058202608
0902010050059202608
0902010050060202608
0902010069053202608
0902010069058202608
0902010069059202608
0902010069060202608
0902010077043202608
0902010077053202608
0902010077058202608
0903010011053202608
0903010011058202608
0903010011059202608
0903010011060202608
0903010020053202608
0903010020058202608
0903010020059202608
0903010020060202608
0903010038053202608
0903010038056202608
0903010038058202608
0903010038059202608
0903010038060202608
0903010046053202608
0903010046057202608
0903010046058202608
0903010046059202608
0903010046060202608
0904010015053202608
0904010015058202608
0904010015059202608
0904010015060202608
0904010023053202608
0904010023058202608
0904010023059202608
0904010023060202608
0904010031053202608
0904010031058202608
0904010031059202608
0904010031060202608
0905010019053202608
0905010019058202608
0905010019059202608
0905010019060202608
0905010027053202608
0905010027058202608
0905010027059202608
0905010027060202608
0905010035053202608
0905010035058202608
0905010035059202608
0905010035060202608
0905010043053202608
0905010043058202608
0905010043059202608
0905010043060202608
0905010051053202608
0905010051058202608
0905010051059202608
0905010051060202608
0905010060053202608
0905010060058202608
0905010060059202608
0905010060060202608
0905010078053202608
0905010078058202608
0905010078059202608
0905010078060202608
0905010078063202608
0906010012053202608
0906010012058202608
0906010012059202608
0906010012060202608
0906010020053202608
0906010020058202608
0906010020059202608
0906010020060202608
0906010039053202608
0906010039058202608
0906010039059202608
0906010039060202608
0906010047053202608
0906010047058202608
0906010047059202608
0906010047060202608
0906010055053202608
0906010055058202608
0906010055059202608
0906010055060202608
0907010016053202608
0907010016058202608
0907010016059202608
0907010016060202608
0907010016064202608
0907010024053202608
0907010024058202608
0907010024059202608
0907010024071202608
0908010010043202608
0908010010053202608
0908010010058202608
0908010010059202608
0908010028043202608
0908010028053202608
0908010028058202608
0908010028059202608
0908010036043202608
0908010036053202608
0908010036058202608
0908010036059202608
0908010036067202608
0908010044043202608
0908010044053202608
0908010044057202608
0908010044058202608
0908010044059202608
0908010052043202608
0908010052053202608
0908010052058202608
0908010052059202608
0908010052068202608
0908010060043202608
0908010060053202608
0908010060058202608
0908010060059202608
0908010060069202608
0908010079043202608
0908010079053202608
0908010079058202608
0908010079059202608
0908010079070202608
0908010087043202608
0908010087053202608
0908010087058202608
0908010087059202608
