010101001001202608
010101002801202608
010101003601202608
010101009501202608
010101010901202608
010101011701202608
010101012501202608
010101013301202608
010101014101202608
010101015001202608
010101016801202608
010101017601202608
010101018401202608
010101019201202608
010101020601202608
010101021401202608
010101022201202608
010101023001202608
010101024901202608
010101025701202608
010101026501202608
010101027301202608
010101028101202608
010101029001202608
010101030301202608
010102001501202608
010102002301202608
010102003101202608
010102004001202608
010102005801202608
010102005802202608
010102005803202608
010102005806202608
010102006601202608
010102006602202608
010102006603202608
010102007401202608
010102007402202608
010102007403202608
010102008201202608
010102009001202608
010102009002202608
010102009003202608
010102010401202608
010102010406202608
010102011201202608
010102011206202608
010102012001202608
010102012006202608
010103001001202608
010103001006202608
010103002901202608
010104002401202608
010104003201202608
010104004001202608
010104005901202608
010104005902202608
010104007501202608
010104008301202608
010104009101202608
010104010501202608
010104011301202608
010104012101202608
010105001101202608
010105001102202608
010105001103202608
010105001106202608
010105002001202608
010105002002202608
010105002003202608
010105002006202608
010105004601202608
010105004602202608
010105004603202608
010105004606202608
010105005401202608
010105005402202608
010105005403202608
010105005406202608
010105006201202608
010105006202202608
010105006203202608
010105006206202608
010105007001202608
010105007002202608
010105007003202608
010105007006202608
010105008901202608
010105008902202608
010105008903202608
010105008906202608
010105009701202608
010105009702202608
010105009703202608
010105009706202608
010105010001202608
010105010006202608
010105011901202608
010105011902202608
010105011903202608
010105011906202608
010105012701202608
010105012702202608
010105012703202608
010105012706202608
010105013501202608
010105013502202608
010105013503202608
010105013506202608
010105014301202608
010105014302202608
010105014303202608
010105014306202608
010105015101202608
010105015106202608
010105016001202608
010105016006202608
010105017801202608
010105017806202608
010105018601202608
010105019401202608
010105020801202608
010105021601202608
010105022401202608
010105023201202608
010105024001202608
010105025901202608
010105026701202608
010201005601202608
010201006401202608
010201007201202608
010201014501202608
010201015301202608
010201016101202608
010201017001202608
010201018801202608
010201019601202608
010201020001202608
010201021801202608
010201022601202608
010201023401202608
010201024201202608
010201025001202608
010201026901202608
010201027701202608
010201028501202608
010201029301202608
010201030701202608
010201031501202608
010201032301202608
010201033101202608
010201034001202608
010201035801202608
010201036601202608
010201037401202608
010201038201202608
010201039001202608
010201040401202608
010201041201202608
010201042001202608
010201043901202608
010201044701202608
010201045501202608
010201046301202608
010201047101202608
010201048001202608
010201049801202608
010201050101202608
010201051001202608
010201052801202608
010201053601202608
010201054401202608
010201055201202608
010201056001202608
010201057901202608
010201058701202608
010201059501202608
010201060901202608
010201061701202608
010201062501202608
010201063301202608
010201064101202608
010201065001202608
010201066801202608
010202001901202608
010202002701202608
010202003501202608
010202004301202608
010202005101202608
010202006001202608
010202007801202608
010202008601202608
010202009401202608
010202010801202608
010202011601202608
010202012401202608
010202013201202608
010202014001202608
020101001101202608
020101001102202608
020101001103202608
020101002001202608
020101002002202608
020101002003202608
020101003802202608
020101003803202608
020101004601202608
020101004602202608
020101004603202608
020101005402202608
020101005403202608
020101006201202608
020101006202202608
020101006203202608
020101007001202608
020101007002202608
020101007003202608
020101008901202608
020101008902202608
020101008903202608
020101009701202608
020101009702202608
020101009703202608
020101010001202608
020101010002202608
020101010003202608
020101011901202608
020101011902202608
020101011903202608
020101012702202608
020101012703202608
020101013502202608
020101013503202608
020101014302202608
020101014303202608
020101015101202608
020101015102202608
020101015103202608
020101016001202608
020101016002202608
020101016003202608
020101017801202608
020101017802202608
020101017803202608
020101018601202608
020101018602202608
020101018603202608
020101019401202608
020101019402202608
020101019403202608
020101020802202608
020101020803202608
020101021601202608
020101021602202608
020101021603202608
020101022401202608
020101022402202608
020101022403202608
020101023201202608
020101023202202608
020101023203202608
020101024001202608
020101024002202608
020101024003202608
020101025902202608
020101025903202608
020101026701202608
020101026702202608
020101026703202608
020101027501202608
020101027502202608
020101027503202608
020101028301202608
020101028302202608
020101028303202608
020101029101202608
020101029102202608
020101029103202608
020101030501202608
020101030502202608
020101030503202608
020101031301202608
020101031302202608
020101031303202608
020101032101202608
020101032102202608
020101032103202608
020101033001202608
020101033002202608
020101033003202608
020101034801202608
020101034802202608
020101034803202608
020101035601202608
020101036401202608
020101037201202608
020101037202202608
020101037203202608
020101038001202608
020101038002202608
020101038003202608
020101039901202608
020101039902202608
020101039903202608
020101040201202608
020101040202202608
020101040203202608
020101041001202608
020101041002202608
020101041003202608
020101042902202608
020101043701202608
020101043702202608
020101043703202608
020101044501202608
020101044502202608
020101044503202608
020101045301202608
020101045302202608
020101045303202608
020101046101202608
020101046102202608
020101046103202608
020101047001202608
020101047002202608
020101047003202608
020101048801202608
020101048802202608
020101048803202608
020101049601202608
020101049602202608
020101049603202608
020101050001202608
020101050002202608
020101050003202608
020101051801202608
020101051802202608
020101051803202608
020101052601202608
020101052602202608
020101052603202608
020101053402202608
020101053403202608
020101054201202608
020101054202202608
020101054203202608
020101055002202608
020101055003202608
020101056901202608
020101056902202608
020101056903202608
020101058501202608
020101059301202608
020101059302202608
020101059303202608
020101060701202608
020101061501202608
020101061502202608
020101061503202608
020101062301202608
020101062302202608
020101062303202608
020101063101202608
020101063102202608
020101063103202608
020101064001202608
020101064002202608
020101064003202608
020101065801202608
020101065802202608
020101065803202608
020101066601202608
020101066602202608
020101066603202608
020102001701202608
020102001702202608
020102001703202608
020102002501202608
020102002502202608
020102002503202608
020102003301202608
020102003302202608
020102003303202608
020102003306202608
020102004101202608
020102004102202608
020102004103202608
020102004106202608
020102005001202608
020102005002202608
020102005003202608
020102006801202608
020102007601202608
020102008401202608
020201001501202608
020201001502202608
020201001503202608
020201002301202608
020201002302202608
020201002303202608
020201003101202608
020201003102202608
020201003103202608
020201004001202608
020201004002202608
020201004003202608
020201005801202608
020201005802202608
020201005803202608
020201006601202608
020201006602202608
020201006603202608
020201007401202608
020201007402202608
020201007403202608
020201008201202608
020201008202202608
020201008203202608
020201009001202608
020201009002202608
020201009003202608
020201010401202608
020201010402202608
020201010403202608
020201011201202608
020201011202202608
020201011203202608
020201012001202608
020201012002202608
020201012003202608
020201013901202608
020201013902202608
020201013903202608
020201014701202608
020201014702202608
020201014703202608
020201015501202608
020201015502202608
020201015503202608
020201016301202608
020201016302202608
020201016303202608
020201017101202608
020201017102202608
020201017103202608
020201018001202608
020201018002202608
020201018003202608
020201019801202608
020201019802202608
020201019803202608
020201020101202608
020201020102202608
020201020103202608
020201021001202608
020201021002202608
020201021003202608
020201022801202608
020201022802202608
020201022803202608
020201023601202608
020201023602202608
020201023603202608
020201024402202608
020201024403202608
020201025201202608
020201025202202608
020201025203202608
020201026001202608
020201026002202608
020201026003202608
020201027901202608
020201027902202608
020201027903202608
020201028701202608
020201028702202608
020201028703202608
020201029501202608
020201029502202608
020201029503202608
020201030901202608
020201030902202608
020201030903202608
020201031701202608
020201031702202608
020201031703202608
020201032501202608
020201032502202608
020201032503202608
020201033301202608
020201033302202608
020201033303202608
020201034101202608
020201034102202608
020201034103202608
020201035001202608
020201035002202608
020201035003202608
020201036801202608
020201036802202608
020201036803202608
020201037601202608
020201037602202608
020201037603202608
020201038401202608
020201038402202608
020201038403202608
020201039201202608
020201039202202608
020201039203202608
020201040601202608
020201040602202608
020201040603202608
020201041401202608
020201041402202608
020201041403202608
020201042201202608
020201042202202608
020201042203202608
020201043001202608
020201043002202608
020201043003202608
020201044901202608
020201044902202608
020201044903202608
020201045701202608
020201045702202608
020201045703202608
020201046501202608
020201046502202608
020201046503202608
020201047301202608
020201047302202608
020201047303202608
020201048101202608
020201048102202608
020201048103202608
020201049001202608
020201049002202608
020201049003202608
020201050301202608
020201050302202608
020201050303202608
020201051101202608
020201051102202608
020201051103202608
020201052001202608
020201053801202608
020201053802202608
020201053803202608
020201054601202608
020201054602202608
020201054603202608
020201055401202608
020201055402202608
020201055403202608
020201056201202608
020201056202202608
020201056203202608
020201057001202608
020201057002202608
020201057003202608
020201058901202608
020201058902202608
020201058903202608
020201059701202608
020201059702202608
020201059703202608
020201060001202608
020201060002202608
020201060003202608
020201061901202608
020201061902202608
020201061903202608
020201062701202608
020201062702202608
020201062703202608
020201063501202608
020201063502202608
020201063503202608
020201064301202608
020201064302202608
020201064303202608
020201065101202608
020201065102202608
020201065103202608
020201066001202608
020201066002202608
020201066003202608
020201067801202608
020201067802202608
020201067803202608
020201068601202608
020201068602202608
020201068603202608
020201069401202608
020201069402202608
020201069403202608
020201070801202608
020201070802202608
020201070803202608
020201071601202608
020201071602202608
020201071603202608
020201072401202608
020201072402202608
020201072403202608
020201073201202608
020201073202202608
020201073203202608
020201074001202608
020201074002202608
020201074003202608
020201075901202608
020201075902202608
020201075903202608
020201076701202608
020201076702202608
020201076703202608
020201077501202608
020201078301202608
020201079101202608
020202001001202608
020202001002202608
020202001003202608
020202002901202608
020202002902202608
020202002903202608
020202003701202608
020202003702202608
020202003703202608
020202004501202608
020202004502202608
020202004503202608
020202005301202608
020202005302202608
020202005303202608
020202006101202608
020202006102202608
020202006103202608
020202007001202608
020202007002202608
020202007003202608
020202008801202608
020202008802202608
020202008803202608
020202009601202608
020202009602202608
020202009603202608
020202010001202608
020202010002202608
020202010003202608
020202011801202608
020202012601202608
020202012602202608
020202013401202608
020202013402202608
020202013403202608
020202014201202608
020202014202202608
020202014203202608
020202015001202608
020202015002202608
020202015003202608
020202016901202608
020202016902202608
020202016903202608
020202017701202608
020202017702202608
020202017703202608
020202018501202608
020202018502202608
020202018503202608
020202019301202608
020202019302202608
020202019303202608
020202020701202608
020202020702202608
020202020703202608
020202021501202608
020202021502202608
020202021503202608
020202022301202608
020202022302202608
020202022303202608
020202023101202608
020202023102202608
020202023103202608
020202024001202608
020202024002202608
020202024003202608
020202025801202608
020202025802202608
020202025803202608
020202026601202608
020202026602202608
020202026603202608
020202027401202608
020202027402202608
020202027403202608
020202028201202608
020202028202202608
020202028203202608
020202029001202608
020202029002202608
020202029003202608
020202030401202608
020202030402202608
020202030403202608
020202031201202608
020202031202202608
020202031203202608
020202032001202608
020202032002202608
020202032003202608
020202033901202608
020202033902202608
020202033903202608
020202034701202608
020202034702202608
020202034703202608
020202035501202608
020202035502202608
020202035503202608
020202036301202608
020202036302202608
020202036303202608
020202037101202608
020202037102202608
020202037103202608
020202038001202608
020202038002202608
020202038003202608
020202039801202608
020202039802202608
020202039803202608
020202040101202608
020202040102202608
020202040103202608
020202041001202608
020202041002202608
020202041003202608
020202042801202608
020202042802202608
020202042803202608
020202043601202608
020202043602202608
020202043603202608
020202044401202608
020202044402202608
020202044403202608
020202045201202608
020202045202202608
020202045203202608
020202046001202608
020202046002202608
020202046003202608
020202047902202608
020202048701202608
020202048702202608
020202048703202608
020202049501202608
020202049502202608
020202049503202608
020202050901202608
020202050902202608
020202050903202608
020202051701202608
020202052501202608
020202052502202608
020202052503202608
020202053301202608
020202053302202608
020202053303202608
020202054101202608
020202054102202608
020202054103202608
020202055001202608
020202055002202608
020202056801202608
020202056802202608
020202057601202608
020202057602202608
020203001601202608
020203001602202608
020203001603202608
020203002401202608
020203002402202608
020203002403202608
020203003201202608
020203003202202608
020203003203202608
020203004001202608
020203004002202608
020203004003202608
020203005901202608
020203005902202608
020203005903202608
020203006701202608
020203006702202608
020203006703202608
020203007501202608
020203007502202608
020203007503202608
020203008301202608
020203008302202608
020203008303202608
020203009101202608
020203009102202608
020203009103202608
020203010501202608
020203010502202608
020203010503202608
020203011301202608
020203011302202608
020203011303202608
020203012101202608
020203012102202608
020203012103202608
020203013001202608
020203013002202608
020203013003202608
020203014801202608
020203014802202608
020203014803202608
020203015601202608
020203015602202608
020203015603202608
020203016401202608
020203016402202608
020203016403202608
020203017202202608
020203017203202608
020203018001202608
020203018002202608
020203018003202608
020203019901202608
020203019902202608
020203019903202608
020203020201202608
020203020202202608
020203020203202608
020203022901202608
020203022902202608
020203022903202608
020203023701202608
020203023702202608
020203024501202608
020203024502202608
020203024503202608
020203024506202608
020203025301202608
020203025302202608
020203025303202608
020203026101202608
020203027001202608
020203027002202608
020203027003202608
020203028801202608
020203028802202608
020203028803202608
020203029601202608
020203029602202608
020203029603202608
020203032601202608
020203032602202608
020203032603202608
020203033401202608
020203033402202608
020203033403202608
020203034201202608
020203034202202608
020203034203202608
020203035001202608
020203035002202608
020203035003202608
020203036901202608
020203036902202608
020203036903202608
020203037701202608
020203037702202608
020203037703202608
020203038501202608
020203038502202608
020203038503202608
020203039301202608
020203039302202608
020203039303202608
020203040701202608
020203040702202608
020203040703202608
020203041501202608
020203041502202608
020203041503202608
020203042301202608
020203042302202608
020203042303202608
020203043101202608
020203043102202608
020203043103202608
020203044001202608
020203044002202608
020203044003202608
020203045801202608
020203045802202608
020203045803202608
020203046601202608
020203046602202608
020203046603202608
020203047401202608
020203047402202608
020203047403202608
020203048201202608
020203048202202608
020203048203202608
020203050401202608
020203050402202608
020203050403202608
020203051201202608
020203051202202608
020203051203202608
020203052001202608
020203052002202608
020203052003202608
020203053901202608
020203053902202608
020203053903202608
020203054701202608
020203054702202608
020203054703202608
020203055501202608
020203055502202608
020203055503202608
020203056301202608
020203056302202608
020203056303202608
020203057101202608
020203057102202608
020203057103202608
020203058001202608
020203058002202608
020203058003202608
020203059801202608
020203059802202608
020203059803202608
020203060101202608
020203060102202608
020203061001202608
020203061002202608
020203061003202608
020203062801202608
020203062802202608
020203062803202608
020203063601202608
020203063602202608
020203063603202608
020203064401202608
020203064402202608
020203064403202608
020203065201202608
020203065202202608
020203065203202608
020203066001202608
020203066002202608
020203066003202608
020203068701202608
020203068702202608
020203068703202608
020203069501202608
020203069502202608
020203069503202608
020203070901202608
020203070902202608
020203070903202608
020203071701202608
020203071702202608
020203071703202608
020203072501202608
020203072502202608
020203072503202608
020203073301202608
020203073302202608
020203073303202608
020203074101202608
020203074102202608
020203074103202608
020203075001202608
020203075002202608
020203075003202608
020203076801202608
020203076802202608
020203076803202608
020203077601202608
020203077602202608
020203077603202608
020203078401202608
020203078402202608
020203078403202608
020203079201202608
020203079202202608
020203079203202608
020203080601202608
020203080602202608
020203080603202608
020203081401202608
020203081402202608
020203081403202608
020203082201202608
020203082202202608
020203082203202608
020203083001202608
020203083002202608
020203083003202608
020203084901202608
020203084902202608
020203084903202608
020203085701202608
020203085702202608
020203085703202608
020203086501202608
020203086502202608
020203086503202608
020203087301202608
020203087302202608
020203087303202608
020203088101202608
020203088102202608
020203088103202608
020203089001202608
020203089002202608
020203089003202608
020203090301202608
020203090302202608
020203090303202608
020203091101202608
020203091102202608
020203091103202608
020203092001202608
020203092002202608
020203092003202608
020203093801202608
020203093802202608
020203093803202608
020203094601202608
020203094602202608
020203094603202608
020203095401202608
020203095402202608
020203095403202608
020203096201202608
020203096202202608
020203096203202608
020203098901202608
020203098902202608
020203098903202608
020203099701202608
020203099702202608
020203099703202608
020203100401202608
020203100402202608
020203100403202608
020203101201202608
020203101202202608
020203101203202608
020203103901202608
020203103902202608
020203103903202608
020203104701202608
020203104702202608
020203104703202608
020203105501202608
020203106301202608
020203106302202608
020203106303202608
020203107101202608
020203107102202608
020203107103202608
020203108001202608
020203110101202608
020203110102202608
020203110103202608
020203111001202608
020203111002202608
020203111003202608
020203114401202608
020203114402202608
020203114403202608
020203115201202608
020203115202202608
020203115203202608
020203117901202608
020203117902202608
020203117903202608
020203118701202608
020203118702202608
020203118703202608
020203119501202608
020203119502202608
020203119503202608
020203120901202608
020203120902202608
020203120903202608
020203121701202608
020203122501202608
020203122502202608
020203122503202608
020203123301202608
020203123302202608
020203123303202608
020203124101202608
020203127601202608
020203127602202608
020203127603202608
020203128401202608
020203128402202608
020203129201202608
020203129202202608
020203130601202608
020203130602202608
020203131401202608
020203131402202608
020203132201202608
020203132202202608
020203136501202608
020203136502202608
020203136503202608
020203137301202608
020203137302202608
020203137303202608
020203138101202608
020203138102202608
020203138103202608
020203139001202608
020203139002202608
020203139003202608
020203140301202608
020203140302202608
020203140303202608
020203141101202608
020203141102202608
020203141103202608
020203142001202608
020203142002202608
020203142003202608
020203143801202608
020203143802202608
020203143803202608
020203144601202608
020203144602202608
020203144603202608
020203145401202608
020203145402202608
020203145403202608
020203146201202608
020203146202202608
020203146203202608
020203147001202608
020203147002202608
020203147003202608
020203148901202608
020203148902202608
020203148903202608
020203149701202608
020203149702202608
020203149703202608
020203150001202608
020203150002202608
020203150003202608
020203151901202608
020203151902202608
020203151903202608
020203152701202608
020203152702202608
020203152703202608
020203153501202608
020203153502202608
020203153503202608
020203154301202608
020203154302202608
020203154303202608
020203155101202608
020203155102202608
020203155103202608
020203156001202608
020203157801202608
020203158601202608
020203159401202608
020203160801202608
020203161601202608
020203162401202608
020203162402202608
020203162403202608
020204001101202608
020204001102202608
020204001103202608
020204002001202608
020204002002202608
020204002003202608
020204003801202608
020204003802202608
020204003803202608
020204004601202608
020204004602202608
020204004603202608
020204005401202608
020204005402202608
020204005403202608
020204006201202608
020204006202202608
020204006203202608
020204007001202608
020204007002202608
020204007003202608
020204008901202608
020204008902202608
020204008903202608
020204009701202608
020204009702202608
020204009703202608
020204010001202608
020204010002202608
020204010003202608
020204011901202608
020204012701202608
020204012702202608
020204012703202608
020204013501202608
020204013502202608
020204013503202608
020204014301202608
020204014302202608
020204014303202608
020204015101202608
020204015102202608
020204015103202608
020204016001202608
020204016002202608
020204016003202608
020204017801202608
020204017802202608
020204017803202608
020204018601202608
020204018602202608
020204019401202608
020204019402202608
020205001701202608
020205001702202608
020205001703202608
020205002501202608
020205002502202608
020205002503202608
020205003301202608
020205003302202608
020205003303202608
020205004101202608
020205004102202608
020205004103202608
020205005001202608
020205005002202608
020205005003202608
020205006801202608
020205006802202608
020205006803202608
020205007601202608
020205007602202608
020205007603202608
020205008401202608
020205008402202608
020205008403202608
020205009201202608
020205009202202608
020205009203202608
020205010601202608
020205010602202608
020205010603202608
020205011401202608
020205011402202608
020205011403202608
020205012201202608
020205012202202608
020205012203202608
020205013001202608
020205013002202608
020205013003202608
020205014901202608
020205014902202608
020205014903202608
020205015701202608
020205015702202608
020205015703202608
020205016501202608
020205016502202608
020205016503202608
020205017301202608
020205017302202608
020205017303202608
020205018101202608
020205018102202608
020205018103202608
020205019001202608
020205019002202608
020205019003202608
020205020301202608
020205020302202608
020205020303202608
020205021101202608
020205021102202608
020205021103202608
020205022001202608
020205022002202608
020205022003202608
020205023801202608
020205023802202608
020205023803202608
020205024601202608
020205024602202608
020205024603202608
020205025401202608
020205025402202608
020205025403202608
020205026201202608
020205026202202608
020205026203202608
020205027001202608
020205027002202608
020205027003202608
020205028901202608
020205028902202608
020205028903202608
020205029701202608
020205029702202608
020205029703202608
020205030001202608
020205030002202608
020205030003202608
020205031901202608
020205031902202608
020205031903202608
020205032701202608
020205032702202608
020205032703202608
020206001201202608
020206001202202608
020206001203202608
020206002001202608
020206002002202608
020206002003202608
020206003901202608
020206003902202608
020206003903202608
020206004701202608
020206004702202608
020206004703202608
020206005501202608
020206005502202608
020206005503202608
020206006301202608
020206006302202608
020206006303202608
020206007101202608
020206007102202608
020206007103202608
020206008001202608
020206008002202608
020206008003202608
020206009801202608
020206009802202608
020206009803202608
020206010101202608
020206010102202608
020206010103202608
020206011001202608
020206011002202608
020206011003202608
020206012801202608
020206012802202608
020206012803202608
020206013601202608
020206013602202608
020206013603202608
020206014401202608
020206014402202608
020206014403202608
020206015201202608
020206015202202608
020206015203202608
020206016001202608
020206016002202608
020206016003202608
020206017901202608
020206017902202608
020206017903202608
020206018701202608
020206018702202608
020206018703202608
020206019501202608
020206019502202608
020206019503202608
020206020901202608
020206020902202608
020206020903202608
020206021701202608
020206021702202608
020206021703202608
020206022501202608
020206022502202608
020206022503202608
020206023301202608
020206023302202608
020206023303202608
020206024101202608
020206024102202608
020206024103202608
020206025001202608
020206025002202608
020206025003202608
020206026801202608
020206026802202608
020206026803202608
020206027601202608
020206028401202608
020206028402202608
020206028403202608
020206029201202608
020206029202202608
020206029203202608
020206030601202608
020206030602202608
020206030603202608
020206031401202608
020206031402202608
020206031403202608
020206032201202608
020206033001202608
020206033002202608
020206033003202608
020206034901202608
020206034902202608
020206034903202608
020206035701202608
020206035702202608
020206036501202608
020206036502202608
020206036503202608
020206037301202608
020206037302202608
020206037303202608
020206038101202608
020206038102202608
020206038103202608
020206039001202608
020206039002202608
020206039003202608
020206040301202608
020206040302202608
020206040303202608
020206041101202608
020206041102202608
020206041103202608
020206042001202608
020206042002202608
020206042003202608
020206043801202608
020206043802202608
020206043803202608
020206044601202608
020206044602202608
020206044603202608
020206045401202608
020206045402202608
020206045403202608
020206046201202608
020206046202202608
020206046203202608
020206047001202608
020206047002202608
020206047003202608
020207001801202608
020207001802202608
020207001803202608
020207002601202608
020207002602202608
020207002603202608
020207003401202608
020207003402202608
020207003403202608
020207004201202608
020207004202202608
020207004203202608
020207005001202608
020207005002202608
020207005003202608
020207006901202608
020207006902202608
020207006903202608
020207007701202608
020207007702202608
020207007703202608
020207008501202608
020207008502202608
020207008503202608
020207009301202608
020207009302202608
020207009303202608
020207010701202608
020207010702202608
020207010703202608
020207011501202608
020207011502202608
020207011503202608
020207012301202608
020207012302202608
020207012303202608
020207013101202608
020207013102202608
020207013103202608
020207014001202608
020207014002202608
020207014003202608
020207015801202608
020207015802202608
020207015803202608
020207016601202608
020207016602202608
020207016603202608
020207017401202608
020207017402202608
020207017403202608
020207018201202608
020207018202202608
020207018203202608
020207019001202608
020207019002202608
020207019003202608
020207020401202608
020207020402202608
020207020403202608
020207021201202608
020207021202202608
020207021203202608
020207022001202608
020207022002202608
020207022003202608
020207023901202608
020207023902202608
020207023903202608
020207024701202608
020207024702202608
020207024703202608
020207025501202608
020207025502202608
020207025503202608
020207026301202608
020207026302202608
020207026303202608
020207027101202608
020207027102202608
020207027103202608
020207028001202608
020207028002202608
020207028003202608
020207029801202608
020207029802202608
020207029803202608
020207030101202608
020207030102202608
020207030103202608
020207031001202608
020207031002202608
020207031003202608
020207032801202608
020207032802202608
020207032803202608
020207033601202608
020207033602202608
020207033603202608
020207034401202608
020207034402202608
020207034403202608
020207035201202608
020207035202202608
020207035203202608
020208001301202608
020208001302202608
020208001303202608
020208002101202608
020208002102202608
020208002103202608
020208003001202608
020208003002202608
020208003003202608
020208004801202608
020208004802202608
020208004803202608
020208005601202608
020208005602202608
020208005603202608
020208006401202608
020208006402202608
020208006403202608
020208007201202608
020208007202202608
020208007203202608
020208008001202608
020208008002202608
020208008003202608
020208009901202608
020208009902202608
020208009903202608
020208010201202608
020208010202202608
020208010203202608
020208011001202608
020208011002202608
020208011003202608
020208012901202608
020208012902202608
020208012903202608
020208013701202608
020208013702202608
020208013703202608
020208014501202608
020208014502202608
020208014503202608
020208015301202608
020208015302202608
020208015303202608
020208016101202608
020208016102202608
020208016103202608
020208017001202608
020208017002202608
020208017003202608
020208018801202608
020208018802202608
020208018803202608
020208019601202608
020208019602202608
020208019603202608
020208020001202608
020208020002202608
020208020003202608
020208021801202608
020208021802202608
020208021803202608
020208022601202608
020208022602202608
020208022603202608
020208023401202608
020208023402202608
020208023403202608
020208024201202608
020208025001202608
020208025002202608
020208025003202608
020209001901202608
020209001902202608
020209001903202608
020209002701202608
020209002702202608
020209002703202608
020209003501202608
020209003502202608
020209003503202608
020209004301202608
020209004302202608
020209004303202608
020209005101202608
020209005102202608
020209005103202608
020209006001202608
020209006002202608
020209006003202608
020209007801202608
020209007802202608
020209007803202608
020209008601202608
020209008602202608
020209008603202608
020209009401202608
020209009402202608
020209009403202608
020209010801202608
020209010802202608
020209010803202608
020209011601202608
020209012401202608
020209012402202608
020209012403202608
020209013201202608
020209013202202608
020209013203202608
020209014002202608
020209015901202608
020209015902202608
020209015903202608
020209016701202608
020209016702202608
020209016703202608
020209017501202608
020209017502202608
020209017503202608
020209018301202608
020209018302202608
020209018303202608
020209019101202608
020209019102202608
020209019103202608
020209021301202608
020209021302202608
020209021303202608
020209022101202608
020209022102202608
020209022103202608
020209023001202608
020209023002202608
020209023003202608
020209024801202608
020209024802202608
020209024803202608
020209025601202608
020209025602202608
020209025603202608
020209026401202608
020209026402202608
020209026403202608
020209027201202608
020209027202202608
020209027203202608
020209028001202608
020209028002202608
020209028003202608
020209029901202608
020209029902202608
020209029903202608
020209030201202608
020209030202202608
020209030203202608
020209031001202608
020209031002202608
020209031003202608
020209032901202608
020209032902202608
020209032903202608
020209033701202608
020209033702202608
020209033703202608
020209034501202608
020209034502202608
020209034503202608
020209035301202608
020209035302202608
020209035303202608
020209036101202608
020209036102202608
020209036103202608
020210001401202608
020210001402202608
020210002201202608
020210002202202608
020210003001202608
020210003002202608
020210004901202608
020210004902202608
020210005701202608
020210006501202608
020210007301202608
020210008101202608
020210009001202608
020210010301202608
020210011101202608
020210012001202608
020210013801202608
020210014601202608
020210015401202608
020210016201202608
020210017001202608
020210018901202608
020210019701202608
020210020001202608
020210021901202608
020210021902202608
020210022701202608
020210022702202608
020210023501202608
020210023502202608
020210024301202608
020210024302202608
020210025101202608
020211001001202608
020211002801202608
020211003601202608
020211004401202608
020211005201202608
020211006001202608
020211007901202608
020211008701202608
020211009501202608
020211010901202608
020211011701202608
020211012501202608
020211013301202608
020211014101202608
020211015001202608
020212001501202608
020212001502202608
020212001503202608
020212002301202608
020212002302202608
020212002303202608
020212003101202608
020212003102202608
020212003103202608
020212004001202608
020212004002202608
020212004003202608
020212005801202608
020212005802202608
020212005803202608
020212006601202608
020212006602202608
020212006603202608
020212007401202608
020212007402202608
020212007403202608
020212008201202608
020212008202202608
020212008203202608
020212009001202608
020212009002202608
020212009003202608
020212010401202608
020212010402202608
020212010403202608
020301001901202608
020301002701202608
020301002702202608
020301002703202608
020301003501202608
020301003502202608
020301003503202608
020301004301202608
020301007801202608
020301008601202608
020302001401202608
020302002201202608
020302002202202608
020302003001202608
020302003002202608
020302003003202608
020302004901202608
020302004902202608
020302005702202608
020302006501202608
020302007301202608
020302008101202608
020401001201202608
020401001202202608
020401001203202608
020401002001202608
020401002002202608
020401002003202608
020401003901202608
020401003902202608
020401003903202608
020401004701202608
020401004702202608
020401004703202608
020401005501202608
020401005502202608
020401005503202608
020401006301202608
020401006302202608
020401006303202608
020401007101202608
020401007102202608
020401007103202608
020401008001202608
020401008002202608
020401008003202608
020401009801202608
020401009802202608
020401009803202608
020401010101202608
020401010102202608
020401010103202608
020401011001202608
020401011002202608
020401011003202608
020401012801202608
020401012802202608
020401012803202608
020401013601202608
020401013602202608
020401013603202608
020401014401202608
020401014402202608
020401014403202608
020401015201202608
020401015202202608
020401015203202608
020401016001202608
020401016002202608
020401016003202608
020401017901202608
020401017902202608
020401017903202608
020401019501202608
020401019502202608
020401019503202608
020401020901202608
020401020902202608
020401020903202608
020401021701202608
020401021702202608
020401021703202608
020401021706202608
020401022501202608
020401022502202608
020401022503202608
020401022506202608
020402001801202608
020402001802202608
020402001803202608
020402002601202608
020402002602202608
020402002603202608
020402003401202608
020402003402202608
020402003403202608
020402004201202608
020402004202202608
020402004203202608
020402005001202608
020402005002202608
020402005003202608
020402006901202608
020402006902202608
020402006903202608
020402007701202608
020402007702202608
020402007703202608
020402008501202608
020402008502202608
020402008503202608
020402009301202608
020402009302202608
020402010701202608
020402010702202608
020402010703202608
020402011501202608
020402011502202608
020402011503202608
020402012301202608
020402012302202608
020402012303202608
020402013101202608
020402013102202608
020402013103202608
020403001301202608
020403001302202608
020403001303202608
020403002101202608
020403002102202608
020403002103202608
020403003001202608
020403004801202608
020403004802202608
020403004803202608
020403005601202608
020403005602202608
020403005603202608
020403006401202608
020403006402202608
020403006403202608
020403007201202608
020403007202202608
020403007203202608
020403008001202608
020403008002202608
020403008003202608
020403009901202608
020403009902202608
020403009903202608
020403010201202608
020403010202202608
020403010203202608
020403011001202608
020403011002202608
020403011003202608
020403012901202608
020403012902202608
020403012903202608
020403013701202608
020403013702202608
020403013703202608
020403014501202608
020403014502202608
020403014503202608
020403015301202608
020403015302202608
020403015303202608
020403016101202608
020403017001202608
020403017002202608
020403017003202608
020403018801202608
020404001901202608
020404001902202608
020404001903202608
020404002701202608
020404002702202608
020404002703202608
020404003501202608
020404003502202608
020404003503202608
020404004301202608
020404004302202608
020404004303202608
020404005101202608
020404005102202608
020404005103202608
020404006001202608
020404006002202608
020404006003202608
020404007801202608
020404007802202608
020404007803202608
020404008601202608
020404008602202608
020404008603202608
020404009401202608
020404009402202608
020404009403202608
020404010801202608
020404010802202608
020404010803202608
020404011601202608
020404011602202608
020404011603202608
020404012401202608
020404012402202608
020405001401202608
020405001402202608
020405001403202608
020405002201202608
020405002202202608
020405002203202608
020405003001202608
020405003002202608
020405003003202608
020405004901202608
020405004902202608
020405004903202608
020405005701202608
020405005702202608
020405005703202608
020405006501202608
020405006502202608
020405006503202608
020405007301202608
020405007302202608
020405007303202608
020405008101202608
020405008102202608
020405008103202608
020405009002202608
020405009003202608
020405010301202608
020405010302202608
020405010303202608
020405011101202608
020405011102202608
020405011103202608
020405012001202608
020405012002202608
020405012003202608
020405013801202608
020405013802202608
020405013803202608
020405014601202608
020405014602202608
020405014603202608
020405015401202608
020405015402202608
020405015403202608
020405016201202608
020405016202202608
020405016203202608
020405017001202608
020405017002202608
020405017003202608
020405018901202608
020405018902202608
020405018903202608
020406001001202608
020406001002202608
020406001003202608
020406002801202608
020406002802202608
020406002803202608
020406003601202608
020406003602202608
020406003603202608
020406004401202608
020406004402202608
020406004403202608
020406005201202608
020406006001202608
020406006002202608
020406006003202608
020406007901202608
020406007902202608
020406007903202608
020406008701202608
020406008702202608
020406008703202608
020406009501202608
020406009502202608
020406009503202608
020406010901202608
020406010902202608
020406010903202608
020406011701202608
020406011702202608
020406011703202608
020406012501202608
020406012502202608
020406012503202608
020406013301202608
020406013302202608
020406013303202608
020406014101202608
020406014102202608
020406014103202608
020406015001202608
020406015002202608
020406015003202608
020406016801202608
020406016802202608
020406016803202608
020406017601202608
020406017602202608
020406017603202608
020501001601202608
020501001602202608
020501001603202608
020501002401202608
020501002402202608
020501002403202608
020501003201202608
020501003202202608
020501003203202608
020501004001202608
020501004002202608
020501004003202608
020501005901202608
020501005902202608
020501005903202608
020502001101202608
020502001102202608
020502001103202608
020502002001202608
020502003801202608
020502003802202608
020502003803202608
020502004601202608
020502004602202608
020502004603202608
020502005401202608
020502005402202608
020502005403202608
020502006201202608
020502006202202608
020502006203202608
020502007001202608
020502007002202608
020502007003202608
020502008901202608
020502008902202608
020502008903202608
020502009701202608
020502009702202608
020502009703202608
020502010001202608
020502010002202608
020502010003202608
020502011901202608
020502011902202608
020502011903202608
020502012701202608
020502012702202608
020502012703202608
020502013501202608
020502013502202608
020502013503202608
020502014301202608
020502014302202608
020502014303202608
020502015101202608
020502015102202608
020502016001202608
020502016002202608
020502016003202608
020502017801202608
020502017802202608
020502017803202608
020502018601202608
020502018602202608
020502018603202608
020502019401202608
020502019402202608
020502019403202608
020502022401202608
020502022402202608
020502022403202608
020601001001202608
020601001002202608
020601001003202608
020601002801202608
020601002802202608
020601002803202608
020601003601202608
020601003602202608
020601003603202608
020601004401202608
020601004402202608
020601004403202608
020601005201202608
020601005202202608
020601005203202608
020601006001202608
020601006002202608
020601006003202608
020601007901202608
020601007902202608
020601007903202608
020601008701202608
020601008702202608
020601008703202608
020601009501202608
020602001501202608
020602001502202608
020602001503202608
020602002301202608
020602002302202608
020602002303202608
020602003101202608
020602003102202608
020602003103202608
020602004002202608
020602004003202608
020603001001202608
020603001002202608
020603001003202608
020603002901202608
020603002902202608
020603002903202608
020603003701202608
020603003702202608
020603003703202608
020603004501202608
020603005301202608
020701001301202608
020701001302202608
020701001303202608
020701002101202608
020701002102202608
020701002103202608
020701003001202608
020701003002202608
020701003003202608
020701004801202608
020701004802202608
020701004803202608
020701005601202608
020701005602202608
020701005603202608
020701006401202608
020701006402202608
020701006403202608
020701007201202608
020701007202202608
020701007203202608
020702001901202608
020702001902202608
020702001903202608
020702002701202608
020702002702202608
020702002703202608
020702003501202608
020702003502202608
020702003503202608
020702006001202608
020702006002202608
020702006003202608
020703001401202608
020703001402202608
020703001403202608
020703002201202608
020703002202202608
020703002203202608
020703003001202608
020703003002202608
020703003003202608
020703004901202608
020703004902202608
020703004903202608
020703005701202608
020703005702202608
020703005703202608
020801001701202608
020801001702202608
020801001703202608
020801002501202608
020801002502202608
020801002503202608
020801003301202608
020801003302202608
020801003303202608
020801004101202608
020801004102202608
020801004103202608
020801005001202608
020801005002202608
020801005003202608
020801006801202608
020801006802202608
020801006803202608
020801007601202608
020801007602202608
020801007603202608
020801008401202608
020801008402202608
020801008403202608
020801009201202608
020801009202202608
020801009203202608
020802001201202608
020802001202202608
020802001203202608
020802002001202608
020802002002202608
020802002003202608
020802003901202608
020802003902202608
020802003903202608
020802004702202608
020802004703202608
020802005501202608
020802005502202608
020802005503202608
020802006301202608
020802006302202608
020802006303202608
020802007101202608
020802007102202608
020802007103202608
020802008001202608
020802008002202608
020802008003202608
020802009801202608
020802009802202608
020802009803202608
020802010101202608
020802010102202608
020802010103202608
020802011001202608
020802011002202608
020802011003202608
020802012801202608
020802012802202608
020802012803202608
020803001801202608
020803001802202608
020803001803202608
020803002601202608
020803002602202608
020803002603202608
020803003401202608
020803003402202608
020803003403202608
020803004201202608
020803004202202608
020803004203202608
020803005001202608
020803005002202608
020803005003202608
020804001302202608
020804001303202608
020804002101202608
020804002102202608
020804002103202608
020804003001202608
020804003002202608
020804003003202608
020804004802202608
020804004803202608
020804005601202608
020804005602202608
020804005603202608
020804006401202608
020804006402202608
020804006403202608
020804007201202608
020804007202202608
020804007203202608
020804008001202608
020804008002202608
020804008003202608
020804009901202608
020804009902202608
020804009903202608
020804010201202608
020804010202202608
020804010203202608
020805001901202608
020805001902202608
020805001903202608
020805002702202608
020805002703202608
020805003501202608
020805003502202608
020805003503202608
020805004301202608
020805004302202608
020805004303202608
020806001401202608
020806001402202608
020806001403202608
020806002201202608
020806002202202608
020806002203202608
020806003001202608
020806003002202608
020806003003202608
020807001001202608
020807001002202608
020807001003202608
020807002801202608
020807002802202608
020807002803202608
020807003601202608
020807003602202608
020807003603202608
020807004401202608
020807004402202608
020807004403202608
020808001501202608
020808001502202608
020808001503202608
020808002301202608
020808002302202608
020808002303202608
020808003101202608
020808003102202608
020808003103202608
020808004001202608
020808004002202608
020808004003202608
020809001001202608
020809001002202608
020809001003202608
020809002901202608
020809002902202608
020809002903202608
020809003701202608
020809003702202608
020809003703202608
020901001001202608
020901001002202608
020901001003202608
020901002901202608
020901002902202608
020901002903202608
020901003701202608
020901003702202608
020901003703202608
020901004501202608
020901004502202608
020901004503202608
020901005301202608
020901005302202608
020901005303202608
020901006101202608
020901006102202608
020901006103202608
020902001601202608
020902001602202608
020902001603202608
020903001101202608
020903001102202608
020903001103202608
020904001701202608
020904001702202608
020904001703202608
020904002501202608
020904002502202608
020904002503202608
020904003301202608
020904003302202608
020904003303202608
020904004101202608
020904004102202608
020904004103202608
020904005002202608
020904005003202608
021001001002202608
021001001003202608
021001002901202608
021001003701202608
021001003702202608
021001003703202608
021001004501202608
021001004502202608
021001004503202608
021001005301202608
021001005302202608
021001005303202608
021001006101202608
021001006102202608
021001006103202608
021001007001202608
021001007002202608
021001007003202608
021001008801202608
021001008802202608
021001009601202608
021001009602202608
021001009603202608
021001010001202608
021001010002202608
021001010003202608
021001011801202608
021001011802202608
021001011803202608
021001012601202608
021001012602202608
021001012603202608
021001013401202608
021001013402202608
021001013403202608
021001014201202608
021001014202202608
021001014203202608
021001015001202608
021001015002202608
021001015003202608
021001016901202608
021001016902202608
021001016903202608
021001017701202608
021001017702202608
021001018501202608
021001018502202608
021001019301202608
021001019302202608
021001019303202608
021001020701202608
021001020702202608
021001020703202608
021002001601202608
021002001602202608
021002001603202608
021101001401202608
021101002201202608
021101002202202608
021101002203202608
021101003001202608
021101003002202608
021101003003202608
021101004901202608
021102001001202608
021102001002202608
021102001003202608
021102002801202608
021102002802202608
021102002803202608
021102003601202608
021102003602202608
021102003603202608
021102003606202608
021102004401202608
021102004402202608
021102004403202608
021102005201202608
021102006001202608
021102006002202608
021102006003202608
021102007902202608
021102007903202608
021102008701202608
021102009501202608
021103001501202608
021103001502202608
021103002301202608
021103002302202608
021103003101202608
021103003102202608
021103004001202608
021103004002202608
021103004003202608
021103005801202608
021103005802202608
021103005803202608
021103006601202608
021103006602202608
021103006603202608
021103007401202608
021103007402202608
021103007403202608
021103008201202608
021103008202202608
021103008203202608
021103009001202608
021103009002202608
021104001001202608
021104001002202608
021104001003202608
021104002901202608
021104002902202608
021104002903202608
021104003701202608
021104004501202608
021104005301202608
021104006101202608
021104006102202608
021104006103202608
021105002401202608
021105002402202608
021105002403202608
021105003201202608
021105003202202608
021105003203202608
021105004001202608
021105004002202608
021105004003202608
021105005901202608
021105006701202608
021105006702202608
021105006703202608
021105007501202608
021105008301202608
021105008302202608
021105008303202608
021105009102202608
021105010501202608
021105010502202608
021105010503202608
021105011301202608
021105011302202608
021105011303202608
021105012101202608
021105012102202608
021105012103202608
021105013001202608
021105013002202608
021105013003202608
021105014802202608
021105015601202608
021106001101202608
021106002001202608
021106003801202608
021106005401202608
021106006201202608
021106007001202608
021106008901202608
021106009701202608
021106010001202608
021106011901202608
021106012701202608
021106013501202608
021106014301202608
021106015101202608
021106016001202608
021106017801202608
021106018601202608
021106020801202608
021106021601202608
021106022401202608
021106023201202608
021106024001202608
021106025901202608
021106025902202608
021106025903202608
021106026701202608
021106027501202608
021106028301202608
021107001701202608
021107002501202608
021107002502202608
021107002503202608
021107003301202608
021107004101202608
021107004102202608
021107004103202608
021107005001202608
021107006801202608
021107006802202608
021107006803202608
021107007601202608
021107007602202608
021107007603202608
021107008401202608
021107008402202608
021107008403202608
021107009201202608
021107010601202608
021107011401202608
021107011402202608
021107011403202608
021107012201202608
021107013001202608
021107014901202608
021107014902202608
021107014903202608
021107015701202608
021107015702202608
021107015703202608
021107016501202608
021107017301202608
021107018101202608
021107019001202608
021107020301202608
021107020302202608
021107020303202608
021107021101202608
021107021102202608
021107022001202608
021107023801202608
021107024601202608
021107025401202608
021107026201202608
021107026202202608
021107026203202608
021107027001202608
021107027002202608
021107027003202608
021107028901202608
021107029701202608
021107030001202608
021107031901202608
021107032701202608
021107033501202608
021107034301202608
021107035101202608
021107035102202608
021107035103202608
021107036001202608
021107037801202608
021107038601202608
021107039401202608
021107039402202608
021107039403202608
021107040801202608
021107040802202608
021107040803202608
021107041601202608
021107042401202608
021107042402202608
021107042403202608
021107043201202608
021107043202202608
021107043203202608
021108001201202608
021108001202202608
021108001203202608
021108002001202608
021108003901202608
021108004701202608
021108004702202608
021108004703202608
021108005501202608
021108006301202608
021108006302202608
021108006303202608
021108007101202608
021108007102202608
021108007103202608
021108008001202608
021108008002202608
021108008003202608
021109001801202608
021109002601202608
021109003401202608
021109004201202608
021109004202202608
021109004203202608
021109005001202608
021109006901202608
021109007701202608
021110001301202608
021110001302202608
021110001303202608
021201001801202608
021201002601202608
021201002602202608
021201002603202608
021201003401202608
021201003402202608
021201003403202608
021201004201202608
021201005001202608
021201006901202608
021202001301202608
021202002101202608
021202003001202608
021202004801202608
021202005601202608
021202006401202608
021301002001202608
021301003801202608
021301005401202608
021301006201202608
021301007001202608
021301008901202608
021301009701202608
021301010001202608
021301011901202608
021301012701202608
021301013501202608
021301014301202608
021301016001202608
021301017801202608
021301018601202608
021301019401202608
021301020801202608
021301021601202608
021301022401202608
021301023201202608
021301024001202608
021301025901202608
021301026701202608
021301027501202608
021301029101202608
021301030501202608
021301032101202608
021301033001202608
021301034801202608
021301035601202608
021301036401202608
021301037201202608
021301038001202608
021301039901202608
021301040201202608
021301041001202608
021301042901202608
021301043701202608
021301044501202608
021301045301202608
021301046101202608
021301047001202608
021301048801202608
021301049601202608
021301050001202608
021301051801202608
021301052601202608
021301053401202608
021301054201202608
021301055001202608
021301056901202608
021301057701202608
021301058501202608
021301060701202608
021301061501202608
021301062301202608
021301063101202608
021301064001202608
021301065801202608
021301066601202608
021301067401202608
021301068201202608
021301069001202608
021301070401202608
021301072001202608
021301073901202608
021301073902202608
021301074701202608
021301074702202608
021301075501202608
021301075502202608
021301075503202608
021301076301202608
021301076302202608
021301076303202608
021301077101202608
021301077102202608
021301077103202608
021301078001202608
021301078002202608
021301078003202608
021301079801202608
021301079802202608
021301079803202608
021301080101202608
021301080102202608
021301080103202608
021301081001202608
021301081002202608
021301081003202608
021301082801202608
021301082802202608
021301082803202608
021301083601202608
021301083602202608
021301083603202608
021302001701202608
021302002501202608
021302003301202608
021302004101202608
021302005001202608
021302006801202608
021302007601202608
021302008401202608
021401001501202608
021401001502202608
021401001503202608
021401001506202608
021401002301202608
021401002302202608
021401002303202608
021401003101202608
021401003102202608
021401003103202608
021401005801202608
021401005802202608
021401005803202608
021401006601202608
021401007401202608
021401007402202608
021401007403202608
021401011201202608
021401011202202608
021401011203202608
021401012001202608
021401012002202608
021401012003202608
021401013901202608
021401013902202608
021401013903202608
021401014701202608
021401014702202608
021401015501202608
021401016301202608
021401017101202608
021401018001202608
021401018002202608
021401018003202608
021401019801202608
021401019802202608
021401019803202608
021401020101202608
021401021001202608
021401021002202608
021401021003202608
021401022801202608
021401022802202608
021401022803202608
021401023601202608
021401023602202608
021401023603202608
021401024401202608
021401024402202608
021401024403202608
021401025201202608
021401025202202608
021401025203202608
021401026001202608
021401026002202608
021401026003202608
021401027901202608
021401027902202608
021401027903202608
021401028701202608
021401028702202608
021401028703202608
021401029501202608
021401029502202608
021401029503202608
021401030901202608
021401030902202608
021401030903202608
021401031701202608
021401031702202608
021401031703202608
030101002101202608
030101003001202608
030101004801202608
030101004802202608
030101004803202608
030101005601202608
030101006401202608
030101007201202608
030101009901202608
030101010201202608
030101011001202608
030101012901202608
030101013706202608
030101014502202608
030101015301202608
030101015306202608
030101016101202608
030101017002202608
030101017003202608
030101019601202608
030101020001202608
030101021801202608
030101022601202608
030101023401202608
030101025001202608
030101026901202608
030101027701202608
030101028501202608
030101029301202608
030101030701202608
030101030706202608
030101031501202608
030101031506202608
030101032301202608
030101033101202608
030101034001202608
030101035801202608
030101036601202608
030101036602202608
030101036606202608
030101037401202608
030101037402202608
030101037406202608
030101038201202608
030101042001202608
030101043901202608
030101044701202608
030101045501202608
030102001901202608
030102002701202608
030102003501202608
030102004301202608
030102005101202608
030103001401202608
030103002201202608
030103004901202608
030103005701202608
030103006501202608
030103007301202608
030103008101202608
030103009001202608
030103010301202608
030103011101202608
030103012001202608
030103013801202608
030103014601202608
030103015401202608
030103016201202608
030103017001202608
030103018901202608
030103019701202608
030104001001202608
030104003601202608
030104004401202608
030104005201202608
030104006001202608
030104007901202608
030104008701202608
030104009501202608
030104009506202608
030104014101202608
030104014102202608
030104015001202608
030104015002202608
030104016801202608
030104016802202608
030104016803202608
030104017601202608
030104017602202608
030104018401202608
030104018402202608
030104019201202608
030104020601202608
030104021401202608
030104021402202608
030104021406202608
030104022201202608
030104022202202608
030104023001202608
030104023002202608
030105001501202608
030105002306202608
030105003101202608
030105004006202608
030105005806202608
030105006601202608
030105006602202608
030105007406202608
030105008201202608
030105008206202608
030105009006202608
030105010406202608
030105011206202608
030105012006202608
030105013906202608
030105014706202608
030105015506202608
030105016301202608
030105016306202608
030105017101202608
030105017106202608
030106001002202608
030106001003202608
030106002901202608
030106003701202608
030106004501202608
030106005301202608
030106006101202608
030106007002202608
030106007003202608
030106008802202608
030106008803202608
030106009601202608
030106010001202608
030106011801202608
030107001601202608
030107002401202608
030107002406202608
030107003201202608
030107004001202608
030107005901202608
030107006701202608
030107006706202608
030107007501202608
030107007506202608
030107008301202608
030107009101202608
030107010501202608
030107011301202608
030107011306202608
030107012101202608
030107013001202608
030107014801202608
030107015601202608
030107016401202608
030107017201202608
030107018001202608
030107019901202608
030107020201202608
030107021001202608
030107022901202608
030107023701202608
030107024501202608
030107025301202608
030107026101202608
030107027001202608
030107028801202608
030107029601202608
030107030001202608
030108001101202608
030108002001202608
030108003801202608
030108004601202608
030108014301202608
030108015101202608
030108016001202608
030108017801202608
030108019401202608
030108020801202608
030108021601202608
030108022401202608
030108023201202608
030108024001202608
030108025901202608
030108026701202608
030108027501202608
030108028301202608
030108029101202608
030108030501202608
030108031301202608
030108032101202608
030108033001202608
030108034801202608
030108035601202608
030108036401202608
030108037201202608
030108038001202608
030108039901202608
030108040201202608
030108041001202608
030108042901202608
030108043701202608
030108044501202608
030108045301202608
030108046101202608
030109001702202608
030109001703202608
030109002502202608
030109002503202608
030109003301202608
030110001201202608
030110003901202608
030110004701202608
030110004702202608
030110004703202608
030110004706202608
030110005501202608
030110005502202608
030110005503202608
030110005506202608
030110006301202608
030110006302202608
030110006303202608
030110006306202608
030110007101202608
030110007102202608
030110007103202608
030110007106202608
030110008002202608
030110009801202608
030110009802202608
030110009803202608
030110009806202608
030110010101202608
030110010102202608
030110011002202608
030110012801202608
030110012802202608
030110012803202608
030110013601202608
030110014401202608
030110014402202608
030110014403202608
030110014406202608
030110015201202608
030110015206202608
030110017901202608
030110017902202608
030110017903202608
030110017906202608
030110018701202608
030110019501202608
030110020901202608
030110021701202608
030110022501202608
030110023301202608
030110024101202608
030110025001202608
030110026801202608
030110027601202608
030110027602202608
030110027603202608
030110028401202608
030110028402202608
030110028403202608
030111001801202608
030111002601202608
030112001301202608
030112002101202608
030112003001202608
030112004801202608
030112005601202608
030112006401202608
030112007201202608
030112008001202608
030113001901202608
030113003501202608
030113004301202608
030113005101202608
030113006001202608
030113007801202608
030114001401202608
030114001406202608
030116001501202608
030116002302202608
030201001701202608
030201001702202608
030201001703202608
030201002501202608
030201002502202608
030201002503202608
030201003302202608
030201003303202608
030202002001202608
030202002002202608
030202002003202608
030202003901202608
030202003902202608
030202003903202608
030203001801202608
030203001802202608
030203001803202608
030203002601202608
030203002602202608
030203002603202608
030204001301202608
030204001302202608
030204002101202608
030204002102202608
030204002103202608
030204002106202608
030204003001202608
030204003002202608
030204003003202608
030204004801202608
030204004802202608
030204005601202608
030204005602202608
030204005603202608
030204006401202608
030205001901202608
030205001902202608
030205001903202608
030205002701202608
030205002706202608
030205003502202608
030206001401202608
030206001402202608
030206001403202608
030206002201202608
030206002202202608
030206002206202608
030206003001202608
030206003002202608
030206004901202608
030206005701202608
030206005702202608
030207001001202608
030207001002202608
030207002802202608
030207003601202608
030301001002202608
030301002902202608
030301003702202608
030301004502202608
030301005302202608
030301006102202608
030301007002202608
030301008802202608
030301009602202608
030301010002202608
030301011802202608
030301012602202608
030301013402202608
030301014202202608
030301015002202608
030301016902202608
030301017702202608
030301018502202608
030301019302202608
030301020702202608
030301021502202608
030301023101202608
030301024001202608
030301025801202608
030302001601202608
030302002401202608
030302003202202608
030302004002202608
030302005902202608
030302006702202608
030302007502202608
030302008302202608
030303001103202608
030303002002202608
030303003802202608
030303004602202608
030303005402202608
030303006202202608
030303008901202608
030303009701202608
030304001702202608
030304001703202608
030304002502202608
030304002503202608
030304003302202608
030304004102202608
030304005002202608
030304006802202608
030304007602202608
030304008402202608
030304009202202608
030304010602202608
030304011402202608
030304012202202608
030304013002202608
030304014902202608
030304015702202608
030304016502202608
030304017302202608
030304018102202608
030304019002202608
030304020302202608
030304020303202608
030304021102202608
030304022002202608
030304023802202608
030304024602202608
030304025402202608
030304026202202608
030304027002202608
030304028902202608
030304028903202608
030304029702202608
030304030002202608
030305001201202608
030305002001202608
030305003901202608
030305004701202608
030305005501202608
030305006301202608
030305007101202608
030305008001202608
030305009801202608
030305010101202608
030305011001202608
030305013602202608
030305014402202608
030305015201202608
030305016001202608
030305017901202608
030305018701202608
030305019501202608
030305020901202608
030305021701202608
030305022501202608
030305023301202608
030306001802202608
030306002602202608
030306003402202608
030306004202202608
030306005002202608
030306006902202608
030306007702202608
030306008502202608
030306009302202608
030306010702202608
030306011502202608
030306012302202608
030306013102202608
030306014002202608
030306015802202608
030306016602202608
030306017402202608
030306018202202608
030306019002202608
030306020402202608
030306021202202608
030306022002202608
030306023902202608
030306024702202608
030306025502202608
030306026301202608
030306026302202608
030306026303202608
030306026306202608
030306027102202608
030306028002202608
030306029802202608
030306030102202608
030307001301202608
030307002102202608
030307003001202608
030307003006202608
030307004801202608
030307005601202608
030307006402202608
030307007202202608
030307008002202608
030307009902202608
030307010202202608
030307011002202608
030307012902202608
030307013702202608
030308001901202608
030308002701202608
030308003501202608
030308004302202608
030308005102202608
030308006002202608
030308007802202608
030308008602202608
030308009402202608
030308010801202608
030308010806202608
030308011601202608
030309001401202608
030309001402202608
030309001403202608
030309002202202608
030309002203202608
030309003001202608
030309004902202608
030309007301202608
030309008101202608
030309009001202608
030309011101202608
030309012001202608
030309012002202608
030309012003202608
030309013802202608
030309013803202608
030309014601202608
030309014602202608
030309014603202608
030309015401202608
030309016201202608
030309017002202608
030309017003202608
030309018901202608
030309018902202608
030309018903202608
030309019702202608
030309019703202608
030309020001202608
030309020002202608
030309021901202608
030309022701202608
030309022702202608
030309022703202608
030309023501202608
030309023502202608
030309023503202608
030309024302202608
030309025101202608
030309026001202608
030309028601202608
030309029402202608
030309031602202608
030310001002202608
030310002802202608
030310003602202608
030310004402202608
030310005202202608
030311001502202608
030311002302202608
030311003102202608
030311004002202608
030311005802202608
030311006602202608
030311007402202608
030311008202202608
030311009002202608
030311010402202608
030311011202202608
030312003702202608
030312004502202608
030312005301202608
030312006101202608
030312006102202608
030312007001202608
030312007002202608
030313001602202608
030313002402202608
030313003202202608
030313004002202608
030313005902202608
030313006702202608
030313007502202608
030313008302202608
030314001101202608
030314002002202608
030314003802202608
030314004602202608
030314005402202608
030314006202202608
030314007002202608
030314008902202608
030314009702202608
030314010002202608
030314011901202608
030314011902202608
030314012702202608
030314013502202608
030314014302202608
030314015102202608
030315001702202608
030315002502202608
030315003302202608
030315004102202608
030315005002202608
030315006802202608
030316001202202608
030316002002202608
030316003902202608
030316004702202608
030316005502202608
030316006302202608
030316007102202608
030317009302202608
030317010703202608
030317013102202608
030317014002202608
030317015802202608
030317016602202608
030317017402202608
030317018202202608
030317019002202608
030317020402202608
030318001302202608
030318003002202608
030318004802202608
030318005602202608
030318006402202608
030318007203202608
030319001902202608
030319001906202608
030401011102202608
030401017001202608
030401034001202608
030401035902202608
030401036701202608
030401037501202608
030401038301202608
030401039101202608
030401040501202608
030401041301202608
030401042101202608
030401043001202608
030401044801202608
030401045601202608
030401046401202608
030401047201202608
030401048001202608
030401049902202608
030401050201202608
030401051001202608
030401052901202608
030401053701202608
030401054501202608
030401055301202608
030401056101202608
030401057001202608
030401058801202608
030401059602202608
030402001001202608
030402002801202608
030402003601202608
030402004401202608
030402005201202608
030402006001202608
030402007901202608
030402008701202608
030402009501202608
030402010901202608
030402011701202608
030402012501202608
030402013301202608
030402014101202608
030402015001202608
030402016801202608
030402017601202608
030402018401202608
030402019201202608
030402020601202608
030402021401202608
030402022201202608
030402023001202608
030402024901202608
030402025701202608
030402026501202608
030402027301202608
030402028101202608
030402029001202608
030402030301202608
030402031101202608
030402032001202608
030402033801202608
030402034601202608
030402036201202608
030402037001202608
030402038901202608
030402039701202608
030402040001202608
030402041901202608
030402042701202608
030402043501202608
030402044301202608
030402045101202608
030402046001202608
030402047801202608
030402048601202608
030402049401202608
030403001501202608
030403002301202608
030403003101202608
030403004001202608
030403005801202608
030403006601202608
030403007401202608
030403008201202608
030403009001202608
030403010401202608
030403011201202608
030403012001202608
030403013901202608
030403014701202608
030403015501202608
030403016301202608
030403017101202608
030403018001202608
030403019801202608
030403020101202608
030403021001202608
030403022801202608
030403023601202608
030403024401202608
030403025201202608
030403026001202608
030404001001202608
030404002901202608
030404004501202608
030404005301202608
030404006101202608
030404007001202608
030404008801202608
030404009601202608
030404010001202608
030404011801202608
030404012601202608
030404013401202608
030404014201202608
030404015001202608
030404016901202608
030404017701202608
030404018501202608
030404019301202608
030404020701202608
030405001601202608
030405002401202608
030405003201202608
030405004001202608
030405006701202608
030405007501202608
030405011301202608
030405012101202608
030405013001202608
030405017201202608
030405018001202608
030405020201202608
030405021001202608
030405022901202608
030405025301202608
030405026101202608
030405027001202608
030405028801202608
030405029601202608
030405030001202608
030405031801202608
030405032601202608
030405033401202608
030405034201202608
030405035001202608
030406001101202608
030406003801202608
030406004601202608
030406007001202608
030406008901202608
030406009701202608
030406010001202608
030406011901202608
030406012701202608
030406013501202608
030406015101202608
030406016001202608
030406017801202608
030406018601202608
030406020801202608
030406021601202608
030406022401202608
030406023201202608
030406024001202608
030407001701202608
030407002501202608
030407003301202608
030407004101202608
030407005001202608
030407006801202608
030407007601202608
030407008401202608
030407009201202608
030408001201202608
030408002002202608
030408003902202608
030408003903202608
030408004702202608
030408005501202608
030408006302202608
030408007101202608
030408008001202608
030409001802202608
030409002602202608
030409003402202608
030409004202202608
030409005001202608
030409006901202608
030410001302202608
030410001303202608
030410002102202608
030501001801202608
030501002601202608
030501003402202608
030501004202202608
030501009301202608
030501010701202608
030501011501202608
030501012301202608
030501013102202608
030501014002202608
030501015802202608
030501016601202608
030501017402202608
030501018201202608
030501019002202608
030501020401202608
030501021201202608
030502001302202608
030502001306202608
030502002102202608
030502003002202608
030502004802202608
030502005602202608
030502005606202608
030601001101202608
030601002001202608
030601003801202608
030602001701202608
030602001702202608
030602002501202608
030602002502202608
030602003301202608
030602003302202608
030602004101202608
030602004102202608
030602005001202608
030602005002202608
030602006801202608
030602006802202608
030602007601202608
030602007602202608
030602008401202608
030602008402202608
030602009201202608
030602009202202608
030602010601202608
030602010602202608
030602011401202608
030602011402202608
030602012201202608
030602012202202608
030602013001202608
030602013002202608
030602014901202608
030602014902202608
030602015701202608
030602015702202608
030602016501202608
030602016502202608
030602017301202608
030602017302202608
030602018101202608
030602018102202608
030602019001202608
030602019002202608
030602020301202608
030602020302202608
030602021101202608
030602021102202608
030701001501202608
030701001502202608
030701001503202608
030701003101202608
030701003102202608
030701003103202608
030701003106202608
030701005801202608
030701005802202608
030701005803202608
030701006601202608
030701006606202608
030701007401202608
030701007402202608
030701007403202608
030701007406202608
030701008201202608
030701008202202608
030701008203202608
030701008206202608
030701009001202608
030701009002202608
030701009003202608
030701009006202608
030701010401202608
030701010402202608
030701010403202608
030701010406202608
030701011201202608
030701011202202608
030701011203202608
030701011206202608
030701012001202608
030701012002202608
030701012003202608
030701012006202608
030701013901202608
030701013902202608
030701013903202608
030701013906202608
030701014701202608
030701014702202608
030701014703202608
030701014706202608
030701015501202608
030701015502202608
030701015503202608
030701015506202608
030702001001202608
030702001002202608
030702001003202608
030702001006202608
030702002901202608
030702002902202608
030702002903202608
030702003701202608
030702003702202608
030702003703202608
030702004501202608
030702004502202608
030702004503202608
030702005301202608
030702005302202608
030702005303202608
030702006101202608
030702006102202608
030702006103202608
030702007001202608
030702007002202608
030702007003202608
030702008801202608
030702008802202608
030702008803202608
030702009601202608
030702009602202608
030702009603202608
030702010001202608
030702010002202608
030702010003202608
030702011801202608
030702011802202608
030702011803202608
030703002401202608
030703002402202608
030703002403202608
030703002406202608
030703003201202608
030703003202202608
030703003203202608
030703004001202608
030703004002202608
030703004003202608
030703004006202608
030703005901202608
030703005902202608
030703005903202608
030703005906202608
030703006701202608
030703006702202608
030703006703202608
030703006706202608
030703007501202608
030703007502202608
030703007503202608
030703007506202608
030703008301202608
030703008302202608
030703008303202608
030703008306202608
030704001101202608
030704001102202608
030704001103202608
030704006201202608
030704006202202608
030704006203202608
030704006206202608
030704007001202608
030704007002202608
030704007003202608
030704007006202608
030704008901202608
030704008902202608
030704008903202608
030704010001202608
030704011901202608
030704012701202608
030704013501202608
030704013502202608
030704013503202608
030704013506202608
030704014301202608
030704014302202608
030704014303202608
030704014306202608
030704015101202608
030704015102202608
030704015103202608
030704015106202608
030704016001202608
030704016002202608
030704016003202608
030704016006202608
030704017801202608
030704018601202608
030704018602202608
030704018603202608
030704018606202608
030704019401202608
030705001701202608
030705001702202608
030705001703202608
030801001902202608
030801001906202608
030801002702202608
030801003502202608
030801004302202608
030801004306202608
030802001402202608
030802002202202608
030802003002202608
030803001002202608
030803002802202608
030803003602202608
030804001502202608
030804002302202608
030901003902202608
030901004702202608
030901005502202608
030901006302202608
030901007102202608
030901008002202608
030901009802202608
030901010102202608
030901010106202608
030902001801202608
030902002601202608
030902003401202608
030903001301202608
030903002101202608
030903003001202608
030903004801202608
030903005601202608
030903005602202608
030903006401202608
030903007201202608
030903008001202608
030903009902202608
030903010201202608
030903011001202608
030903012901202608
030903013701202608
030903014501202608
030903014502202608
030903015301202608
030904001902202608
030904002701202608
030904002702202608
030904002703202608
030905001401202608
030905001402202608
030905001403202608
030905001406202608
030905002201202608
030905002202202608
030905002203202608
030905002206202608
030905003001202608
030905003002202608
030905003003202608
030905003006202608
030905004901202608
030905004902202608
030905004903202608
030905004906202608
030905005701202608
030905005702202608
030905005703202608
030905005706202608
030905006501202608
030905006502202608
030905006503202608
030905006506202608
030905007301202608
030905007302202608
030905007303202608
030905007306202608
030905008101202608
030905008102202608
030905008103202608
030905008106202608
030905009001202608
030905009002202608
030905009003202608
030905009006202608
030905011101202608
030905011102202608
030905011103202608
030905011106202608
030905012001202608
030905012002202608
030905012003202608
030905012006202608
030905013801202608
030905013802202608
030905013803202608
030905013806202608
030905014601202608
030905014602202608
030905014603202608
030905014606202608
030905015401202608
030905015402202608
030905015403202608
030905015406202608
030905016201202608
030905016202202608
030905016203202608
030905017001202608
030905017002202608
030905017003202608
030905017006202608
030905018901202608
030905018902202608
030905018903202608
030905018906202608
030905019701202608
030905019702202608
030905019703202608
030905019706202608
030905020001202608
030905020002202608
030905020003202608
030905020006202608
030905021901202608
030905021902202608
030905021903202608
030905021906202608
030905022701202608
030905022702202608
030905022703202608
030905022706202608
030905023501202608
030905023502202608
030905023503202608
030905023506202608
030905024301202608
030905024302202608
030905024303202608
030905024306202608
030905025101202608
030905025102202608
030905025103202608
030905025106202608
030905026001202608
030905026002202608
030905026003202608
030905026006202608
030906001002202608
030906003602202608
030906003603202608
030907001501202608
030907002301202608
030908001002202608
031001001201202608
031001002002202608
031001003902202608
031001004702202608
031001005502202608
031101001601202608
031101001602202608
031101001603202608
031101001606202608
031101002401202608
031101002406202608
031101003201202608
031101003202202608
031101003203202608
031101003206202608
031101004001202608
031101004002202608
031101004003202608
031101004006202608
031101005901202608
031101005902202608
031101005903202608
031101005906202608
031101006701202608
031101006702202608
031101006703202608
031101006706202608
031101007501202608
031101007502202608
031101007503202608
031101007506202608
031101008301202608
031101008302202608
031101008303202608
031101008306202608
031101009101202608
031101009102202608
031101009103202608
031101009106202608
031101010501202608
031101010502202608
031101010503202608
031101010506202608
031102002001202608
031102002002202608
031102002003202608
031102002006202608
031102003801202608
031102003802202608
031102003803202608
031102003806202608
031102004601202608
031102004602202608
031102004603202608
031102004606202608
031102005401202608
031102005402202608
031102005403202608
031102005406202608
031102006201202608
031102006202202608
031102006203202608
031102006206202608
031102007001202608
031102007002202608
031102007003202608
031102007006202608
040101001501202608
040101001502202608
040101001503202608
040101001506202608
040101003101202608
040101003102202608
040101003103202608
040101003106202608
040101004001202608
040101004002202608
040101005801202608
040101005802202608
040101006601202608
040101007401202608
040101008201202608
040101008202202608
040101008203202608
040101008206202608
040101009001202608
040101010401202608
040101010402202608
040101011201202608
040101012001202608
040101013901202608
040102001002202608
040102001003202608
040102002902202608
040102002903202608
040102003702202608
040102003703202608
040102004502202608
040102004503202608
040102005302202608
040102005303202608
040102006102202608
040102006103202608
040102007002202608
040102007003202608
040102008801202608
040102008802202608
040102008803202608
040102009602202608
040102009603202608
040102010002202608
040102010003202608
040102011802202608
040102011803202608
040102012602202608
040102012603202608
040102013402202608
040102013403202608
040102014202202608
040102014203202608
040102015001202608
040102015002202608
040102015003202608
040102016902202608
040102016903202608
040102017701202608
040201001902202608
040201002702202608
040201003502202608
040201003503202608
040201004302202608
040201004303202608
040201005102202608
040201005103202608
040202001402202608
040202002202202608
040301001202202608
040301002002202608
040301003902202608
040301004702202608
040301005502202608
040301006302202608
040301007102202608
040301008002202608
040301008003202608
040301009802202608
040301010102202608
040301011002202608
040301012802202608
040301013602202608
040301014402202608
040301015202202608
040301015203202608
040301016002202608
040301016003202608
040301017902202608
040301017903202608
040301018702202608
040301019502202608
040301020902202608
040301021702202608
040301022502202608
040301023302202608
040301024102202608
040301025002202608
040301026802202608
040301027602202608
040301028402202608
040301029202202608
040301030602202608
040301031402202608
040301032202202608
040301033002202608
040301034902202608
040301035702202608
040301036502202608
040301039002202608
040302001802202608
040302001803202608
040302002602202608
040302002603202608
040302003402202608
040302004202202608
040302005002202608
040302005003202608
040302006902202608
040302006903202608
040302007702202608
040302007703202608
040302008502202608
040302008503202608
040302009302202608
040302009303202608
040302010702202608
040302010703202608
040302011502202608
040302011503202608
040302012302202608
040302012303202608
040302013102202608
040303001302202608
040303002102202608
040303003002202608
040303004802202608
040303005602202608
040303006402202608
040303008002202608
040303009902202608
040303010202202608
040303011002202608
040303012902202608
040303013702202608
040303014502202608
040303015302202608
040303016102202608
040304001902202608
040304002702202608
040304005102202608
040304006002202608
040304007802202608
040304008602202608
040304009402202608
040304010802202608
040304011602202608
040304012402202608
040305001401202608
040305002201202608
040305003002202608
040305004902202608
040305005702202608
040305006502202608
040305007302202608
040305008101202608
040305009002202608
040305009003202608
040305010302202608
040305010303202608
040305011102202608
040305012002202608
040305013802202608
040305014602202608
040305015402202608
040305016202202608
040306001002202608
040306002802202608
040306003602202608
040306004402202608
040306005202202608
040306006002202608
040306007902202608
040306008702202608
040306009502202608
040307001502202608
040307004002202608
040307005802202608
040307008202202608
040307009002202608
040307010402202608
040307011202202608
040307012002202608
040307013902202608
040307014702202608
040307015502202608
040307016302202608
040307017102202608
040308001002202608
040308002902202608
040308003702202608
040308004502202608
040308005302202608
040308006102202608
040308007002202608
040308008802202608
040308009602202608
040308010002202608
040401001601202608
040401001602202608
040401001603202608
040401002401202608
040401002402202608
040401002403202608
040401003201202608
040401003202202608
040401003203202608
040401004002202608
040401004003202608
040401005901202608
040401005902202608
040401005903202608
040401006702202608
040401006703202608
040401007501202608
040401008302202608
040401008303202608
040401009101202608
040401010502202608
040401010503202608
040401011302202608
040401011303202608
040401012101202608
040401012102202608
040401012103202608
040401013002202608
040401013003202608
040401014802202608
040401014803202608
040401015601202608
040401016402202608
040401016403202608
040401017202202608
040401018002202608
040401019902202608
040401020202202608
040401021002202608
040401021003202608
040401022902202608
040401022903202608
040401023702202608
040401023703202608
040401024501202608
040401025301202608
040401025302202608
040401026101202608
040401027001202608
040401028802202608
040401028803202608
040401029601202608
040401030001202608
040401031801202608
040401031802202608
040401031803202608
040401032602202608
040401032603202608
040401033402202608
040401033403202608
040401034201202608
040401034202202608
040401035002202608
040401035003202608
040401036901202608
040401037702202608
040401037703202608
040401038502202608
040401038503202608
040401039301202608
040401040702202608
040401040703202608
040401041501202608
040401041502202608
040401041503202608
040401043102202608
040401044001202608
040401045802202608
040401046602202608
040401046603202608
040401047402202608
040401047403202608
040401048202202608
040401048203202608
040401049002202608
040401049003202608
040401050402202608
040401050403202608
040401051201202608
040401051202202608
040401051203202608
040401052002202608
040401052003202608
040401053902202608
040401053903202608
040401054702202608
040401055502202608
040401055503202608
040401056302202608
040401056303202608
040401057102202608
040401057103202608
040401058002202608
040401058003202608
040401059802202608
040401059803202608
040401060102202608
040401060103202608
040401061002202608
040401061003202608
040401062802202608
040401062803202608
040401063602202608
040401063603202608
040401064402202608
040401064403202608
040401065202202608
040402001102202608
040402001103202608
040402003801202608
040402003802202608
040402003803202608
040402004602202608
040402004603202608
040402005401202608
040402005402202608
040402006202202608
040402007002202608
040402007003202608
040402008901202608
040402008902202608
040402008903202608
040402009701202608
040402009702202608
040402010001202608
040402010002202608
040402010003202608
040402011902202608
040402011903202608
040402013502202608
040402014302202608
040402014303202608
040402017802202608
040402020802202608
040402020803202608
040402022402202608
040402023202202608
040402023203202608
040402024002202608
040402024003202608
040402027502202608
040402029102202608
040402031301202608
040402031302202608
040402031303202608
040402032102202608
040402032103202608
040402034802202608
040402034803202608
040402035602202608
040402035603202608
040402038002202608
040402039902202608
040402039903202608
040402042902202608
040402042903202608
040402044501202608
040402044502202608
040402044503202608
040402045302202608
040402045303202608
040402046102202608
040402046103202608
040402047002202608
040402047003202608
040402048801202608
040402048802202608
040402048803202608
040402049602202608
040402049603202608
040402050002202608
040402050003202608
040402051802202608
040402051803202608
040402052602202608
040402052603202608
040402053402202608
040402053403202608
040402054202202608
040402054203202608
040402055002202608
040402055003202608
040402056902202608
040402056903202608
040402057701202608
040402057702202608
040402057703202608
040402058502202608
040402058503202608
040402059302202608
040402059303202608
040402060702202608
040402060703202608
040402061501202608
040402061502202608
040402061503202608
040402062301202608
040402062302202608
040402062303202608
040402063101202608
040402064002202608
040402064003202608
040402065802202608
040402065803202608
040402066602202608
040402066603202608
040402067401202608
040402067402202608
040402069002202608
040402070402202608
040402070403202608
040402071202202608
040402071203202608
040402072002202608
040402072003202608
040402073902202608
040402077102202608
040402077103202608
040402078002202608
040402079802202608
040403001702202608
040403001703202608
040403003302202608
040403004102202608
040403004103202608
040403005002202608
040403005003202608
040403006802202608
040403006803202608
040403007602202608
040403007603202608
040403008402202608
040403008403202608
040403010602202608
040403010603202608
040403012202202608
040403012203202608
040403013002202608
040403013003202608
040403015702202608
040403015703202608
040403016502202608
040403016503202608
040403017302202608
040403017303202608
040403019002202608
040403019003202608
040403022002202608
040403022003202608
040403024602202608
040403024603202608
040403025402202608
040403025403202608
040403026202202608
040403026203202608
040403027002202608
040403027003202608
040403028902202608
040403029702202608
040403030002202608
040403031902202608
040403031903202608
040403032702202608
040501001001202608
040501001002202608
040501001003202608
040501002801202608
040501002802202608
040501002803202608
040501003601202608
040501003602202608
040501003603202608
040501004401202608
040501005201202608
040501006001202608
040501007901202608
040501007902202608
040501007903202608
040501008702202608
040501008703202608
040501010901202608
040501011701202608
040501011702202608
040501011703202608
040501012501202608
040501012502202608
040501012503202608
040501013302202608
040501013303202608
040501014101202608
040501015002202608
040501015003202608
040501016801202608
040501017601202608
040501017602202608
040501017603202608
040501018401202608
040501019201202608
040501020601202608
040502001501202608
040502001502202608
040502001503202608
040502002301202608
040502002302202608
040502002303202608
040503001002202608
040503001003202608
040503002901202608
040503002902202608
040503002903202608
040503003701202608
040503004501202608
040503005301202608
040503005302202608
040503007001202608
040503007002202608
040503007003202608
040503009601202608
040503009602202608
040503009603202608
040503010001202608
040503011801202608
040503011802202608
040503011803202608
040503012601202608
040503013401202608
040503013402202608
040503013403202608
040503014202202608
040503014203202608
040503015001202608
040503016902202608
040503016903202608
040503017702202608
040503017703202608
040503018502202608
040503018503202608
040503019301202608
040503019302202608
040503020702202608
040503020703202608
040503021501202608
040503022301202608
040503023101202608
040504001601202608
040504001602202608
040504001603202608
040504002402202608
040504002403202608
040504004002202608
040504004003202608
040504005902202608
040504005903202608
040504006701202608
040504006702202608
040504006703202608
040504007501202608
040504007502202608
040504007503202608
040504008302202608
040504008303202608
040504009102202608
040504009103202608
040504010501202608
040504010502202608
040504010503202608
040504013001202608
040504014802202608
040504014803202608
040504015602202608
040504015603202608
040504016402202608
040504016403202608
040504018002202608
040504018003202608
040504019901202608
040504020201202608
040504020202202608
040504020203202608
040504021001202608
040504021002202608
040504021003202608
040505001101202608
040505001102202608
040505001103202608
040505002001202608
040505003801202608
040505003802202608
040505004601202608
040505004602202608
040505004603202608
040505005401202608
040505005402202608
040505005403202608
040505006201202608
040505007001202608
040505008901202608
040505009701202608
040505009702202608
040505009703202608
040505010001202608
040505010002202608
040505010003202608
040505011901202608
040505011902202608
040505011903202608
040505012701202608
040505013502202608
040505013503202608
040505014301202608
040505014302202608
040505014303202608
040505015101202608
040505015102202608
040505015103202608
040505016001202608
040505017801202608
040505018602202608
040505018603202608
040505019401202608
040505020801202608
040505021601202608
040505021602202608
040505021603202608
040505022401202608
040505022402202608
040505022403202608
040505023202202608
040505023203202608
040505024001202608
040505025901202608
040505025902202608
040505026701202608
040505028301202608
040505029101202608
040505030501202608
040505031302202608
040505031303202608
040505032101202608
040505032102202608
040505032103202608
040505035602202608
040505035603202608
040505036401202608
040505037201202608
040505037202202608
040505037203202608
040505038002202608
040505038003202608
040505039901202608
040505039902202608
040505039903202608
040505040201202608
040505040202202608
040505040203202608
040601001302202608
040601002102202608
040601003002202608
040601004802202608
040601005602202608
040601006402202608
040601007202202608
040601008002202608
040601009902202608
040601010202202608
040601011002202608
040601012902202608
040601013702202608
040601015302202608
040601016102202608
040601017002202608
040601018802202608
040601019602202608
040601020002202608
040601021802202608
040601022602202608
040601023402202608
040601024202202608
040601025002202608
040601026902202608
040601027702202608
040601028502202608
040601029302202608
040601030702202608
040601031502202608
040601032302202608
040601033102202608
040601034002202608
040601035802202608
040601036602202608
040601037402202608
040601038202202608
040601039002202608
040601040402202608
040601041202202608
040601042002202608
040601043902202608
040601044702202608
040601045502202608
040601046302202608
040601047102202608
040601048002202608
040601049802202608
040601050102202608
040601051002202608
040601052802202608
040601053602202608
040601054402202608
040601055202202608
040601056002202608
040601056003202608
040601057902202608
040601058702202608
040601058703202608
040601059502202608
040601060902202608
040601061702202608
040601062502202608
040601063302202608
040601063303202608
040601064102202608
040601064103202608
040601065002202608
040601065003202608
040601066802202608
040601066803202608
040601067602202608
040601067603202608
040601068402202608
040601068403202608
040601069202202608
040601070602202608
040601071402202608
040601071403202608
040601072202202608
040601073002202608
040601074902202608
040601075702202608
040601076502202608
040601077302202608
040601078102202608
040601079002202608
040601079003202608
040601080302202608
040601081102202608
040601082002202608
040601083802202608
040601084602202608
040601085402202608
040601085403202608
040601086202202608
040601086203202608
040601087002202608
040601087003202608
040601088902202608
040601089702202608
040601090002202608
040601091902202608
040601091903202608
040601092702202608
040601093502202608
040601094302202608
040601095102202608
040601096002202608
040601097802202608
040601098602202608
040601099402202608
040601100102202608
040601100103202608
040601101002202608
040601101003202608
040601102802202608
040601102803202608
040601103602202608
040601103603202608
040601104402202608
040601104403202608
040601105202202608
040601105203202608
040601107902202608
040601107903202608
040601108702202608
040601108703202608
040601109502202608
040601109503202608
040601110902202608
040601110903202608
040601111702202608
040601111703202608
040601112502202608
040601112503202608
040601113302202608
040601113303202608
040601114102202608
040601114103202608
040601115002202608
040601115003202608
040601116802202608
040601116803202608
040601117602202608
040601117603202608
040601118402202608
040601118403202608
040601119202202608
040601119203202608
040601120602202608
040601121402202608
040601122202202608
040601123002202608
040601124902202608
040601125702202608
040601126502202608
040601127302202608
040601128102202608
040601129002202608
040601130302202608
040601131102202608
040601132002202608
040601133802202608
040601134602202608
040601135402202608
040601136202202608
040601137002202608
040601138902202608
040601139702202608
040601140002202608
040601141902202608
040601142702202608
040601143502202608
040601144302202608
040601145102202608
040601146002202608
040601147802202608
040601148602202608
040601149402202608
040601150802202608
040601151602202608
040602001902202608
040602002702202608
040602003502202608
040602004302202608
040602005102202608
040602007802202608
040602007803202608
040602008602202608
040602009401202608
040602009402202608
040602009403202608
040602010802202608
040602011602202608
040602011603202608
040602012402202608
040602013201202608
040602014001202608
040602015902202608
040602015903202608
040602016702202608
040602016703202608
040602018302202608
040602019102202608
040602020501202608
040602021302202608
040602022102202608
040602023002202608
040602024802202608
040602025602202608
040602026402202608
040602027202202608
040602028002202608
040602029901202608
040602030202202608
040602031002202608
040602032902202608
040602033702202608
040602034502202608
040602035302202608
040602036102202608
040602037002202608
040602038802202608
040602039602202608
040602040002202608
040602041802202608
040602042602202608
040602043402202608
040602044202202608
040602045002202608
040602046902202608
040602047702202608
040602048502202608
040602049302202608
040602050702202608
040602051502202608
040602052302202608
040602053102202608
040602054002202608
040602055802202608
040602056602202608
040602056603202608
040602057402202608
040602057403202608
040602058202202608
040602059002202608
040602060402202608
040602060403202608
040602061202202608
040602062001202608
040602062002202608
040602062003202608
040603001401202608
040603001402202608
040603002202202608
040603003002202608
040603004902202608
040603005702202608
040603006502202608
040603007302202608
040603008102202608
040603009002202608
040603010302202608
040603011102202608
040603012002202608
040603013802202608
040603014602202608
040603015402202608
040603016202202608
040604001002202608
040604002802202608
040604004402202608
040604005202202608
040604006002202608
040604007902202608
040604008702202608
040604009502202608
040604010902202608
040604011702202608
040604012502202608
040604013302202608
040604014102202608
040604015002202608
040604016802202608
040604017602202608
040604018402202608
040604019202202608
040604020602202608
040604020603202608
040604021402202608
040604021403202608
040604022202202608
040604023002202608
040604024902202608
040604025702202608
040604025703202608
040604026502202608
040604027302202608
040604027303202608
040604028102202608
040604029002202608
040604029003202608
040604030302202608
040604030303202608
040604031102202608
040604031103202608
040604032002202608
040604032003202608
040604033802202608
040604033803202608
040605001502202608
040605001503202608
040605002302202608
040605002303202608
040605003102202608
040605003103202608
040605004002202608
040605004003202608
040605005802202608
040605005803202608
040605006602202608
040605006603202608
040605007402202608
040605007403202608
040605008202202608
040605008203202608
040605009002202608
040605009003202608
040605010402202608
040605011202202608
040605011203202608
040605012002202608
040605012003202608
040605013902202608
040605013903202608
040701001702202608
040701002502202608
040701002503202608
040701003302202608
040701004102202608
040701005002202608
040701006802202608
040701007602202608
040701008402202608
040701009202202608
040701010602202608
040701011402202608
040701012202202608
040701013002202608
040701014902202608
040701015702202608
040701016502202608
040701017302202608
040701018102202608
040701019002202608
040701020302202608
040701021102202608
040701021103202608
040701022002202608
040701022003202608
040701023802202608
040701024601202608
040701024602202608
040701025401202608
040701025402202608
040701026202202608
040701027002202608
040701028902202608
040701029702202608
040701030002202608
040701031901202608
040701032701202608
040701033502202608
040701034302202608
040701035102202608
040701036002202608
040701037802202608
040701038602202608
040702001202202608
040702002002202608
040702003902202608
040702004702202608
040702005501202608
040702006302202608
040702007102202608
040702008002202608
040702009802202608
040702010102202608
040702011002202608
040702011003202608
040702012801202608
040702012802202608
040702012803202608
040702013601202608
040702013602202608
040702013603202608
040702014401202608
040702014402202608
040702014403202608
040702015202202608
040702016001202608
040702017902202608
040702018702202608
040702019502202608
040702020902202608
040702021702202608
040702021703202608
040702022501202608
040702022502202608
040702022503202608
040702023302202608
040702024102202608
040702025002202608
040702026802202608
040702026803202608
040702027602202608
040702027603202608
040702028402202608
040702028403202608
040702029202202608
040702030602202608
040702031401202608
040702032202202608
040702032203202608
040702033002202608
040702034902202608
040702035702202608
040702035703202608
040702036502202608
040702037301202608
040702038102202608
040702039001202608
040702040302202608
040702041102202608
040702042002202608
040702043802202608
040702044602202608
040702045402202608
040702045403202608
040702046202202608
040702047002202608
040702047003202608
040702048901202608
040702049701202608
040703001802202608
040703002602202608
040703003402202608
040703003403202608
040703004202202608
040703004203202608
040703005002202608
040703006902202608
040703007702202608
040703007703202608
040703008501202608
040703009301202608
040703010701202608
040703011501202608
040703012302202608
040703013102202608
040703014002202608
040703015802202608
040703016602202608
040703017402202608
040703018202202608
040703019002202608
040703020402202608
040703021202202608
040703022002202608
040703023901202608
040703024702202608
040703025502202608
040703025503202608
040704001302202608
040704002102202608
040704003002202608
040704004802202608
040704005602202608
040704006402202608
040704006403202608
040704007202202608
040704007203202608
040704008002202608
040704008003202608
040704009902202608
040704009903202608
040704010202202608
040704010203202608
040704011002202608
040704011003202608
040704012902202608
040704012903202608
040704013702202608
040704013703202608
040704014502202608
040704014503202608
040704015302202608
040704015303202608
040704016102202608
040704017002202608
040704017003202608
040704018802202608
040704019601202608
040704019602202608
040704020002202608
040704021801202608
040704021802202608
040704022602202608
040704022603202608
040704023402202608
040704024202202608
040704025002202608
040704026902202608
040801001002202608
040801002902202608
040801003702202608
040801004502202608
040801005302202608
040801006102202608
040801007002202608
040801008802202608
040801009602202608
040801009603202608
040801010002202608
040801010003202608
040801011802202608
040801011803202608
040801012601202608
040801012602202608
040801013401202608
040801013402202608
040801013403202608
040801014202202608
040801014203202608
040801015002202608
040801015003202608
040801016902202608
040801017702202608
040801018502202608
040801018503202608
040801019302202608
040801020702202608
040801020703202608
040801021502202608
040801021503202608
040801022302202608
040801022303202608
040801023102202608
040801023103202608
040802001602202608
040802002402202608
040802003202202608
040802004002202608
040802005902202608
040802006702202608
040802007502202608
040802008302202608
040802009102202608
040802010502202608
040802010503202608
040802011302202608
040802012102202608
040802012103202608
040802013002202608
040802014802202608
040802014803202608
040802015601202608
040802015602202608
040802015603202608
040802016401202608
040802016402202608
040802016403202608
040802017201202608
040802017202202608
040802017203202608
040802018001202608
040802018002202608
040802018003202608
040802019901202608
040802019902202608
040802019903202608
040802020201202608
040802020202202608
040802020203202608
040802021001202608
040802021002202608
040802021003202608
040802022901202608
040802022902202608
040802022903202608
040802024501202608
040802024502202608
040802024503202608
040802025302202608
040802026102202608
040802027002202608
040802028802202608
040802029601202608
040802029602202608
040802029603202608
040802030001202608
040802030002202608
040802030003202608
040802031802202608
040802031803202608
040802032602202608
040802032603202608
040802033402202608
040802034202202608
040802034203202608
040802035002202608
040802036902202608
040802037702202608
040802037703202608
040802038502202608
040802039302202608
040802040702202608
040802041502202608
040802042302202608
040802043102202608
040802044002202608
040802044003202608
040802045802202608
040802046602202608
040802047402202608
040802047403202608
040802048202202608
040802048203202608
040802049002202608
040802049003202608
040802050402202608
040802050403202608
040802051202202608
040802051203202608
040802052002202608
040802052003202608
040802053902202608
040802053903202608
040802054702202608
040802055502202608
040802055503202608
040802056302202608
040802057102202608
040802058002202608
040802059802202608
040802059803202608
040802060102202608
040802060103202608
040802061002202608
040802061003202608
040802062802202608
040802062803202608
040802063602202608
040802063603202608
040802064402202608
040802064403202608
040803001102202608
040803002002202608
040803003802202608
040803004602202608
040803005402202608
040803006202202608
040803007002202608
040803008902202608
040803009702202608
040803010002202608
040803011902202608
040803012702202608
040803013502202608
040803014302202608
040803015102202608
040803016002202608
040803017802202608
040803018602202608
040803019402202608
040803020802202608
040803021602202608
040803022402202608
040803023202202608
040803024002202608
040803025902202608
040803026702202608
040803027502202608
040803028302202608
040803029102202608
040803030502202608
040803031302202608
040803032102202608
040803033002202608
040803034802202608
040803035602202608
040803036402202608
040803037202202608
040803038002202608
040803039902202608
040803040202202608
040803041002202608
040803042902202608
040803043702202608
040803044502202608
040803045302202608
040803046102202608
040803047002202608
040803048802202608
040803050002202608
040803051802202608
040803052602202608
040803053402202608
040803054202202608
040803055002202608
040803056902202608
040803057702202608
040803058502202608
040803059302202608
040803060702202608
040803061502202608
040803062302202608
040803063102202608
040803064002202608
040803065802202608
040803066602202608
040803067402202608
040803068202202608
040803069002202608
040803070402202608
040803071202202608
040803072002202608
040803073902202608
040803074702202608
040803075502202608
040803075503202608
040803076302202608
040803077102202608
040803078002202608
040803079802202608
040803080102202608
040803081002202608
040803082802202608
040803083602202608
040803084402202608
040803085202202608
040803086002202608
040803087902202608
040803088702202608
040803089502202608
040803090902202608
040803091702202608
040804001702202608
040804002502202608
040804003302202608
040804004102202608
040804005002202608
040804006802202608
040804007602202608
040804008402202608
040804009202202608
040804010602202608
040804011402202608
040804012202202608
040804013002202608
040804014902202608
040804015702202608
040804016502202608
040804017302202608
040804018102202608
040804018103202608
040804019002202608
040804019003202608
040804020302202608
040804021102202608
040804022002202608
040804023802202608
040804024602202608
040804025402202608
040804026202202608
040804027002202608
040804028902202608
040804029702202608
040804030002202608
040804031902202608
040804032702202608
040804033502202608
040804034302202608
040805001202202608
040805002002202608
040805003902202608
040805004702202608
040805005502202608
040805006302202608
040805007102202608
040805008002202608
040805009802202608
040805010102202608
040805011002202608
040805012802202608
040805013602202608
040805014402202608
040805014403202608
040805015202202608
040805016002202608
040805016003202608
040805017902202608
040805019501202608
040805019502202608
040805019503202608
040805020901202608
040805020902202608
040805020903202608
040805021701202608
040805021702202608
040805021703202608
040805022501202608
040805022502202608
040805022503202608
040805023302202608
040805024101202608
040805024102202608
040805024103202608
040805025001202608
040805025002202608
040805025003202608
040805026801202608
040805026802202608
040805026803202608
040805027601202608
040805027602202608
040805027603202608
040805028401202608
040805028402202608
040805028403202608
040805029201202608
040805029202202608
040805029203202608
040805030602202608
040805031402202608
040805032202202608
040805032203202608
040805033001202608
040805033002202608
040805034902202608
040805034903202608
040805035702202608
040805035703202608
040805036502202608
040805037302202608
040805037303202608
040805038102202608
040805039002202608
040805039003202608
040805040302202608
040805041102202608
040805042002202608
040805043802202608
040805044602202608
040805044603202608
040805045402202608
040805046202202608
040805047002202608
040805048902202608
040805049702202608
040805050002202608
040805051902202608
040805052702202608
040805053502202608
040805054302202608
040805055102202608
040805056002202608
040805057802202608
040805058602202608
040805059402202608
040805060802202608
040805061602202608
040805062402202608
040805063202202608
040805064002202608
040805064003202608
040805065902202608
040805065903202608
040805066702202608
040805066703202608
040805067502202608
040805068302202608
040805069102202608
040805069103202608
040805070502202608
040805071302202608
040805072102202608
040805073002202608
040805073003202608
040805074802202608
040805074803202608
040805075602202608
040805075603202608
040805076402202608
040805076403202608
040805077202202608
040805078002202608
040805079902202608
040805080202202608
040805081002202608
040805082902202608
040805082903202608
040805083702202608
040805084502202608
040805085302202608
040805086102202608
040805087002202608
040805088802202608
040805088803202608
040805089602202608
040805089603202608
040805090002202608
040805090003202608
040805091802202608
040805091803202608
040805092602202608
040805092603202608
040806001802202608
040806001803202608
040806002602202608
040806003402202608
040806004201202608
040806004202202608
040806004203202608
040806005002202608
040806005003202608
040806006902202608
040806007702202608
040806008501202608
040806008502202608
040806008503202608
040806009302202608
040806010702202608
040806011502202608
040806011503202608
040806012302202608
040806012303202608
040806013102202608
040806013103202608
040806014002202608
040806014003202608
040806015801202608
040806015802202608
040806015803202608
040806016602202608
040806017402202608
040806018202202608
040806019002202608
040806020402202608
040806020403202608
040806021201202608
040806021202202608
040806021203202608
040806022001202608
040806023902202608
040806024702202608
040806025502202608
040806026302202608
040806027102202608
040806028002202608
040806029802202608
040806029803202608
040806030101202608
040806030102202608
040806030103202608
040806031002202608
040806031003202608
040806032802202608
040806032803202608
040806033602202608
040806033603202608
040806034402202608
040806034403202608
040806035201202608
040806035202202608
040806035203202608
040806036002202608
040806036003202608
040806037902202608
040806037903202608
040806038702202608
040806039502202608
040806039503202608
040806040901202608
040806040902202608
040806040903202608
040806041702202608
040806041703202608
040806042501202608
040806042502202608
040806042503202608
040806043302202608
040806043303202608
040806044102202608
040806044103202608
040806045001202608
040806045002202608
040806045003202608
040806046802202608
040806046803202608
040806047602202608
040806047603202608
040806048402202608
040806048403202608
040806049202202608
040806050602202608
040806051402202608
040806052202202608
040806053002202608
040806053003202608
040806054902202608
040806054903202608
040806055702202608
040806056502202608
040806056503202608
040806057302202608
040806057303202608
040806058102202608
040806058103202608
040806059002202608
040806060302202608
040806060303202608
040806061102202608
040806062002202608
040806063802202608
040806063803202608
040806064602202608
040806064603202608
040806065401202608
040806066202202608
040806066203202608
040806067002202608
040806067003202608
040806068901202608
040806069702202608
040806069703202608
040806070002202608
040806070003202608
040806071902202608
040806071903202608
040901001402202608
040901002202202608
040901003002202608
040901004902202608
040901005702202608
040901006502202608
040901006503202608
040901007302202608
040901008102202608
040901009001202608
040901009002202608
040901009003202608
040901010301202608
040901011101202608
040901012002202608
040901012003202608
040901013802202608
040901014602202608
040901014603202608
040901015401202608
040901016201202608
040901017001202608
040901017002202608
040901017003202608
040901018902202608
040901018903202608
040901019702202608
040901020002202608
040901021902202608
040901022702202608
040901023502202608
040901024302202608
040901025102202608
040901026002202608
040901027801202608
040901028602202608
040901029401202608
040901029402202608
040901030802202608
040901031602202608
040901032402202608
040901033202202608
040901034002202608
040901035901202608
040901035902202608
040901036702202608
040901037502202608
040901037503202608
040901038301202608
040901038302202608
040901038303202608
040901039102202608
040901039103202608
040901040502202608
040901041302202608
040901042101202608
040901043002202608
040901043003202608
040901044801202608
040901045602202608
040901046402202608
040901047202202608
040901048002202608
040901048003202608
040901049902202608
040901050202202608
040901051002202608
040901051003202608
040901052902202608
040901053702202608
040901054502202608
040901055302202608
040901056102202608
040901057002202608
040901058802202608
040901059602202608
040901059603202608
040902001001202608
040902001002202608
040902001003202608
040902002801202608
040902002802202608
040902002803202608
040902003601202608
040902003602202608
040902003603202608
040902004402202608
040902004403202608
040902005202202608
040902006001202608
040902007901202608
040902007902202608
040902007903202608
040902008701202608
040902008702202608
040902008703202608
040902009501202608
040902009502202608
040902009503202608
040902010902202608
040902010903202608
040902011701202608
040902012502202608
040902012503202608
040902013302202608
040902013303202608
040902014102202608
040902014103202608
040902015002202608
040902015003202608
040902016802202608
040902016803202608
040902017601202608
040902017602202608
040902017603202608
040902018401202608
040903001502202608
040903001503202608
040903002302202608
040903003102202608
040903004002202608
040903005802202608
040904001001202608
040904001002202608
040904001003202608
040904002901202608
040904002902202608
040904003702202608
040904003703202608
040904004502202608
040904005302202608
040904005303202608
040904006101202608
040904006102202608
040904006103202608
040904007001202608
040904007002202608
040904007003202608
040904008801202608
040904008802202608
040904008803202608
040904009602202608
040904009603202608
040904010001202608
040904011802202608
040904011803202608
040904012602202608
040904012603202608
040904013402202608
040904013403202608
040904014201202608
040904014202202608
040904014203202608
040904015002202608
040904015003202608
040904016901202608
040904016902202608
040904016903202608
040904017702202608
040904017703202608
040904018502202608
040904018503202608
040904019302202608
040904019303202608
040904020702202608
040904020703202608
040904021501202608
040904021502202608
040904021503202608
040904022302202608
040904022303202608
040904023102202608
040904023103202608
040904024001202608
040904024002202608
040904024003202608
040905001602202608
040905002402202608
040905002403202608
040905003202202608
040905003203202608
040905004002202608
040905004003202608
040905005901202608
040905006701202608
040905007502202608
040905007503202608
040905008301202608
040905008302202608
040905008303202608
040905009102202608
040905009103202608
040905010502202608
040905010503202608
040905011302202608
040905011303202608
040905013002202608
040905014802202608
040905016402202608
040906001101202608
040906001102202608
040906001103202608
040906002002202608
040906003802202608
040906003803202608
040906004601202608
040906004602202608
040906004603202608
040906005402202608
040906005403202608
040906006201202608
040906007002202608
040906007003202608
040906008901202608
040906009701202608
040906010002202608
040906011902202608
040906012702202608
040906013502202608
040906014302202608
040906015102202608
040906016002202608
040906017801202608
040906017802202608
040906017803202608
040906018602202608
040906018603202608
040906019402202608
040906019403202608
040906020802202608
040906020803202608
040906021602202608
040906021603202608
040906022402202608
040906022403202608
040906023202202608
040906023203202608
040906024002202608
040906024003202608
040906025902202608
040906025903202608
040906026702202608
040906026703202608
040906027502202608
040906027503202608
040906028302202608
040906029102202608
040906030501202608
040906031302202608
040907001702202608
040907001703202608
040907002502202608
040907002503202608
040907003302202608
040907003303202608
040907004102202608
040907004103202608
040907005002202608
040907006802202608
040907006803202608
040907007602202608
040907007603202608
040907008402202608
040907008403202608
040907009202202608
040907009203202608
040907010601202608
040907010602202608
040907010603202608
040907011402202608
040907012201202608
040907012202202608
040907012203202608
040907013002202608
040907013003202608
040907014901202608
040907014902202608
040907014903202608
040907015701202608
040907015702202608
040907015703202608
040907016501202608
040907016502202608
040907016503202608
040907017301202608
040907018101202608
040907018102202608
040907018103202608
040907019002202608
040907019003202608
040907020302202608
040907021102202608
040907022002202608
040907022003202608
040907023802202608
040907024602202608
040907025402202608
040907026202202608
040907026203202608
040907027002202608
040907027003202608
040907028902202608
040907028903202608
040907029702202608
040907030002202608
040907030003202608
040907031902202608
041001001401202608
041001001402202608
041001001403202608
041001002201202608
041001003001202608
041001004901202608
041001004902202608
041001004903202608
041001005702202608
041001006502202608
041001006503202608
041001007302202608
041001007303202608
041001008101202608
041001008102202608
041001008103202608
041001009002202608
041001009003202608
041001010301202608
041001011102202608
041001011103202608
041001012002202608
041001013802202608
041001013803202608
041001014602202608
041001014603202608
041001015402202608
041001015403202608
041001016202202608
041001016203202608
041001019702202608
041001020002202608
041001021902202608
041101001801202608
041101001802202608
041101001803202608
041101002602202608
041101003402202608
041101004202202608
041101005002202608
041101005003202608
041101006901202608
041101007701202608
041101007702202608
041101007703202608
041101008502202608
041102001301202608
041102001302202608
041102001303202608
041102002102202608
041102002103202608
041102003002202608
041102004802202608
041201001102202608
041201002002202608
041201003802202608
041201003803202608
041201004602202608
041201004603202608
041201006201202608
041201006202202608
041201007002202608
041201008902202608
041201009702202608
041201010002202608
041201011902202608
041201012702202608
041201013502202608
041201014302202608
041202001702202608
041202002502202608
041202003302202608
041202005002202608
041202006802202608
041202007602202608
041202008402202608
041203001202202608
041203004702202608
041203005502202608
041203006302202608
041203007102202608
041203008002202608
041203009802202608
041203009803202608
041203010102202608
041203011002202608
041203012801202608
041203012802202608
041204001802202608
041204001803202608
041204002602202608
041204003402202608
041204004202202608
041204005002202608
041204006902202608
041204008502202608
041204008503202608
041204010702202608
041204011502202608
041204011503202608
041204012302202608
041204013102202608
041204015802202608
041204016602202608
041204017402202608
041204018202202608
041204019002202608
041204020402202608
041204021202202608
041204022002202608
041204022003202608
041205001302202608
041205003002202608
041205004802202608
041205006402202608
041205007202202608
041205008002202608
041205010202202608
041205011002202608
041205013702202608
041205014502202608
041205015302202608
041205016102202608
041205017001202608
041205017002202608
041301001502202608
041301002301202608
041301003101202608
041301004001202608
041301005801202608
041301006602202608
041301007402202608
041301008202202608
041301009002202608
041303001602202608
041303001603202608
041303002402202608
041303002403202608
041303003202202608
041303003203202608
041303004001202608
041303005902202608
041303005903202608
041303006702202608
041303006703202608
041303007502202608
041303007503202608
041303008302202608
041303008303202608
041304001101202608
041304002002202608
041304002003202608
041304003802202608
041304004602202608
041304005402202608
041304005403202608
041304006202202608
041304006203202608
041304007002202608
041304007003202608
041304008902202608
041304008903202608
041304009702202608
041304010002202608
041304011902202608
041304011903202608
041304012702202608
041304012703202608
041304013502202608
041304013503202608
041304014302202608
041304014303202608
041304015101202608
041304015102202608
041304015103202608
041304016002202608
041304017802202608
041304018602202608
041304018603202608
041304019402202608
041304019403202608
041304020802202608
041304020803202608
041304021602202608
041304021603202608
041304022402202608
041304022403202608
041304023202202608
041304023203202608
041304024002202608
041304025902202608
041304025903202608
041304026702202608
041401002702202608
041401003502202608
041401025601202608
041401025602202608
041401025603202608
041401027202202608
041401027203202608
041401032902202608
041401032903202608
041401034501202608
041401034502202608
041401034503202608
041401036101202608
041401036102202608
041401036103202608
041401037001202608
041401038801202608
041401038802202608
041401038803202608
041402002201202608
041402002202202608
041402002203202608
041402003001202608
041402003002202608
041402003003202608
041402004901202608
041402004902202608
041402004903202608
041402005701202608
041402005702202608
041402005703202608
041402006501202608
041402006502202608
041402006503202608
041402007301202608
041402007302202608
041402007303202608
041402008101202608
041402008102202608
041402008103202608
041402009001202608
041402009002202608
041402009003202608
041402012001202608
041402012002202608
041402012003202608
041402013801202608
041402013802202608
041402013803202608
041402014601202608
041402014602202608
041402014603202608
041402015401202608
041402015402202608
041402015403202608
041402016201202608
041402016202202608
041402016203202608
041402017001202608
041402017002202608
041402017003202608
041402017006202608
041402020001202608
041402020002202608
041402020003202608
041402021901202608
041402021902202608
041402021903202608
041402024301202608
041402024302202608
041402024303202608
041402027801202608
041402027802202608
041402027803202608
041402029401202608
041402029402202608
041402029403202608
041402035901202608
041402035902202608
041402035903202608
041402036701202608
041402036702202608
041402036703202608
041402037501202608
041402037502202608
041402037503202608
041402038301202608
041402038302202608
041402038303202608
041402040501202608
041402040502202608
041402040503202608
041402041302202608
041402041303202608
041402042101202608
041402043001202608
041402043002202608
041402043003202608
041402043006202608
041501001202202608
041502001802202608
041502003402202608
041502004202202608
041502005002202608
041502006902202608
041502007702202608
041502008502202608
041503001302202608
041504002702202608
041504003502202608
041504003506202608
041504004301202608
041504004306202608
041504005101202608
041601001602202608
041601002402202608
041601004002202608
041601007502202608
041601009102202608
041601011302202608
041601011303202608
041601012102202608
041601013002202608
041601016402202608
041601017202202608
041601017203202608
041601018002202608
041601019902202608
041601020202202608
041601021002202608
041601022902202608
041601023702202608
041602002002202608
041602015102202608
041602016002202608
041602017802202608
041602017803202608
041602018602202608
041602018603202608
041602019402202608
041602020802202608
041602021602202608
041602021603202608
041602022402202608
041602023202202608
041602024002202608
041602024003202608
041602025902202608
041603002502202608
041603002503202608
041603003302202608
041603003303202608
041603004102202608
041603004103202608
041603006802202608
041603007602202608
041603008402202608
041603009202202608
041603014901202608
041603014902202608
041603014903202608
041603015702202608
041603015703202608
041603016502202608
041603017302202608
041603018102202608
041603019002202608
041603020302202608
041603021102202608
041603022002202608
041603023802202608
041603024602202608
041603025402202608
041603026202202608
041603027002202608
041603028902202608
041603029702202608
041603030002202608
041603031902202608
041603032702202608
041603032703202608
041603033502202608
041603033503202608
041603034302202608
041603035102202608
041603035103202608
041603036002202608
041604001202202608
041604002002202608
041604003902202608
041604004702202608
041604005502202608
041604007102202608
041604010102202608
041604011002202608
041604012802202608
041604014402202608
041604017902202608
041604017903202608
041604018702202608
041604018703202608
041604019502202608
041604019503202608
041604020902202608
041604021702202608
041604022502202608
041604023302202608
041604024102202608
041604025002202608
041604026802202608
041604027602202608
041604028402202608
041604028403202608
041604029202202608
041604030602202608
041604031402202608
041604032202202608
041604033002202608
041604034902202608
041605001802202608
041605002602202608
041605003402202608
041605005002202608
041605007702202608
041605009302202608
041605010702202608
041605011502202608
041605012302202608
041606001302202608
041606001303202608
041606002102202608
041606003002202608
041606005602202608
041606006402202608
041606008002202608
041606009902202608
041606010202202608
041606011002202608
041606012902202608
041606013702202608
041608001402202608
041608001403202608
041608003002202608
041608003003202608
041608008102202608
041608009002202608
041608011102202608
041608012002202608
041608012003202608
041609001002202608
041609002802202608
041609003602202608
041609007902202608
041609010902202608
041609011702202608
041609012502202608
041609013302202608
041611001002202608
041611002902202608
041611003702202608
041611004502202608
041611005302202608
041611006102202608
041611007002202608
041611008802202608
041612002402202608
041612003202202608
041612004002202608
041612004003202608
041612005902202608
041612005903202608
041701001002202608
041701002802202608
041701003602202608
041701004402202608
041701004403202608
041701005201202608
041701005202202608
041701005203202608
041701006001202608
041701006002202608
041701006003202608
041801001301202608
041801002101202608
041801003001202608
041801004801202608
041801005602202608
041801006401202608
041801007202202608
041801008001202608
041801009901202608
041802001901202608
041802002701202608
041802003501202608
050101001701202608
050101002501202608
050101005001202608
050101006801202608
050101007601202608
050101009201202608
050101010601202608
050102003901202608
050102004701202608
050103001801202608
050103002601202608
050103003401202608
050103004201202608
050103005001202608
050103006902202608
050103007701202608
050103008501202608
050103009301202608
050103010701202608
050103011501202608
050103012301202608
050104001301202608
050104006401202608
050104006402202608
050104008001202608
050104008002202608
050104009901202608
050104011001202608
050104012901202608
050105001901202608
050105004301202608
050105005101202608
050106001402202608
050106002202202608
050106003002202608
050106004902202608
050106005702202608
050107001001202608
050107002801202608
050107002802202608
050107003602202608
050107004401202608
050107005201202608
050107008701202608
050107009501202608
050107010901202608
050107011701202608
050107012501202608
050107013301202608
050107014101202608
050107015002202608
050107016801202608
050107017601202608
050108001501202608
050108001502202608
050108002301202608
050108002302202608
050108003101202608
050108003102202608
050108003103202608
050108004001202608
050108004002202608
050108004003202608
050108005801202608
050108005802202608
050108005803202608
050108006601202608
050108006602202608
050108007401202608
050108007402202608
050108008202202608
050108009001202608
050108009002202608
050108010401202608
050108010402202608
050108010403202608
050201001002202608
050201002902202608
050301001401202608
050301001402202608
050301002201202608
050301002202202608
050302001002202608
050302002802202608
050303001502202608
050303002302202608
050303003102202608
050303004002202608
050303005801202608
050303005802202608
050303006602202608
050303007402202608
050303008202202608
050303009002202608
050303010402202608
050303011202202608
050304001002202608
050304002902202608
050304003702202608
050304004502202608
050304005302202608
050304006101202608
050304006102202608
050304008802202608
050401001801202608
050401001802202608
050401002601202608
050401002602202608
050401003401202608
050401003402202608
050402001302202608
050402002102202608
050402003002202608
050402004802202608
050402005602202608
050403002702202608
050404001401202608
050404002201202608
050405001001202608
050501001102202608
050501002002202608
050501003802202608
050501004602202608
050501005402202608
050501006202202608
050501007002202608
050501008902202608
050501009701202608
050501009702202608
050501009703202608
050501012701202608
050501012702202608
050501012703202608
050501013501202608
050501013502202608
050501013503202608
050501014302202608
050502001702202608
050502002502202608
050502004102202608
050502005002202608
050502006802202608
050502007602202608
050502008402202608
050502009202202608
050502010602202608
050502012202202608
050502014902202608
050601001501202608
050601005801202608
050601005802202608
050601006601202608
050601007401202608
050601008201202608
050601009001202608
050601010401202608
050601011201202608
050601012001202608
050601013901202608
050601014701202608
050601015501202608
050601016301202608
050601017101202608
050601018001202608
050601019801202608
050601020101202608
050601021001202608
050601022801202608
050601023601202608
050602001003202608
050602002903202608
050602003703202608
050602004502202608
050602004503202608
050602005302202608
050602006102202608
050602007002202608
050602009602202608
050602010002202608
050602011802202608
050602013402202608
060301001602202608
060302001102202608
060302002002202608
060302003802202608
060302004602202608
060302005402202608
060302009702202608
060303001701202608
060303001702202608
060303003302202608
060304001202202608
060305001802202608
060305002602202608
060305003402202608
060305004202202608
060305005002202608
060305006902202608
060305008502202608
060305009302202608
060305010702202608
060305011501202608
060305012301202608
060306001302202608
060307001902202608
060308001402202608
060308002202202608
060308003002202608
060308004902202608
060308005702202608
060308008102202608
060308010302202608
060308012002202608
060308013802202608
060308014602202608
060308016202202608
060308017002202608
060308018902202608
060308019702202608
060308020002202608
060308021902202608
060308022702202608
060308027802202608
060308028602202608
060308029402202608
060309001002202608
060309002802202608
060401001001202608
060401002801202608
060401003601202608
060401004401202608
060401005201202608
060401006001202608
060401007901202608
060401008701202608
060401009501202608
060401010901202608
060402001501202608
060402002301202608
060402003101202608
060402004001202608
060402005801202608
060402006601202608
060403001001202608
060403003701202608
060403004501202608
060403005301202608
060403006101202608
060404001601202608
060404002401202608
060404003201202608
060404004001202608
060404005901202608
060404006701202608
060404007501202608
060404009101202608
060405001101202608
060405002001202608
060405003801202608
060405004601202608
060405005401202608
060405006201202608
060405007001202608
060405008901202608
060405009701202608
060405010001202608
060405011901202608
060406001701202608
060406002501202608
060407001201202608
060408001801202608
060408002601202608
060408003401202608
060409001301202608
060410001901202608
060410002701202608
060410003501202608
060411001401202608
060411002201202608
060411003001202608
060411004901202608
060411005701202608
060411006501202608
060411007301202608
060411008101202608
060412001001202608
060413001501202608
060413002301202608
060413003101202608
060413004001202608
060413005801202608
060413006601202608
060413007401202608
060413008201202608
060413009001202608
060413010401202608
060413011201202608
060413012001202608
060413013901202608
060414002901202608
060414003701202608
060415001601202608
060415002401202608
060416001101202608
060416002001202608
060416004601202608
060416005401202608
060416006201202608
060417001701202608
060417002501202608
060417003301202608
060417004101202608
060417005001202608
060418001201202608
060418002001202608
060419001801202608
060420001301202608
060421001901202608
060421002701202608
060422001401202608
060423001001202608
060423002801202608
060423003601202608
060423004401202608
060423005201202608
060423006001202608
060423007901202608
060423008701202608
060424002301202608
060424003101202608
060424005801202608
060424006601202608
060424007401202608
060424008201202608
060424009001202608
060424010401202608
060424011201202608
060424012001202608
060425001001202608
060425003701202608
060425004501202608
060426001601202608
060427001101202608
060427002001202608
060427003801202608
060427004601202608
060427005401202608
060427006201202608
060427007001202608
060427008901202608
060427009701202608
060427010001202608
060427011901202608
060428006801202608
060428007601202608
060428008401202608
060428009201202608
060428010601202608
060429001201202608
060429002001202608
060429003901202608
060429004701202608
060429006301202608
060429007101202608
060429008001202608
060431001301202608
060431002101202608
060431003001202608
060431004801202608
060431005601202608
060431006401202608
060432001901202608
060432002701202608
060432003501202608
060432004301202608
060432005101202608
060432006001202608
060432007801202608
060432008601202608
060432009401202608
060432011601202608
060432012401202608
060432013201202608
060432014001202608
060432015901202608
060432016701202608
060432017501202608
060432018301202608
060432019101202608
060432020501202608
060432021301202608
060432022101202608
060433001401202608
060433002201202608
060433003001202608
060433004901202608
060433005701202608
060433006501202608
060433007301202608
060433008101202608
060433009001202608
060433010301202608
060433011101202608
060433012001202608
060434001001202608
060434002801202608
060434003601202608
060434004401202608
060434005201202608
060434006001202608
060434007901202608
060434008701202608
060434009501202608
060434010901202608
060434011701202608
060435001501202608
060435002301202608
060435003101202608
060436001001202608
060436002901202608
060436003701202608
060436004501202608
060436005301202608
060436006101202608
060436007001202608
060436008801202608
060436009601202608
060436010001202608
060436011801202608
060436012601202608
060437001601202608
060437002401202608
060437003201202608
060438001101202608
060438002001202608
060438003801202608
060438004601202608
060438005401202608
060438006201202608
060438007001202608
060438008901202608
060438009701202608
060438010001202608
060438011901202608
060438012701202608
060438013501202608
060438014301202608
060439001701202608
060439002501202608
060439003301202608
060439008401202608
060439009201202608
060439010601202608
060439011401202608
060440001201202608
060441001801202608
060441002601202608
060441003401202608
060442001301202608
060443001901202608
060444001401202608
060447001001202608
060447002901202608
060447003701202608
060447004501202608
060447005301202608
060448001601202608
060448002401202608
060449001101202608
060449002001202608
060450001701202608
060450002501202608
060450003301202608
060450004101202608
060450005001202608
060450006801202608
060450007601202608
060450008401202608
060450009201202608
060450010601202608
060450011401202608
060450012201202608
060450013001202608
060450014901202608
060451001201202608
060451002001202608
060451003901202608
060451004701202608
060452001801202608
060452002601202608
060453001301202608
060453002101202608
060453003001202608
060454001901202608
060454002701202608
060454003501202608
060454004301202608
060454006001202608
060454007801202608
060454008601202608
060455001401202608
060455002201202608
060456001001202608
060457001501202608
060457002301202608
060457003101202608
060458001001202608
060458002901202608
060459001601202608
060459002401202608
060460001101202608
060460002001202608
060461001701202608
060461002501202608
060461003301202608
060462001201202608
060462002001202608
060462003901202608
060462004701202608
060463001801202608
060463002601202608
060463003401202608
060463004201202608
060463005001202608
060463006901202608
060463007701202608
060465001901202608
060465002701202608
060465003501202608
060466001401202608
060466002201202608
060466003001202608
060467001001202608
060468002301202608
060468003101202608
060468004001202608
060468005801202608
060468006601202608
060468007401202608
060469001001202608
060469002901202608
060469003701202608
060469005301202608
060469006101202608
060470001601202608
060471001101202608
060471002001202608
060471003801202608
060472001701202608
060472002501202608
060473001201202608
060474001801202608
060475001301202608
060475002101202608
060475003001202608
060475004801202608
060477001401202608
060477002201202608
060477003001202608
060478001001202608
060478003601202608
060478004401202608
060478005201202608
060478006001202608
060479001501202608
060479002301202608
060480001001202608
060480002901202608
060481001601202608
060482001101202608
060483001701202608
060483002501202608
060483003301202608
060484001201202608
060484002001202608
060484006301202608
060484007101202608
060484009801202608
060485001801202608
060485002601202608
060485003401202608
060485004201202608
060486001301202608
060486002101202608
060486003001202608
060487001901202608
060487002701202608
060487003501202608
060487004301202608
060488001401202608
070101001001202608
070101002901202608
070101003701202608
070101004501202608
070101005301202608
070101006101202608
070101007001202608
070101008801202608
070101009601202608
070101010001202608
070101011801202608
070101012601202608
070101013401202608
070101014201202608
070101015001202608
070101016901202608
070101017701202608
070101018501202608
070101019301202608
070101020701202608
070101021501202608
070101022301202608
070101023101202608
070101024001202608
070101025801202608
070101026601202608
070101027401202608
070101028201202608
070101029001202608
070101030401202608
070101031201202608
070101032001202608
070101033901202608
070102001601202608
070102002401202608
070102003201202608
070102004001202608
070102005901202608
070102006701202608
070102007501202608
070102008301202608
070102009101202608
070102010501202608
070102011301202608
070102012101202608
070102013001202608
070102014801202608
070102015601202608
070102016401202608
070102017201202608
070102018001202608
070102019901202608
070102020201202608
070102021001202608
070102022901202608
070102023701202608
070102024501202608
070102025301202608
070102026101202608
070102027001202608
070102028801202608
070102029601202608
070102030001202608
070102031801202608
070102032601202608
070102033401202608
070102034201202608
070102035001202608
070102036901202608
070102037701202608
070102038501202608
070102039301202608
070102040701202608
070102041501202608
070102042301202608
070102043101202608
070102044001202608
070102045801202608
070102046601202608
070102047401202608
070102048201202608
070102049001202608
070102050401202608
070102051201202608
070102052001202608
070102053901202608
070102054701202608
070102055501202608
070102056301202608
070102057101202608
070102058001202608
070102059801202608
070102060101202608
070102061001202608
070102062801202608
070102063601202608
070102064401202608
070102065201202608
070103001101202608
070103002001202608
070103003801202608
070103004601202608
070103005401202608
070103006201202608
070103007001202608
070103008901202608
070103009701202608
070103010001202608
070103011901202608
070103012701202608
070103013501202608
070103014301202608
070103015101202608
070103016001202608
070103017801202608
070103018601202608
070103019401202608
070103020801202608
070103021601202608
070103022401202608
070103023201202608
070103024001202608
070103025901202608
070103026701202608
070103027501202608
070103028301202608
070103029101202608
070103030501202608
070103032101202608
070103033001202608
070103034801202608
070103035601202608
070104001701202608
070104002501202608
070104003301202608
070104004101202608
070104005001202608
070104006801202608
070104009201202608
070104010601202608
070104011401202608
070104012201202608
070104013001202608
070104014901202608
070104015701202608
070105001201202608
070105002001202608
070105004701202608
070106001801202608
070106002601202608
070106003401202608
070106004201202608
070107001301202608
070107002101202608
070107003001202608
070107004801202608
070107005601202608
070107006401202608
070107007201202608
070107008001202608
070107009901202608
070107010201202608
070107011001202608
070107012901202608
070107013701202608
070107014501202608
070107015301202608
070107016101202608
070107017001202608
070107018801202608
070107018802202608
070107018803202608
070107018806202608
070107019601202608
070107019602202608
070107019603202608
070107019606202608
070107020001202608
070107020002202608
070107020003202608
070107020006202608
070107021801202608
070107021802202608
070107021803202608
070107021806202608
070107022601202608
070107022602202608
070107022603202608
070107022606202608
070107023401202608
070107023402202608
070107023403202608
070107023406202608
070107024201202608
070107024202202608
070107024203202608
070107024206202608
070107025001202608
070107025002202608
070107025003202608
070107025006202608
070108002701202608
070108004301202608
070108005101202608
070108006001202608
070108007801202608
070108008601202608
070108009401202608
070108011601202608
070108012401202608
070108013201202608
070108014001202608
070108015901202608
070108016701202608
070108017501202608
070108018301202608
070108019101202608
070109001401202608
070109002201202608
070109003001202608
070109004901202608
070109005701202608
070109006501202608
070109007301202608
070109008101202608
070109009001202608
070109010301202608
070109011101202608
070109012001202608
070109013801202608
070109014601202608
070109015401202608
070109016201202608
070109017001202608
070109018901202608
070109019701202608
070109020001202608
070109021901202608
070109022701202608
070109023501202608
070110001001202608
070110002801202608
070110003601202608
070110004401202608
070110005201202608
070110006001202608
070110007901202608
070110008701202608
070110009501202608
070110010901202608
070201001402202608
070201002202202608
070201003002202608
070201004902202608
070201005702202608
070201006502202608
070201008102202608
070201009002202608
070201010302202608
070201011102202608
070201012002202608
070201013802202608
070201015402202608
070201016202202608
070201017002202608
070201018902202608
070201019702202608
070201020002202608
070201021902202608
070201022702202608
070201023502202608
070201025102202608
070202002801202608
070202003601202608
070202004401202608
070202021402202608
070202022202202608
070203002302202608
070203003102202608
070203004002202608
070203005802202608
070203006602202608
070203007402202608
070203008202202608
070203009002202608
070203010402202608
070203011202202608
070203012002202608
070203013902202608
070203014702202608
070203015502202608
070203016302202608
070203017102202608
070203018002202608
070203019802202608
070203020102202608
070203021002202608
070203022802202608
070203023602202608
070203024402202608
070203025202202608
070203026002202608
070203027902202608
070203028702202608
070203029502202608
070203030902202608
070203031702202608
070203032502202608
070203033302202608
070203034102202608
070203035002202608
070203036802202608
070203037602202608
070203038402202608
070203039202202608
070203040602202608
070203041402202608
070203042202202608
070203043002202608
070203044902202608
070203045702202608
070203046502202608
070203047302202608
070203048102202608
070203049002202608
070203050302202608
070203051102202608
070203052002202608
070203053802202608
070203054602202608
070203055402202608
070203056202202608
070203057002202608
070203058902202608
070203059702202608
070203060002202608
070203060003202608
070203061902202608
070203062702202608
070203062703202608
070203063502202608
070203064302202608
070203065102202608
070203066002202608
070203066003202608
070203067802202608
070203067803202608
070203068602202608
070203068603202608
070203069402202608
070203070802202608
070203071602202608
070203072402202608
070203073202202608
070203074002202608
070203075902202608
070203076702202608
070203078302202608
070203079102202608
070203080502202608
070203081302202608
070203082102202608
070203083002202608
070203084802202608
070203085602202608
070203086402202608
070203087202202608
070203088002202608
070203089902202608
070203090202202608
070203091002202608
070203092902202608
070203093702202608
070203094502202608
070203095302202608
070203095303202608
070203096102202608
070203097002202608
070203098802202608
070203098803202608
070203099602202608
070203100302202608
070203101102202608
070203101103202608
070203102002202608
070203102003202608
070203103802202608
070203103803202608
070203104602202608
070203104603202608
070203105402202608
070203105403202608
070203106202202608
070203106203202608
070203107002202608
070203107003202608
070203108902202608
070203108903202608
070203109702202608
070203109703202608
070203110002202608
070203110003202608
070203112702202608
070203112703202608
070203113502202608
070203113503202608
070203114302202608
070203114303202608
070203115102202608
070203115103202608
070203116002202608
070203116003202608
070203117802202608
070203117803202608
070203118602202608
070203118603202608
070203119402202608
070203119403202608
070203120802202608
070203120803202608
070203121602202608
070203121603202608
070203122402202608
070203122403202608
070203123202202608
070203123203202608
070203124002202608
070203124003202608
070203125902202608
070203125903202608
070203126702202608
070203126703202608
070203127502202608
070203127503202608
070203128302202608
070203128303202608
070203129102202608
070203129103202608
070203130502202608
070203130503202608
070203131302202608
070203131303202608
070203132102202608
070203132103202608
070203133002202608
070203133003202608
070203134802202608
070203134803202608
070203135602202608
070203135603202608
070203136402202608
070203136403202608
070203138002202608
070203138003202608
070203139902202608
070203139903202608
070204001002202608
070204002902202608
070204003702202608
070204004502202608
070204005302202608
070204006102202608
070204007002202608
070204008801202608
070204008802202608
070204009602202608
070204010002202608
070204011802202608
070204011803202608
070204012602202608
070204013401202608
070204013402202608
070204014202202608
070204015001202608
070204015002202608
070204016902202608
070204017702202608
070204018502202608
070204019302202608
070204020702202608
070204021502202608
070204022302202608
070204023102202608
070204024002202608
070204025802202608
070204026602202608
070204027402202608
070204028202202608
070204029002202608
070204030402202608
070204031202202608
070204032002202608
070204033902202608
070204034702202608
070204035502202608
070204036302202608
070204037102202608
070204038001202608
070204038002202608
070204039802202608
070204040102202608
070204041002202608
070204042802202608
070204043602202608
070204044402202608
070204045202202608
070204046002202608
070204047902202608
070204048702202608
070204051702202608
070204053302202608
070204054102202608
070204055002202608
070204056802202608
070204057602202608
070204058402202608
070204059202202608
070204060602202608
070204061402202608
070205001602202608
070205002402202608
070205003202202608
070205004002202608
070205005902202608
070205006702202608
070205007502202608
070205008302202608
070205009102202608
070205009103202608
070205010502202608
070205012102202608
070205013002202608
070205014802202608
070205015602202608
070205016402202608
070205017202202608
070205018002202608
070205019902202608
070205022902202608
070205023702202608
070205024502202608
070205026102202608
070205027002202608
070205028802202608
070205029602202608
070205030002202608
070205031802202608
070205032602202608
070205033402202608
070205034201202608
070205034202202608
070205035002202608
070205036902202608
070205037702202608
070205040702202608
070205041502202608
070205042302202608
070205043102202608
070205044002202608
070205045802202608
070205046602202608
070205047402202608
070205048202202608
070205049002202608
070205050402202608
070205051202202608
070205052002202608
070205053902202608
070205054702202608
070205054703202608
070205055502202608
070205056302202608
070205056303202608
070205057102202608
070205057103202608
070205058002202608
070205078402202608
070205079202202608
070205080602202608
070205081402202608
070205081403202608
070205082202202608
070205083002202608
070205083003202608
070205084902202608
070206001101202608
070206001102202608
070206001103202608
070206002002202608
070206003802202608
070207004101202608
070207004102202608
070207004103202608
070207005002202608
070207005003202608
070208001202202608
070208002002202608
070208003902202608
070209001802202608
070209003402202608
070209004202202608
070209005002202608
070209006902202608
070209008502202608
070209009302202608
070210001301202608
070210002101202608
070210003001202608
070210004801202608
070210005601202608
070210006401202608
070210007201202608
070210008001202608
070210009901202608
070210010201202608
070211001902202608
070211002702202608
070211003502202608
070211004302202608
070212001402202608
070212002202202608
070212003002202608
070212004902202608
070212005702202608
070212006501202608
070212006502202608
080101001201202608
080101002001202608
080101003902202608
080101004702202608
080201001602202608
080201002402202608
080201003202202608
080201004002202608
080201005902202608
080201006702202608
080201007502202608
080201008302202608
080201009102202608
080201011302202608
080201012102202608
080201013002202608
080201015602202608
080201016402202608
080201019902202608
080201021002202608
080201022902202608
080201023702202608
080201024502202608
080201025302202608
080201026102202608
080201027002202608
080201028802202608
080201032602202608
080201033401202608
080201034202202608
080201035002202608
080201036902202608
080202001102202608
080202002002202608
080202002003202608
080301001001202608
080301002801202608
080301003601202608
080301004401202608
080301005201202608
080301006001202608
080301007901202608
080301008701202608
080301009501202608
080301010901202608
080301011701202608
080301012501202608
080301013301202608
080301014101202608
080301015001202608
080301016801202608
080401001301202608
080401001306202608
080401002101202608
080401002106202608
080401003001202608
080401003006202608
080401004801202608
080401004806202608
080401005601202608
080401005606202608
080401006401202608
080401006406202608
080402001901202608
080402001906202608
080402002701202608
080402002706202608
080402003501202608
080402003506202608
080402004301202608
080402004306202608
080402005101202608
080403001401202608
080403001406202608
080404001001202608
080404002801202608
080404003601202608
090101001401202608
090101004901202608
090101005701202608
090101007301202608
090101008101202608
090101009001202608
090101010301202608
090101011101202608
090101012001202608
090101013801202608
090201001801202608
090201002601202608
090201003401202608
090201004201202608
090201005001202608
090201006901202608
090201007701202608
090301001101202608
090301002001202608
090301003801202608
090301004601202608
090401001501202608
090401002301202608
090401003101202608
090501001901202608
090501002701202608
090501003501202608
090501004301202608
090501005101202608
090501006001202608
090501007801202608
090601001201202608
090601002001202608
090601003901202608
090601004701202608
090601005501202608
090701001601202608
090701002401202608
090801001001202608
090801002801202608
090801003601202608
090801004401202608
090801005201202608
090801006001202608
090801007901202608
090801008701202608
