010101001001202608
010101002801202608
010101002802202608
010101003601202608
010101009510202608
010101010910202608
010101011701202608
010101011710202608
010101012510202608
010101013310202608
010101014110202608
010101015010202608
010101016810202608
010101017610202608
010101018410202608
010101019210202608
010101020610202608
010101021410202608
010101022210202608
010101023010202608
010101024910202608
010101025710202608
010101026510202608
010101027310202608
010101028110202608
010101029010202608
010101030310202608
010102001501202608
010102002301202608
010102003101202608
010102004001202608
010102005801202608
010102005802202608
010102005805202608
010102005810202608
010102006601202608
010102006602202608
010102006605202608
010102007401202608
010102007402202608
010102007405202608
010102008201202608
010102008202202608
010102009001202608
010102009002202608
010102009005202608
010102009007202608
010102010402202608
010102010410202608
010102011201202608
010102011210202608
010102012002202608
010102012010202608
010103001001202608
010103001002202608
010103001010202608
010103002901202608
010103002902202608
010104002401202608
010104002402202608
010104003201202608
010104003202202608
010104004001202608
010104004002202608
010104005901202608
010104005902202608
010104005905202608
010104007510202608
010104008310202608
010104009110202608
010104010510202608
010104011310202608
010104012110202608
010105001101202608
010105001102202608
010105001105202608
010105002001202608
010105002002202608
010105002005202608
010105004601202608
010105004602202608
010105004605202608
010105005401202608
010105005402202608
010105005405202608
010105006202202608
010105006205202608
010105007002202608
010105007005202608
010105008902202608
010105008905202608
010105009702202608
010105009705202608
010105010002202608
010105010005202608
010105011902202608
010105011905202608
010105012702202608
010105012705202608
010105013502202608
010105013505202608
010105014302202608
010105014305202608
010105015101202608
010105015110202608
010105016001202608
010105016010202608
010105017801202608
010105017810202608
010105018601202608
010105019401202608
010105020801202608
010105020802202608
010105021601202608
010105022401202608
010105023201202608
010105024001202608
010105025901202608
010105026701202608
010201005601202608
010201006401202608
010201007201202608
010201014501202608
010201015301202608
010201016101202608
010201017001202608
010201018801202608
010201019601202608
010201020001202608
010201021801202608
010201022601202608
010201023401202608
010201024201202608
010201025001202608
010201026901202608
010201027701202608
010201028501202608
010201029301202608
010201030701202608
010201031501202608
010201032301202608
010201033101202608
010201034001202608
010201035801202608
010201036601202608
010201037401202608
010201038201202608
010201039001202608
010201040401202608
010201041201202608
010201042001202608
010201043901202608
010201044701202608
010201045501202608
010201046301202608
010201047101202608
010201048001202608
010201049801202608
010201050101202608
010201051001202608
010201052801202608
010201053601202608
010201054401202608
010201055201202608
010201056001202608
010201057901202608
010201058701202608
010201059501202608
010201060901202608
010201061701202608
010201062501202608
010201063301202608
010201064101202608
010201065001202608
010201066801202608
010202001901202608
010202002701202608
010202002702202608
010202002710202608
010202003501202608
010202004301202608
010202005102202608
010202006001202608
010202007801202608
010202007810202608
010202008601202608
010202009401202608
010202010801202608
010202011601202608
010202012401202608
010202013201202608
010202014001202608
020101001102202608
020101001104202608
020101002001202608
020101002002202608
020101002005202608
020101003803202608
020101004602202608
020101004604202608
020101005405202608
020101006202202608
020101006204202608
020101007002202608
020101007004202608
020101008901202608
020101008902202608
020101008905202608
020101009702202608
020101009704202608
020101010002202608
020101010004202608
020101011902202608
020101011904202608
020101012703202608
020101013503202608
020101014303202608
020101015102202608
020101015105202608
020101016002202608
020101016003202608
020101016007202608
020101017802202608
020101017804202608
020101018602202608
020101018604202608
020101019402202608
020101019404202608
020101020803202608
020101021602202608
020101021604202608
020101022402202608
020101022404202608
020101022407202608
020101023202202608
020101023204202608
020101023210202608
020101024002202608
020101024003202608
020101025903202608
020101026702202608
020101026703202608
020101027502202608
020101027503202608
020101027504202608
020101027507202608
020101028302202608
020101028304202608
020101029101202608
020101029102202608
020101029105202608
020101030502202608
020101030503202608
020101030504202608
020101031302202608
020101031303202608
020101031304202608
020101032102202608
020101032103202608
020101032104202608
020101033002202608
020101033003202608
020101033004202608
020101034801202608
020101034802202608
020101034805202608
020101035602202608
020101036401202608
020101036402202608
020101037202202608
020101037204202608
020101037207202608
020101038002202608
020101038004202608
020101039901202608
020101039902202608
020101039905202608
020101040202202608
020101040203202608
020101041001202608
020101041002202608
020101041004202608
020101041007202608
020101042905202608
020101043702202608
020101043704202608
020101044501202608
020101044502202608
020101044505202608
020101045301202608
020101045302202608
020101045305202608
020101046101202608
020101046102202608
020101046105202608
020101047001202608
020101047002202608
020101047005202608
020101048802202608
020101048804202608
020101049602202608
020101049604202608
020101050002202608
020101050004202608
020101051802202608
020101051804202608
020101052602202608
020101052604202608
020101052610202608
020101053403202608
020101054202202608
020101054204202608
020101055003202608
020101056902202608
020101056904202608
020101056907202608
020101058502202608
020101058507202608
020101059301202608
020101059302202608
020101059305202608
020101060702202608
020101060707202608
020101061502202608
020101061504202608
020101062302202608
020101062304202608
020101063101202608
020101063102202608
020101063105202608
020101063107202608
020101064001202608
020101064002202608
020101064005202608
020101065801202608
020101065802202608
020101065805202608
020101066602202608
020101066604202608
020101066607202608
020102001701202608
020102001702202608
020102001705202608
020102001707202608
020102002501202608
020102002502202608
020102002505202608
020102003301202608
020102003302202608
020102003305202608
020102004101202608
020102004102202608
020102004105202608
020102005001202608
020102005002202608
020102005005202608
020102006802202608
020102007610202608
020102008410202608
020201001501202608
020201001502202608
020201001505202608
020201002301202608
020201002302202608
020201002305202608
020201002307202608
020201003101202608
020201003102202608
020201003105202608
020201004001202608
020201004002202608
020201004005202608
020201005801202608
020201005802202608
020201005805202608
020201006601202608
020201006602202608
020201006605202608
020201007401202608
020201007402202608
020201007405202608
020201008201202608
020201008202202608
020201008205202608
020201009001202608
020201009002202608
020201009005202608
020201010401202608
020201010402202608
020201010405202608
020201011201202608
020201011202202608
020201011205202608
020201012001202608
020201012002202608
020201012005202608
020201013901202608
020201013902202608
020201013905202608
020201014701202608
020201014702202608
020201014705202608
020201015501202608
020201015502202608
020201015505202608
020201016301202608
020201016302202608
020201016305202608
020201017101202608
020201017102202608
020201017105202608
020201018001202608
020201018002202608
020201018005202608
020201019801202608
020201019802202608
020201019805202608
020201020101202608
020201020102202608
020201020105202608
020201021001202608
020201021002202608
020201021005202608
020201021007202608
020201022801202608
020201022802202608
020201022805202608
020201023601202608
020201023602202608
020201023605202608
020201024405202608
020201025201202608
020201025202202608
020201025205202608
020201026001202608
020201026002202608
020201026005202608
020201027901202608
020201027902202608
020201027905202608
020201027907202608
020201028701202608
020201028702202608
020201028705202608
020201028707202608
020201029501202608
020201029502202608
020201029505202608
020201029507202608
020201030901202608
020201030902202608
020201030905202608
020201031701202608
020201031702202608
020201031705202608
020201031707202608
020201032501202608
020201032502202608
020201032505202608
020201033301202608
020201033302202608
020201033305202608
020201034101202608
020201034102202608
020201034105202608
020201035001202608
020201035002202608
020201035005202608
020201036801202608
020201036802202608
020201036805202608
020201037601202608
020201037602202608
020201037605202608
020201038401202608
020201038402202608
020201038405202608
020201038407202608
020201039201202608
020201039202202608
020201039205202608
020201039207202608
020201040601202608
020201040602202608
020201040605202608
020201041401202608
020201041402202608
020201041405202608
020201042201202608
020201042202202608
020201042205202608
020201042207202608
020201043001202608
020201043002202608
020201043005202608
020201043007202608
020201044901202608
020201044902202608
020201044905202608
020201045701202608
020201045702202608
020201045705202608
020201046501202608
020201046502202608
020201046505202608
020201047301202608
020201047302202608
020201047305202608
020201047307202608
020201048101202608
020201048102202608
020201048105202608
020201049001202608
020201049002202608
020201049005202608
020201050301202608
020201050302202608
020201050305202608
020201050307202608
020201051101202608
020201051102202608
020201051105202608
020201052001202608
020201052002202608
020201053801202608
020201053802202608
020201053805202608
020201053807202608
020201054601202608
020201054602202608
020201054605202608
020201055401202608
020201055402202608
020201055405202608
020201056201202608
020201056202202608
020201056205202608
020201057001202608
020201057002202608
020201057005202608
020201058901202608
020201058902202608
020201058905202608
020201059701202608
020201059702202608
020201059705202608
020201060001202608
020201060002202608
020201060005202608
020201060007202608
020201061901202608
020201061902202608
020201061905202608
020201061907202608
020201062701202608
020201062702202608
020201062705202608
020201062707202608
020201063501202608
020201063502202608
020201063505202608
020201063507202608
020201064301202608
020201064302202608
020201064305202608
020201064307202608
020201065101202608
020201065102202608
020201065105202608
020201065107202608
020201066001202608
020201066002202608
020201066005202608
020201066007202608
020201067801202608
020201067802202608
020201067805202608
020201067807202608
020201068601202608
020201068602202608
020201068605202608
020201069401202608
020201069402202608
020201069405202608
020201069407202608
020201070801202608
020201070802202608
020201070805202608
020201071601202608
020201071602202608
020201071605202608
020201072401202608
020201072402202608
020201072405202608
020201073201202608
020201073202202608
020201073205202608
020201074001202608
020201074002202608
020201074005202608
020201075901202608
020201075902202608
020201075905202608
020201076701202608
020201076702202608
020201076705202608
020201076707202608
020201077501202608
020201077502202608
020201078301202608
020201078302202608
020201079102202608
020201079107202608
020202001001202608
020202001002202608
020202001005202608
020202001007202608
020202002901202608
020202002902202608
020202002905202608
020202003701202608
020202003702202608
020202003705202608
020202004501202608
020202004502202608
020202004505202608
020202005301202608
020202005302202608
020202005305202608
020202006101202608
020202006102202608
020202006105202608
020202007001202608
020202007002202608
020202007005202608
020202008801202608
020202008802202608
020202008805202608
020202009601202608
020202009602202608
020202009605202608
020202010001202608
020202010002202608
020202010005202608
020202011801202608
020202011802202608
020202012601202608
020202012602202608
020202012605202608
020202013401202608
020202013402202608
020202013405202608
020202013407202608
020202014201202608
020202014202202608
020202014205202608
020202014207202608
020202015001202608
020202015002202608
020202015005202608
020202016901202608
020202016902202608
020202016905202608
020202017701202608
020202017702202608
020202017705202608
020202018501202608
020202018502202608
020202018505202608
020202019301202608
020202019302202608
020202019305202608
020202020701202608
020202020702202608
020202020705202608
020202021501202608
020202021502202608
020202021505202608
020202022301202608
020202022302202608
020202022305202608
020202023101202608
020202023102202608
020202023105202608
020202024001202608
020202024002202608
020202024005202608
020202025801202608
020202025802202608
020202025805202608
020202026601202608
020202026602202608
020202026605202608
020202027401202608
020202027402202608
020202027405202608
020202028201202608
020202028202202608
020202028205202608
020202029001202608
020202029002202608
020202029005202608
020202030401202608
020202030402202608
020202030405202608
020202030407202608
020202031201202608
020202031202202608
020202031205202608
020202032001202608
020202032002202608
020202032005202608
020202033901202608
020202033902202608
020202033905202608
020202034701202608
020202034702202608
020202034705202608
020202035501202608
020202035502202608
020202035505202608
020202036301202608
020202036302202608
020202036305202608
020202037101202608
020202037102202608
020202037105202608
020202037107202608
020202038001202608
020202038002202608
020202038005202608
020202038007202608
020202039801202608
020202039802202608
020202039805202608
020202040101202608
020202040102202608
020202040105202608
020202041001202608
020202041002202608
020202041005202608
020202042801202608
020202042802202608
020202042805202608
020202043601202608
020202043602202608
020202043605202608
020202044401202608
020202044402202608
020202044405202608
020202045201202608
020202045202202608
020202045205202608
020202046001202608
020202046002202608
020202046005202608
020202047905202608
020202048701202608
020202048702202608
020202048705202608
020202049501202608
020202049502202608
020202049505202608
020202050901202608
020202050902202608
020202050905202608
020202051701202608
020202051702202608
020202052501202608
020202052502202608
020202052505202608
020202053301202608
020202053302202608
020202053305202608
020202054101202608
020202054102202608
020202054105202608
020202055002202608
020202055004202608
020202056802202608
020202056804202608
020202057602202608
020202057604202608
020203001601202608
020203001602202608
020203001605202608
020203002402202608
020203002405202608
020203003201202608
020203003202202608
020203003205202608
020203004002202608
020203004005202608
020203005902202608
020203005905202608
020203006701202608
020203006702202608
020203006705202608
020203007501202608
020203007502202608
020203007505202608
020203008301202608
020203008302202608
020203008305202608
020203009101202608
020203009102202608
020203009105202608
020203010501202608
020203010502202608
020203010505202608
020203010507202608
020203011301202608
020203011302202608
020203011305202608
020203012101202608
020203012102202608
020203012105202608
020203013001202608
020203013002202608
020203013005202608
020203014801202608
020203014802202608
020203014805202608
020203015601202608
020203015602202608
020203015605202608
020203016401202608
020203016402202608
020203016405202608
020203017205202608
020203018001202608
020203018002202608
020203018005202608
020203019901202608
020203019902202608
020203019905202608
020203020201202608
020203020202202608
020203020205202608
020203022901202608
020203022902202608
020203022905202608
020203023702202608
020203023704202608
020203023707202608
020203024501202608
020203024502202608
020203024505202608
020203025301202608
020203025302202608
020203025305202608
020203026101202608
020203026102202608
020203027001202608
020203027002202608
020203027005202608
020203028801202608
020203028802202608
020203028805202608
020203029602202608
020203029605202608
020203032601202608
020203032602202608
020203032605202608
020203033401202608
020203033402202608
020203033405202608
020203034201202608
020203034202202608
020203034205202608
020203035001202608
020203035002202608
020203035005202608
020203036901202608
020203036902202608
020203036905202608
020203037701202608
020203037702202608
020203037705202608
020203038501202608
020203038502202608
020203038505202608
020203039301202608
020203039302202608
020203039305202608
020203040701202608
020203040702202608
020203040705202608
020203041501202608
020203041502202608
020203041505202608
020203042301202608
020203042302202608
020203042305202608
020203043101202608
020203043102202608
020203043105202608
020203044001202608
020203044002202608
020203044005202608
020203045801202608
020203045802202608
020203045805202608
020203046601202608
020203046602202608
020203046605202608
020203047401202608
020203047402202608
020203047405202608
020203048201202608
020203048202202608
020203048205202608
020203050401202608
020203050402202608
020203050405202608
020203051201202608
020203051202202608
020203051205202608
020203052001202608
020203052002202608
020203052005202608
020203053901202608
020203053902202608
020203053905202608
020203054701202608
020203054702202608
020203054705202608
020203055501202608
020203055502202608
020203055505202608
020203056301202608
020203056302202608
020203056305202608
020203057101202608
020203057102202608
020203057105202608
020203058001202608
020203058002202608
020203058005202608
020203059801202608
020203059802202608
020203059805202608
020203060101202608
020203060102202608
020203060105202608
020203061001202608
020203061002202608
020203061005202608
020203062801202608
020203062802202608
020203062805202608
020203063602202608
020203063605202608
020203063607202608
020203064402202608
020203064405202608
020203065201202608
020203065202202608
020203065205202608
020203066001202608
020203066002202608
020203066005202608
020203068702202608
020203068705202608
020203069501202608
020203069502202608
020203069505202608
020203070901202608
020203070902202608
020203070905202608
020203070907202608
020203071701202608
020203071702202608
020203071705202608
020203072501202608
020203072502202608
020203072505202608
020203073301202608
020203073302202608
020203073305202608
020203074101202608
020203074102202608
020203074105202608
020203075001202608
020203075002202608
020203075005202608
020203076801202608
020203076802202608
020203076805202608
020203077601202608
020203077602202608
020203077605202608
020203078402202608
020203078405202608
020203078407202608
020203079201202608
020203079202202608
020203079205202608
020203080602202608
020203080605202608
020203081401202608
020203081402202608
020203081405202608
020203082201202608
020203082202202608
020203082205202608
020203083001202608
020203083002202608
020203083005202608
020203084901202608
020203084902202608
020203084905202608
020203085701202608
020203085702202608
020203085705202608
020203086501202608
020203086502202608
020203086505202608
020203087301202608
020203087302202608
020203087305202608
020203088101202608
020203088102202608
020203088105202608
020203089002202608
020203089005202608
020203089007202608
020203090301202608
020203090302202608
020203090305202608
020203091102202608
020203091105202608
020203092001202608
020203092002202608
020203092005202608
020203093801202608
020203093802202608
020203093805202608
020203094601202608
020203094602202608
020203094605202608
020203095401202608
020203095402202608
020203095405202608
020203096201202608
020203096202202608
020203096205202608
020203098902202608
020203098905202608
020203099702202608
020203099705202608
020203100401202608
020203100402202608
020203100405202608
020203101201202608
020203101202202608
020203101205202608
020203103901202608
020203103902202608
020203103905202608
020203104701202608
020203104702202608
020203104705202608
020203105501202608
020203105502202608
020203106301202608
020203106302202608
020203106305202608
020203107102202608
020203107105202608
020203108002202608
020203110101202608
020203110102202608
020203110105202608
020203111001202608
020203111002202608
020203111005202608
020203111007202608
020203114401202608
020203114402202608
020203114405202608
020203115201202608
020203115202202608
020203115205202608
020203117902202608
020203117905202608
020203118701202608
020203118702202608
020203118705202608
020203119501202608
020203119502202608
020203119505202608
020203120902202608
020203120904202608
020203121701202608
020203121702202608
020203122502202608
020203122505202608
020203123302202608
020203123305202608
020203124102202608
020203127602202608
020203127604202608
020203128402202608
020203128404202608
020203129202202608
020203129204202608
020203130602202608
020203130604202608
020203131402202608
020203131404202608
020203132202202608
020203132204202608
020203136502202608
020203136505202608
020203137302202608
020203137305202608
020203138102202608
020203138104202608
020203139002202608
020203139004202608
020203140302202608
020203140304202608
020203141102202608
020203141105202608
020203142002202608
020203142005202608
020203143802202608
020203143805202608
020203144601202608
020203144602202608
020203144605202608
020203144607202608
020203145401202608
020203145402202608
020203145405202608
020203145407202608
020203146201202608
020203146202202608
020203146205202608
020203146207202608
020203147002202608
020203147005202608
020203147007202608
020203148902202608
020203148905202608
020203148907202608
020203149702202608
020203149705202608
020203149707202608
020203150001202608
020203150002202608
020203150005202608
020203150007202608
020203151901202608
020203151902202608
020203151905202608
020203151907202608
020203152701202608
020203152702202608
020203152705202608
020203152707202608
020203153501202608
020203153502202608
020203153505202608
020203154301202608
020203154302202608
020203154305202608
020203155101202608
020203155102202608
020203155105202608
020203156002202608
020203157802202608
020203158602202608
020203159402202608
020203160802202608
020203161602202608
020203162402202608
020203162405202608
020204001101202608
020204001102202608
020204001105202608
020204002001202608
020204002002202608
020204002005202608
020204003801202608
020204003802202608
020204003805202608
020204004601202608
020204004602202608
020204004605202608
020204005401202608
020204005402202608
020204005405202608
020204006201202608
020204006202202608
020204006205202608
020204007001202608
020204007002202608
020204007005202608
020204008901202608
020204008902202608
020204008905202608
020204009701202608
020204009702202608
020204009705202608
020204010001202608
020204010002202608
020204010005202608
020204011901202608
020204011902202608
020204012701202608
020204012702202608
020204012705202608
020204013501202608
020204013502202608
020204013505202608
020204014301202608
020204014302202608
020204014305202608
020204015101202608
020204015102202608
020204015105202608
020204016001202608
020204016002202608
020204016005202608
020204017801202608
020204017802202608
020204017805202608
020204018602202608
020204018604202608
020204019402202608
020204019404202608
020205001701202608
020205001702202608
020205001705202608
020205002501202608
020205002502202608
020205002505202608
020205003301202608
020205003302202608
020205003305202608
020205004101202608
020205004102202608
020205004105202608
020205005001202608
020205005002202608
020205005005202608
020205006801202608
020205006802202608
020205006805202608
020205007602202608
020205007605202608
020205007607202608
020205008401202608
020205008402202608
020205008405202608
020205009201202608
020205009202202608
020205009205202608
020205010601202608
020205010602202608
020205010605202608
020205011401202608
020205011402202608
020205011405202608
020205012201202608
020205012202202608
020205012205202608
020205013001202608
020205013002202608
020205013005202608
020205014901202608
020205014902202608
020205014905202608
020205015701202608
020205015702202608
020205015705202608
020205016501202608
020205016502202608
020205016505202608
020205017301202608
020205017302202608
020205017305202608
020205018101202608
020205018102202608
020205018105202608
020205019001202608
020205019002202608
020205019005202608
020205020301202608
020205020302202608
020205020305202608
020205021101202608
020205021102202608
020205021105202608
020205022001202608
020205022002202608
020205022005202608
020205023801202608
020205023802202608
020205023805202608
020205024601202608
020205024602202608
020205024605202608
020205025401202608
020205025402202608
020205025405202608
020205026201202608
020205026202202608
020205026205202608
020205027001202608
020205027002202608
020205027005202608
020205028901202608
020205028902202608
020205028905202608
020205029701202608
020205029702202608
020205029705202608
020205030001202608
020205030002202608
020205030005202608
020205031901202608
020205031902202608
020205031905202608
020205032701202608
020205032702202608
020205032705202608
020206001201202608
020206001202202608
020206001205202608
020206002001202608
020206002002202608
020206002005202608
020206003901202608
020206003902202608
020206003905202608
020206004701202608
020206004702202608
020206004705202608
020206005501202608
020206005502202608
020206005505202608
020206006301202608
020206006302202608
020206006305202608
020206007101202608
020206007102202608
020206007105202608
020206008001202608
020206008002202608
020206008005202608
020206009801202608
020206009802202608
020206009805202608
020206010101202608
020206010102202608
020206010105202608
020206011001202608
020206011002202608
020206011005202608
020206012801202608
020206012802202608
020206012805202608
020206013601202608
020206013602202608
020206013605202608
020206014401202608
020206014402202608
020206014405202608
020206015201202608
020206015202202608
020206015205202608
020206016001202608
020206016002202608
020206016005202608
020206017901202608
020206017902202608
020206017905202608
020206018701202608
020206018702202608
020206018705202608
020206019501202608
020206019502202608
020206019505202608
020206020901202608
020206020902202608
020206020905202608
020206021701202608
020206021702202608
020206021705202608
020206022501202608
020206022502202608
020206022505202608
020206023301202608
020206023302202608
020206023305202608
020206024101202608
020206024102202608
020206024105202608
020206025001202608
020206025002202608
020206025005202608
020206025007202608
020206026801202608
020206026802202608
020206026805202608
020206027601202608
020206027602202608
020206027607202608
020206028401202608
020206028402202608
020206028405202608
020206029201202608
020206029202202608
020206029205202608
020206030601202608
020206030602202608
020206030605202608
020206031401202608
020206031402202608
020206031405202608
020206032201202608
020206032202202608
020206033001202608
020206033002202608
020206033005202608
020206034901202608
020206034902202608
020206034905202608
020206035701202608
020206035702202608
020206035705202608
020206036501202608
020206036502202608
020206036505202608
020206037301202608
020206037302202608
020206037305202608
020206037307202608
020206038101202608
020206038102202608
020206038105202608
020206039001202608
020206039002202608
020206039005202608
020206040301202608
020206040302202608
020206040305202608
020206041101202608
020206041102202608
020206041105202608
020206042001202608
020206042002202608
020206042005202608
020206043801202608
020206043802202608
020206043805202608
020206044601202608
020206044602202608
020206044605202608
020206045401202608
020206045402202608
020206045405202608
020206046201202608
020206046202202608
020206046205202608
020206047001202608
020206047002202608
020206047005202608
020207001801202608
020207001802202608
020207001805202608
020207002601202608
020207002602202608
020207002605202608
020207003401202608
020207003402202608
020207003405202608
020207004201202608
020207004202202608
020207004205202608
020207005001202608
020207005002202608
020207005005202608
020207006901202608
020207006902202608
020207006905202608
020207007701202608
020207007702202608
020207007705202608
020207008501202608
020207008502202608
020207008505202608
020207008507202608
020207009301202608
020207009302202608
020207009305202608
020207010701202608
020207010702202608
020207010705202608
020207011501202608
020207011502202608
020207011505202608
020207012301202608
020207012302202608
020207012305202608
020207013101202608
020207013102202608
020207013105202608
020207014001202608
020207014002202608
020207014005202608
020207015801202608
020207015802202608
020207015805202608
020207016601202608
020207016602202608
020207016605202608
020207017401202608
020207017402202608
020207017405202608
020207018202202608
020207018205202608
020207019001202608
020207019002202608
020207019005202608
020207020401202608
020207020402202608
020207020405202608
020207021201202608
020207021202202608
020207021205202608
020207022001202608
020207022002202608
020207022005202608
020207023901202608
020207023902202608
020207023905202608
020207024701202608
020207024702202608
020207024705202608
020207025501202608
020207025502202608
020207025505202608
020207026301202608
020207026302202608
020207026305202608
020207027101202608
020207027102202608
020207027105202608
020207028001202608
020207028002202608
020207028005202608
020207029801202608
020207029802202608
020207029805202608
020207030101202608
020207030102202608
020207030105202608
020207031001202608
020207031002202608
020207031005202608
020207032801202608
020207032802202608
020207032805202608
020207033601202608
020207033602202608
020207033605202608
020207034401202608
020207034402202608
020207034405202608
020207035201202608
020207035202202608
020207035205202608
020208001301202608
020208001302202608
020208001305202608
020208002101202608
020208002102202608
020208002105202608
020208003002202608
020208003005202608
020208003007202608
020208004802202608
020208004805202608
020208004807202608
020208004810202608
020208005601202608
020208005602202608
020208005605202608
020208006402202608
020208006405202608
020208006410202608
020208007201202608
020208007202202608
020208007205202608
020208007207202608
020208008001202608
020208008002202608
020208008005202608
020208008007202608
020208009901202608
020208009902202608
020208009905202608
020208010201202608
020208010202202608
020208010205202608
020208011002202608
020208011005202608
020208011007202608
020208012901202608
020208012902202608
020208012905202608
020208013702202608
020208013705202608
020208013707202608
020208014501202608
020208014502202608
020208014505202608
020208015301202608
020208015302202608
020208015305202608
020208015307202608
020208016101202608
020208016102202608
020208016105202608
020208017001202608
020208017002202608
020208017005202608
020208018801202608
020208018802202608
020208018805202608
020208019601202608
020208019602202608
020208019605202608
020208020001202608
020208020002202608
020208020005202608
020208021801202608
020208021802202608
020208021805202608
020208022601202608
020208022602202608
020208022605202608
020208023402202608
020208023405202608
020208024201202608
020208024202202608
020208025002202608
020208025005202608
020208025007202608
020209001901202608
020209001902202608
020209001905202608
020209002701202608
020209002702202608
020209002705202608
020209003501202608
020209003502202608
020209003505202608
020209004301202608
020209004302202608
020209004305202608
020209005101202608
020209005102202608
020209005105202608
020209005107202608
020209006001202608
020209006002202608
020209006005202608
020209006007202608
020209007801202608
020209007802202608
020209007805202608
020209008601202608
020209008602202608
020209008605202608
020209009401202608
020209009402202608
020209009405202608
020209010801202608
020209010802202608
020209010805202608
020209011601202608
020209011602202608
020209012401202608
020209012402202608
020209012405202608
020209013201202608
020209013202202608
020209013205202608
020209014005202608
020209015901202608
020209015902202608
020209015905202608
020209016701202608
020209016702202608
020209016705202608
020209017501202608
020209017502202608
020209017505202608
020209018301202608
020209018302202608
020209018305202608
020209018307202608
020209019101202608
020209019102202608
020209019105202608
020209019107202608
020209021301202608
020209021302202608
020209021305202608
020209022101202608
020209022102202608
020209022105202608
020209023001202608
020209023002202608
020209023005202608
020209024801202608
020209024802202608
020209024805202608
020209025601202608
020209025602202608
020209025605202608
020209026401202608
020209026402202608
020209026405202608
020209027201202608
020209027202202608
020209027205202608
020209028001202608
020209028002202608
020209028005202608
020209029901202608
020209029902202608
020209029905202608
020209030201202608
020209030202202608
020209030205202608
020209031001202608
020209031002202608
020209031005202608
020209032901202608
020209032902202608
020209032905202608
020209033701202608
020209033702202608
020209033705202608
020209034501202608
020209034502202608
020209034505202608
020209035301202608
020209035302202608
020209035305202608
020209036102202608
020209036105202608
020209036107202608
020210001402202608
020210001404202608
020210002202202608
020210002204202608
020210003002202608
020210003004202608
020210004902202608
020210004904202608
020210005707202608
020210006507202608
020210007307202608
020210008107202608
020210009007202608
020210010307202608
020210011107202608
020210012007202608
020210013807202608
020210014607202608
020210015407202608
020210016207202608
020210017007202608
020210018907202608
020210019707202608
020210020007202608
020210021902202608
020210021904202608
020210022702202608
020210022704202608
020210023502202608
020210023504202608
020210024302202608
020210024304202608
020210025102202608
020211001001202608
020211001002202608
020211002802202608
020211003602202608
020211004401202608
020211004402202608
020211005201202608
020211005202202608
020211006001202608
020211006002202608
020211007901202608
020211007902202608
020211008701202608
020211008702202608
020211009501202608
020211009502202608
020211010901202608
020211010902202608
020211011702202608
020211012502202608
020211013302202608
020211014102202608
020211015002202608
020212001501202608
020212001502202608
020212001505202608
020212002301202608
020212002302202608
020212002305202608
020212003101202608
020212003102202608
020212003105202608
020212004001202608
020212004002202608
020212004005202608
020212005801202608
020212005802202608
020212005805202608
020212006601202608
020212006602202608
020212006605202608
020212007401202608
020212007402202608
020212007405202608
020212008201202608
020212008202202608
020212008205202608
020212009001202608
020212009002202608
020212009005202608
020212010401202608
020212010402202608
020212010405202608
020301001902202608
020301002702202608
020301002704202608
020301003502202608
020301003504202608
020301003507202608
020301004302202608
020301004307202608
020301007802202608
020301008602202608
020302001402202608
020302002202202608
020302002204202608
020302002207202608
020302003002202608
020302003004202608
020302003007202608
020302004902202608
020302004904202608
020302004907202608
020302005704202608
020302006502202608
020302006507202608
020302007302202608
020302008102202608
020302008107202608
020401001201202608
020401001202202608
020401001205202608
020401002001202608
020401002002202608
020401002005202608
020401003901202608
020401003902202608
020401003905202608
020401003907202608
020401004701202608
020401004702202608
020401004705202608
020401004707202608
020401005501202608
020401005502202608
020401005505202608
020401005507202608
020401006301202608
020401006302202608
020401006305202608
020401007101202608
020401007102202608
020401007105202608
020401007107202608
020401008001202608
020401008002202608
020401008005202608
020401008007202608
020401009801202608
020401009802202608
020401009805202608
020401010101202608
020401010102202608
020401010105202608
020401011001202608
020401011002202608
020401011005202608
020401011007202608
020401012801202608
020401012802202608
020401012805202608
020401012807202608
020401013601202608
020401013602202608
020401013605202608
020401014401202608
020401014402202608
020401014405202608
020401014407202608
020401015201202608
020401015202202608
020401015205202608
020401016001202608
020401016002202608
020401016005202608
020401016007202608
020401017901202608
020401017902202608
020401017905202608
020401017907202608
020401019501202608
020401019502202608
020401019505202608
020401020901202608
020401020902202608
020401020905202608
020401020907202608
020401021702202608
020401021705202608
020401021707202608
020401021710202608
020401022502202608
020401022505202608
020401022507202608
020401022510202608
020402001802202608
020402001804202608
020402002601202608
020402002602202608
020402002605202608
020402003401202608
020402003402202608
020402003405202608
020402003407202608
020402004201202608
020402004202202608
020402004205202608
020402004207202608
020402005001202608
020402005002202608
020402005005202608
020402006901202608
020402006902202608
020402006905202608
020402007701202608
020402007702202608
020402007705202608
020402007707202608
020402008501202608
020402008502202608
020402008505202608
020402008507202608
020402009301202608
020402009302202608
020402009305202608
020402009307202608
020402010701202608
020402010702202608
020402010705202608
020402010707202608
020402011501202608
020402011502202608
020402011505202608
020402012301202608
020402012302202608
020402012305202608
020402013101202608
020402013102202608
020402013105202608
020402013107202608
020403001302202608
020403001304202608
020403002101202608
020403002102202608
020403002105202608
020403003002202608
020403003007202608
020403004802202608
020403004804202608
020403005601202608
020403005602202608
020403005605202608
020403006401202608
020403006402202608
020403006405202608
020403007201202608
020403007202202608
020403007205202608
020403008001202608
020403008002202608
020403008005202608
020403009901202608
020403009902202608
020403009905202608
020403010201202608
020403010202202608
020403010205202608
020403011001202608
020403011002202608
020403011005202608
020403012901202608
020403012902202608
020403012905202608
020403013701202608
020403013702202608
020403013705202608
020403014501202608
020403014502202608
020403014505202608
020403015301202608
020403015302202608
020403015305202608
020403015307202608
020403016102202608
020403017001202608
020403017002202608
020403017005202608
020403018802202608
020403018806202608
020404001901202608
020404001902202608
020404001905202608
020404002701202608
020404002702202608
020404002705202608
020404003501202608
020404003502202608
020404003505202608
020404003507202608
020404004301202608
020404004302202608
020404004305202608
020404005101202608
020404005102202608
020404005105202608
020404006001202608
020404006002202608
020404006005202608
020404007801202608
020404007802202608
020404007805202608
020404007807202608
020404008601202608
020404008602202608
020404008605202608
020404009401202608
020404009402202608
020404009405202608
020404009407202608
020404010801202608
020404010802202608
020404010805202608
020404011601202608
020404011602202608
020404011605202608
020404011607202608
020404012401202608
020404012402202608
020404012405202608
020404012407202608
020405001401202608
020405001402202608
020405001405202608
020405002201202608
020405002202202608
020405002205202608
020405003001202608
020405003002202608
020405003005202608
020405004901202608
020405004902202608
020405004905202608
020405005701202608
020405005702202608
020405005705202608
020405006501202608
020405006502202608
020405006505202608
020405007301202608
020405007302202608
020405007305202608
020405008101202608
020405008102202608
020405008105202608
020405009005202608
020405010301202608
020405010302202608
020405010305202608
020405011101202608
020405011102202608
020405011105202608
020405012001202608
020405012002202608
020405012005202608
020405013801202608
020405013802202608
020405013805202608
020405014601202608
020405014602202608
020405014605202608
020405015401202608
020405015402202608
020405015405202608
020405016201202608
020405016202202608
020405016205202608
020405017001202608
020405017002202608
020405017005202608
020405018901202608
020405018902202608
020405018905202608
020406001001202608
020406001002202608
020406001005202608
020406002802202608
020406002805202608
020406002806202608
020406003601202608
020406003602202608
020406003605202608
020406004401202608
020406004402202608
020406004405202608
020406005201202608
020406005202202608
020406006001202608
020406006002202608
020406006005202608
020406006007202608
020406007901202608
020406007902202608
020406007905202608
020406008701202608
020406008702202608
020406008705202608
020406009501202608
020406009502202608
020406009505202608
020406009507202608
020406010901202608
020406010902202608
020406010905202608
020406010907202608
020406011701202608
020406011702202608
020406011705202608
020406012501202608
020406012502202608
020406012505202608
020406012507202608
020406013301202608
020406013302202608
020406013305202608
020406013307202608
020406014101202608
020406014102202608
020406014105202608
020406014107202608
020406015001202608
020406015002202608
020406015005202608
020406015007202608
020406016801202608
020406016802202608
020406016805202608
020406017601202608
020406017602202608
020406017605202608
020406017607202608
020501001602202608
020501001604202608
020501001607202608
020501002402202608
020501002404202608
020501003202202608
020501003204202608
020501003206202608
020501003207202608
020501004002202608
020501004004202608
020501004006202608
020501005901202608
020501005902202608
020501005904202608
020501005906202608
020502001102202608
020502001104202608
020502002002202608
020502003802202608
020502003804202608
020502003806202608
020502004602202608
020502004604202608
020502004606202608
020502004607202608
020502005402202608
020502005404202608
020502005406202608
020502005407202608
020502006201202608
020502006202202608
020502006204202608
020502006206202608
020502006207202608
020502007002202608
020502007004202608
020502007006202608
020502008902202608
020502008904202608
020502008906202608
020502008907202608
020502009702202608
020502009704202608
020502009706202608
020502009707202608
020502010001202608
020502010002202608
020502010004202608
020502010006202608
020502011902202608
020502011904202608
020502011906202608
020502011907202608
020502012702202608
020502012704202608
020502012706202608
020502013502202608
020502013504202608
020502013506202608
020502014302202608
020502014304202608
020502014306202608
020502015101202608
020502015102202608
020502015104202608
020502015106202608
020502016002202608
020502016004202608
020502016006202608
020502016007202608
020502017802202608
020502017804202608
020502017806202608
020502018601202608
020502018602202608
020502018604202608
020502018606202608
020502018607202608
020502019402202608
020502019404202608
020502022402202608
020502022404202608
020502022406202608
020502022407202608
020601001002202608
020601001004202608
020601001006202608
020601001007202608
020601002802202608
020601002804202608
020601002806202608
020601002807202608
020601003602202608
020601003604202608
020601003606202608
020601003607202608
020601004402202608
020601004404202608
020601004406202608
020601004407202608
020601005202202608
020601005204202608
020601005206202608
020601006002202608
020601006004202608
020601006006202608
020601007902202608
020601007904202608
020601007906202608
020601007907202608
020601008702202608
020601008704202608
020601009506202608
020602001502202608
020602001504202608
020602001506202608
020602001507202608
020602002302202608
020602002304202608
020602002306202608
020602002307202608
020602003102202608
020602003104202608
020602003106202608
020602003107202608
020602004004202608
020603001002202608
020603001004202608
020603001006202608
020603001007202608
020603002902202608
020603002904202608
020603002906202608
020603002907202608
020603003702202608
020603003704202608
020603003706202608
020603003707202608
020603004507202608
020603005307202608
020701001302202608
020701001304202608
020701001306202608
020701002102202608
020701002104202608
020701002106202608
020701002107202608
020701003002202608
020701003004202608
020701003006202608
020701003007202608
020701004802202608
020701004804202608
020701004806202608
020701004807202608
020701005602202608
020701005604202608
020701005606202608
020701005607202608
020701006402202608
020701006404202608
020701006406202608
020701006407202608
020701007202202608
020701007204202608
020701007206202608
020702001902202608
020702001904202608
020702001906202608
020702002702202608
020702002704202608
020702002706202608
020702002707202608
020702003502202608
020702003504202608
020702003506202608
020702006002202608
020702006004202608
020702006006202608
020703001402202608
020703001404202608
020703001406202608
020703002202202608
020703002204202608
020703002206202608
020703002207202608
020703003002202608
020703003004202608
020703003006202608
020703003007202608
020703004902202608
020703004904202608
020703004906202608
020703005702202608
020703005704202608
020703005706202608
020801001702202608
020801001704202608
020801001706202608
020801002502202608
020801002504202608
020801002506202608
020801002507202608
020801003302202608
020801003304202608
020801003306202608
020801003307202608
020801004102202608
020801004104202608
020801004106202608
020801005002202608
020801005004202608
020801005006202608
020801006802202608
020801006804202608
020801006806202608
020801007602202608
020801007604202608
020801007606202608
020801008402202608
020801008404202608
020801008406202608
020801009202202608
020801009204202608
020802001202202608
020802001204202608
020802001206202608
020802002002202608
020802002004202608
020802002006202608
020802003902202608
020802003904202608
020802003906202608
020802004705202608
020802005502202608
020802005504202608
020802005506202608
020802006302202608
020802006304202608
020802006306202608
020802007102202608
020802007104202608
020802007106202608
020802008002202608
020802008004202608
020802008006202608
020802009802202608
020802009804202608
020802009806202608
020802010102202608
020802010104202608
020802010106202608
020802011002202608
020802011004202608
020802011006202608
020802012802202608
020802012804202608
020802012806202608
020803001802202608
020803001804202608
020803001806202608
020803002602202608
020803002604202608
020803002606202608
020803003402202608
020803003404202608
020803003406202608
020803004202202608
020803004204202608
020803004206202608
020803005002202608
020803005004202608
020804001305202608
020804002102202608
020804002104202608
020804002106202608
020804003002202608
020804003004202608
020804003006202608
020804004805202608
020804005602202608
020804005604202608
020804005606202608
020804006402202608
020804006404202608
020804006406202608
020804007202202608
020804007204202608
020804007206202608
020804008002202608
020804008004202608
020804009902202608
020804009904202608
020804010202202608
020804010204202608
020805001902202608
020805001904202608
020805001906202608
020805002705202608
020805003502202608
020805003504202608
020805003506202608
020805004302202608
020805004304202608
020805004306202608
020806001402202608
020806001404202608
020806001406202608
020806002202202608
020806002204202608
020806002206202608
020806003002202608
020806003004202608
020807001002202608
020807001004202608
020807001006202608
020807002802202608
020807002804202608
020807002806202608
020807003602202608
020807003604202608
020807003606202608
020807004402202608
020807004404202608
020807004406202608
020808001502202608
020808001504202608
020808001506202608
020808002302202608
020808002304202608
020808003102202608
020808003104202608
020808004002202608
020808004004202608
020808004006202608
020809001002202608
020809001004202608
020809001006202608
020809002902202608
020809002904202608
020809002906202608
020809003702202608
020809003704202608
020809003706202608
020901001002202608
020901001004202608
020901001006202608
020901002902202608
020901002904202608
020901002906202608
020901002907202608
020901003702202608
020901003704202608
020901003706202608
020901003707202608
020901004502202608
020901004504202608
020901005302202608
020901005304202608
020901006102202608
020901006104202608
020902001602202608
020902001604202608
020903001101202608
020903001102202608
020903001104202608
020903001107202608
020904001702202608
020904001704202608
020904001707202608
020904002501202608
020904002502202608
020904002504202608
020904002507202608
020904003302202608
020904003303202608
020904004101202608
020904004102202608
020904004104202608
020904004107202608
020904005003202608
021001001004202608
021001002902202608
021001003702202608
021001003704202608
021001004502202608
021001004504202608
021001005302202608
021001005304202608
021001006102202608
021001006104202608
021001007002202608
021001007004202608
021001008802202608
021001008805202608
021001009602202608
021001009604202608
021001010002202608
021001010004202608
021001011802202608
021001011804202608
021001012602202608
021001012604202608
021001013402202608
021001013404202608
021001014202202608
021001014204202608
021001015002202608
021001015004202608
021001016902202608
021001016904202608
021001017702202608
021001017705202608
021001018502202608
021001018505202608
021001019302202608
021001019304202608
021001020702202608
021001020704202608
021002001602202608
021002001604202608
021101001401202608
021101001402202608
021101002201202608
021101002202202608
021101002205202608
021101003001202608
021101003002202608
021101003005202608
021101004901202608
021101004902202608
021102001004202608
021102001006202608
021102001007202608
021102002804202608
021102002806202608
021102002807202608
021102003601202608
021102003602202608
021102003605202608
021102003607202608
021102004401202608
021102004402202608
021102004405202608
021102004407202608
021102005201202608
021102005202202608
021102006001202608
021102006002202608
021102006005202608
021102006007202608
021102007905202608
021102008702202608
021102009502202608
021103001502202608
021103001504202608
021103002302202608
021103002304202608
021103003102202608
021103003104202608
021103004002202608
021103004005202608
021103005802202608
021103005805202608
021103006602202608
021103006604202608
021103007402202608
021103007404202608
021103008202202608
021103008204202608
021103009002202608
021103009004202608
021104001001202608
021104001002202608
021104001005202608
021104002902202608
021104002905202608
021104002907202608
021104003701202608
021104003702202608
021104004501202608
021104004502202608
021104005301202608
021104005302202608
021104006101202608
021104006102202608
021104006105202608
021105002401202608
021105002402202608
021105002405202608
021105003201202608
021105003202202608
021105003205202608
021105004001202608
021105004002202608
021105004005202608
021105005901202608
021105005902202608
021105006701202608
021105006702202608
021105006705202608
021105007501202608
021105007502202608
021105008301202608
021105008302202608
021105008305202608
021105009103202608
021105009104202608
021105010502202608
021105010503202608
021105011301202608
021105011302202608
021105011305202608
021105011307202608
021105012101202608
021105012102202608
021105012105202608
021105013001202608
021105013002202608
021105013005202608
021105014803202608
021105014804202608
021105015601202608
021105015602202608
021106001102202608
021106002001202608
021106002002202608
021106002007202608
021106003801202608
021106003802202608
021106003807202608
021106005401202608
021106005402202608
021106006201202608
021106006202202608
021106007001202608
021106007002202608
021106008901202608
021106008902202608
021106009701202608
021106009702202608
021106010001202608
021106010002202608
021106010007202608
021106011902202608
021106012702202608
021106012707202608
021106013501202608
021106013502202608
021106014301202608
021106014302202608
021106015101202608
021106015102202608
021106016001202608
021106016002202608
021106017802202608
021106017807202608
021106018602202608
021106020801202608
021106020802202608
021106021601202608
021106021602202608
021106022401202608
021106022402202608
021106022407202608
021106023202202608
021106023207202608
021106024001202608
021106024002202608
021106025902202608
021106025904202608
021106025907202608
021106026702202608
021106027501202608
021106027502202608
021106028306202608
021107001701202608
021107001702202608
021107002501202608
021107002502202608
021107002505202608
021107002507202608
021107003301202608
021107003302202608
021107003307202608
021107004101202608
021107004102202608
021107004105202608
021107004107202608
021107005001202608
021107005002202608
021107006801202608
021107006802202608
021107006805202608
021107007601202608
021107007602202608
021107007605202608
021107007607202608
021107008401202608
021107008402202608
021107008405202608
021107009206202608
021107010606202608
021107011401202608
021107011402202608
021107011405202608
021107012201202608
021107012202202608
021107013001202608
021107013002202608
021107014902202608
021107014905202608
021107015701202608
021107015702202608
021107015705202608
021107015707202608
021107016501202608
021107016502202608
021107017301202608
021107017302202608
021107018101202608
021107018102202608
021107019001202608
021107019002202608
021107020301202608
021107020302202608
021107020305202608
021107020307202608
021107021101202608
021107021102202608
021107021105202608
021107021107202608
021107022001202608
021107022002202608
021107023801202608
021107023802202608
021107024601202608
021107024602202608
021107024607202608
021107025401202608
021107025402202608
021107026201202608
021107026202202608
021107026205202608
021107026207202608
021107027002202608
021107027005202608
021107028901202608
021107028902202608
021107029706202608
021107030006202608
021107031906202608
021107032701202608
021107032702202608
021107033501202608
021107033502202608
021107034301202608
021107034302202608
021107035101202608
021107035102202608
021107035105202608
021107036001202608
021107036002202608
021107037806202608
021107038607202608
021107039405202608
021107039407202608
021107040805202608
021107040807202608
021107041606202608
021107042402202608
021107042405202608
021107043202202608
021107043205202608
021108001201202608
021108001202202608
021108001205202608
021108002001202608
021108002002202608
021108002007202608
021108003901202608
021108003902202608
021108004701202608
021108004702202608
021108004705202608
021108005501202608
021108005502202608
021108006301202608
021108006302202608
021108006305202608
021108007101202608
021108007102202608
021108007105202608
021108008001202608
021108008002202608
021108008005202608
021109001801202608
021109001802202608
021109002601202608
021109002602202608
021109003401202608
021109003402202608
021109004201202608
021109004202202608
021109004205202608
021109005001202608
021109005002202608
021109006901202608
021109006902202608
021109007701202608
021109007702202608
021110001301202608
021110001302202608
021110001305202608
021201001801202608
021201001802202608
021201002602202608
021201002604202608
021201003402202608
021201003404202608
021201004201202608
021201004202202608
021201005001202608
021201005002202608
021201006901202608
021202001301202608
021202001302202608
021202002101202608
021202002102202608
021202003001202608
021202003002202608
021202004801202608
021202004802202608
021202005601202608
021202005602202608
021202006401202608
021202006402202608
021301002001202608
021301002002202608
021301003801202608
021301003802202608
021301005401202608
021301005402202608
021301006201202608
021301006202202608
021301007001202608
021301007002202608
021301008901202608
021301008902202608
021301009701202608
021301009702202608
021301010001202608
021301010002202608
021301011901202608
021301011902202608
021301012701202608
021301012702202608
021301013501202608
021301013502202608
021301014301202608
021301014302202608
021301016001202608
021301016002202608
021301017801202608
021301017802202608
021301018601202608
021301018602202608
021301019401202608
021301019402202608
021301020802202608
021301021601202608
021301021602202608
021301022401202608
021301022402202608
021301023201202608
021301023202202608
021301024001202608
021301024002202608
021301025901202608
021301025902202608
021301026701202608
021301026702202608
021301027501202608
021301027502202608
021301029101202608
021301029102202608
021301030501202608
021301030502202608
021301032101202608
021301032102202608
021301033001202608
021301033002202608
021301034801202608
021301034802202608
021301035601202608
021301035602202608
021301036401202608
021301036402202608
021301037201202608
021301037202202608
021301038001202608
021301038002202608
021301039901202608
021301039902202608
021301040201202608
021301040202202608
021301041001202608
021301041002202608
021301042901202608
021301042902202608
021301043701202608
021301043702202608
021301044501202608
021301044502202608
021301045301202608
021301045302202608
021301046101202608
021301046102202608
021301047001202608
021301047002202608
021301048801202608
021301048802202608
021301049601202608
021301049602202608
021301050002202608
021301051801202608
021301051802202608
021301052601202608
021301052602202608
021301053401202608
021301053402202608
021301054202202608
021301055001202608
021301055002202608
021301056901202608
021301056902202608
021301057701202608
021301057702202608
021301058501202608
021301058502202608
021301060701202608
021301060702202608
021301061501202608
021301061502202608
021301062301202608
021301062302202608
021301063101202608
021301063102202608
021301064001202608
021301064002202608
021301065801202608
021301065802202608
021301066601202608
021301066602202608
021301067401202608
021301067402202608
021301068201202608
021301068202202608
021301069002202608
021301070401202608
021301070402202608
021301072002202608
021301073902202608
021301073905202608
021301074702202608
021301074705202608
021301075502202608
021301075505202608
021301076302202608
021301076305202608
021301077102202608
021301077105202608
021301078002202608
021301078005202608
021301078010202608
021301079802202608
021301079805202608
021301079810202608
021301080102202608
021301080105202608
021301080110202608
021301081002202608
021301081005202608
021301081010202608
021301082802202608
021301082805202608
021301083602202608
021301083605202608
021301083610202608
021302001701202608
021302001702202608
021302002501202608
021302002502202608
021302003301202608
021302003302202608
021302004101202608
021302004102202608
021302005001202608
021302005002202608
021302006801202608
021302006802202608
021302007601202608
021302007602202608
021302008401202608
021302008402202608
021401001501202608
021401001502202608
021401001505202608
021401002301202608
021401002302202608
021401002305202608
021401003101202608
021401003102202608
021401003105202608
021401005801202608
021401005802202608
021401005804202608
021401006601202608
021401006602202608
021401007401202608
021401007402202608
021401007405202608
021401011202202608
021401011205202608
021401012002202608
021401012005202608
021401013902202608
021401013905202608
021401014702202608
021401014705202608
021401014710202608
021401015510202608
021401016302202608
021401016310202608
021401017102202608
021401017110202608
021401018002202608
021401018005202608
021401018010202608
021401019802202608
021401019805202608
021401019807202608
021401019810202608
021401020102202608
021401020110202608
021401021002202608
021401021005202608
021401021007202608
021401021010202608
021401022801202608
021401022802202608
021401022805202608
021401022810202608
021401023601202608
021401023602202608
021401023605202608
021401023610202608
021401024401202608
021401024402202608
021401024405202608
021401024410202608
021401025202202608
021401025205202608
021401025210202608
021401026002202608
021401026005202608
021401026010202608
021401027902202608
021401027904202608
021401027910202608
021401028702202608
021401028704202608
021401028710202608
021401029502202608
021401029505202608
021401029510202608
021401030902202608
021401030905202608
021401030910202608
021401031702202608
021401031705202608
021401031710202608
030101002101202608
030101002102202608
030101003001202608
030101003002202608
030101003010202608
030101004801202608
030101004802202608
030101004805202608
030101004807202608
030101005601202608
030101005602202608
030101005610202608
030101006401202608
030101006402202608
030101006410202608
030101007201202608
030101007202202608
030101007207202608
030101009901202608
030101009902202608
030101010206202608
030101011001202608
030101011002202608
030101012901202608
030101012902202608
030101013701202608
030101013702202608
030101014504202608
030101015301202608
030101015302202608
030101016101202608
030101016102202608
030101017005202608
030101019606202608
030101020006202608
030101021806202608
030101022602202608
030101023402202608
030101025010202608
030101026902202608
030101026910202608
030101027702202608
030101027710202608
030101028502202608
030101028510202608
030101029302202608
030101029310202608
030101030702202608
030101030707202608
030101031502202608
030101031507202608
030101032302202608
030101033102202608
030101034002202608
030101035802202608
030101036602202608
030101036605202608
030101036610202608
030101037402202608
030101037405202608
030101037410202608
030101038210202608
030101042002202608
030101042010202608
030101043902202608
030101043910202608
030101044702202608
030101044710202608
030101045502202608
030101045510202608
030102001902202608
030102001910202608
030102002702202608
030102003502202608
030102003510202608
030102004302202608
030102005102202608
030103001401202608
030103001402202608
030103002201202608
030103002202202608
030103004901202608
030103004902202608
030103005701202608
030103005702202608
030103006501202608
030103006502202608
030103007301202608
030103007302202608
030103008101202608
030103008102202608
030103009001202608
030103009002202608
030103010301202608
030103010302202608
030103011101202608
030103011102202608
030103012001202608
030103012002202608
030103013801202608
030103013802202608
030103014601202608
030103014602202608
030103015401202608
030103015402202608
030103016201202608
030103016202202608
030103017001202608
030103017002202608
030103018901202608
030103018902202608
030103019701202608
030103019702202608
030104001001202608
030104001002202608
030104003601202608
030104003602202608
030104004401202608
030104004402202608
030104005202202608
030104006002202608
030104007901202608
030104007902202608
030104008701202608
030104008702202608
030104009501202608
030104009502202608
030104014102202608
030104014105202608
030104014110202608
030104015002202608
030104015005202608
030104015010202608
030104016804202608
030104016807202608
030104017602202608
030104017605202608
030104017610202608
030104018402202608
030104018405202608
030104018410202608
030104019202202608
030104019210202608
030104020602202608
030104020610202608
030104021402202608
030104021405202608
030104021410202608
030104022202202608
030104022205202608
030104022210202608
030104023002202608
030104023005202608
030104023010202608
030105001506202608
030105002302202608
030105003102202608
030105004002202608
030105005801202608
030105005802202608
030105006605202608
030105006607202608
030105007403202608
030105008201202608
030105008202202608
030105009001202608
030105009002202608
030105010401202608
030105010402202608
030105011201202608
030105011202202608
030105012001202608
030105012002202608
030105013901202608
030105013902202608
030105013910202608
030105014701202608
030105014702202608
030105014710202608
030105015502202608
030105016302202608
030105016310202608
030105017102202608
030105017110202608
030106001003202608
030106002901202608
030106002902202608
030106003701202608
030106003702202608
030106004501202608
030106004502202608
030106005301202608
030106005302202608
030106006101202608
030106006102202608
030106007003202608
030106008803202608
030106009601202608
030106009602202608
030106010001202608
030106010002202608
030106011801202608
030106011802202608
030107001606202608
030107002402202608
030107003206202608
030107004002202608
030107005902202608
030107006702202608
030107007502202608
030107008301202608
030107008302202608
030107009101202608
030107009102202608
030107010502202608
030107011302202608
030107012102202608
030107013002202608
030107014802202608
030107015602202608
030107016402202608
030107017206202608
030107018006202608
030107019906202608
030107020202202608
030107021002202608
030107022902202608
030107023702202608
030107024502202608
030107025302202608
030107026102202608
030107027001202608
030107027002202608
030107028802202608
030107029602202608
030107030002202608
030108001101202608
030108001102202608
030108002009202608
030108003809202608
030108004609202608
030108014301202608
030108014302202608
030108015101202608
030108015102202608
030108016001202608
030108016002202608
030108017801202608
030108017802202608
030108019409202608
030108020809202608
030108021609202608
030108022409202608
030108023202202608
030108024009202608
030108025901202608
030108026701202608
030108027509202608
030108028309202608
030108029109202608
030108030501202608
030108030510202608
030108031301202608
030108031302202608
030108032101202608
030108032102202608
030108033001202608
030108034809202608
030108035609202608
030108036409202608
030108037209202608
030108038009202608
030108039901202608
030108040201202608
030108041001202608
030108042901202608
030108043702202608
030108044502202608
030108045301202608
030108046101202608
030109001703202608
030109002503202608
030109003302202608
030110001201202608
030110001202202608
030110003901202608
030110003902202608
030110004701202608
030110004702202608
030110004705202608
030110005501202608
030110005502202608
030110005505202608
030110006302202608
030110006305202608
030110007102202608
030110007105202608
030110008005202608
030110009802202608
030110009805202608
030110010101202608
030110010102202608
030110010105202608
030110011005202608
030110012801202608
030110012802202608
030110012805202608
030110013601202608
030110013602202608
030110014401202608
030110014402202608
030110014405202608
030110015201202608
030110015202202608
030110017901202608
030110017902202608
030110017905202608
030110018701202608
030110018702202608
030110019502202608
030110019510202608
030110020902202608
030110020910202608
030110021702202608
030110021710202608
030110022502202608
030110022510202608
030110023302202608
030110023310202608
030110024102202608
030110024110202608
030110025010202608
030110026810202608
030110027602202608
030110027605202608
030110027610202608
030110028402202608
030110028405202608
030110028410202608
030111001806202608
030111002606202608
030112001302202608
030112002102202608
030112003002202608
030112004802202608
030112005606202608
030112006402202608
030112007202202608
030112008006202608
030113001902202608
030113003502202608
030113004302202608
030113005106202608
030113006006202608
030113007802202608
030113007810202608
030114001402202608
030116001506202608
030116002303202608
030201001702202608
030201001704202608
030201002502202608
030201002504202608
030201003304202608
030202002002202608
030202002004202608
030202003902202608
030202003904202608
030203001802202608
030203001804202608
030203002602202608
030203002604202608
030204001302202608
030204001304202608
030204002102202608
030204002104202608
030204003002202608
030204003004202608
030204004802202608
030204004804202608
030204005602202608
030204005604202608
030204006402202608
030205001902202608
030205001904202608
030205002702202608
030205003504202608
030206001402202608
030206001404202608
030206002202202608
030206002204202608
030206003002202608
030206003004202608
030206004902202608
030206005702202608
030206005704202608
030207001002202608
030207001004202608
030207002804202608
030207003602202608
030301001003202608
030301002903202608
030301003703202608
030301004503202608
030301005303202608
030301006103202608
030301007003202608
030301008803202608
030301009603202608
030301010003202608
030301011803202608
030301012603202608
030301013403202608
030301014203202608
030301015003202608
030301016903202608
030301017703202608
030301018503202608
030301019303202608
030301020703202608
030301021503202608
030301023102202608
030301024002202608
030301024010202608
030301025802202608
030301025810202608
030302001601202608
030302001602202608
030302002401202608
030302002402202608
030302003203202608
030302004003202608
030302005903202608
030302006703202608
030302007503202608
030302008303202608
030303001103202608
030303002003202608
030303003803202608
030303004603202608
030303005403202608
030303006203202608
030303008902202608
030303009702202608
030304001703202608
030304002503202608
030304003303202608
030304004103202608
030304005003202608
030304006803202608
030304007603202608
030304008403202608
030304009203202608
030304010603202608
030304011403202608
030304012203202608
030304013003202608
030304014903202608
030304015703202608
030304016503202608
030304017303202608
030304018103202608
030304019003202608
030304020303202608
030304021103202608
030304022003202608
030304023803202608
030304024603202608
030304025403202608
030304026203202608
030304027003202608
030304028903202608
030304029703202608
030304030003202608
030305001206202608
030305002001202608
030305002002202608
030305003907202608
030305004707202608
030305005507202608
030305006307202608
030305007107202608
030305008007202608
030305009807202608
030305010107202608
030305011007202608
030305013603202608
030305014403202608
030305015207202608
030305016007202608
030305017907202608
030305018707202608
030305019507202608
030305020907202608
030305021707202608
030305022507202608
030305023306202608
030306001803202608
030306002603202608
030306003403202608
030306004203202608
030306005003202608
030306006903202608
030306007703202608
030306008503202608
030306009303202608
030306010703202608
030306011503202608
030306012303202608
030306013103202608
030306014003202608
030306015803202608
030306016603202608
030306017403202608
030306018203202608
030306019003202608
030306020403202608
030306021203202608
030306022003202608
030306023903202608
030306024703202608
030306025503202608
030306026302202608
030306026303202608
030306027103202608
030306028003202608
030306029803202608
030306030103202608
030307001301202608
030307001302202608
030307002104202608
030307003001202608
030307003002202608
030307004801202608
030307004802202608
030307005601202608
030307005602202608
030307006403202608
030307007203202608
030307008003202608
030307009903202608
030307010203202608
030307011003202608
030307012903202608
030307013703202608
030308001901202608
030308001902202608
030308002701202608
030308002702202608
030308003501202608
030308003502202608
030308004303202608
030308005103202608
030308006003202608
030308007803202608
030308008603202608
030308009403202608
030308010802202608
030308011602202608
030309001401202608
030309001402202608
030309001405202608
030309002205202608
030309003001202608
030309003002202608
030309004904202608
030309007301202608
030309007302202608
030309008101202608
030309008102202608
030309009001202608
030309009002202608
030309011101202608
030309011102202608
030309012001202608
030309012002202608
030309012005202608
030309013803202608
030309014601202608
030309014602202608
030309014605202608
030309015401202608
030309015402202608
030309016201202608
030309016202202608
030309017005202608
030309018901202608
030309018902202608
030309018905202608
030309019703202608
030309020001202608
030309020002202608
030309020005202608
030309021901202608
030309021902202608
030309022701202608
030309022702202608
030309022705202608
030309023502202608
030309023503202608
030309024305202608
030309025101202608
030309025102202608
030309026001202608
030309026002202608
030309028601202608
030309028602202608
030309029405202608
030309031603202608
030310001003202608
030310002803202608
030310003603202608
030310004403202608
030310005203202608
030311001503202608
030311002303202608
030311003103202608
030311004003202608
030311005803202608
030311006603202608
030311007403202608
030311008203202608
030311009003202608
030311010403202608
030311011203202608
030312003705202608
030312004505202608
030312005301202608
030312005302202608
030312006102202608
030312006104202608
030312007002202608
030312007004202608
030313001603202608
030313002403202608
030313003203202608
030313004003202608
030313005903202608
030313006703202608
030313007503202608
030313008303202608
030314001101202608
030314001102202608
030314002003202608
030314003803202608
030314004603202608
030314005403202608
030314006203202608
030314007003202608
030314008903202608
030314009703202608
030314010003202608
030314011902202608
030314011903202608
030314012703202608
030314013503202608
030314014303202608
030314015103202608
030315001703202608
030315002503202608
030315003303202608
030315004103202608
030315005003202608
030315006803202608
030316001203202608
030316002003202608
030316003903202608
030316004703202608
030316005503202608
030316006303202608
030316007103202608
030317009303202608
030317010703202608
030317013103202608
030317014003202608
030317015803202608
030317016603202608
030317017403202608
030317018203202608
030317019003202608
030317020403202608
030318001303202608
030318003003202608
030318004803202608
030318005603202608
030318006403202608
030318007203202608
030319001902202608
030319001903202608
030401011103202608
030401017007202608
030401034007202608
030401035903202608
030401036706202608
030401037506202608
030401038306202608
030401039106202608
030401040506202608
030401041306202608
030401042106202608
030401043006202608
030401044806202608
030401045606202608
030401046406202608
030401047206202608
030401048006202608
030401049903202608
030401050206202608
030401051006202608
030401052906202608
030401053706202608
030401054506202608
030401055306202608
030401056106202608
030401057006202608
030401058806202608
030401059603202608
030402001006202608
030402002806202608
030402003606202608
030402004406202608
030402005206202608
030402006006202608
030402007906202608
030402008706202608
030402009506202608
030402010906202608
030402011706202608
030402012506202608
030402013306202608
030402014106202608
030402015006202608
030402016806202608
030402017606202608
030402018406202608
030402019206202608
030402020606202608
030402021406202608
030402022206202608
030402023006202608
030402024906202608
030402025706202608
030402026506202608
030402027306202608
030402028106202608
030402029006202608
030402030306202608
030402031106202608
030402032006202608
030402033806202608
030402034606202608
030402036206202608
030402037006202608
030402038906202608
030402039706202608
030402040006202608
030402041906202608
030402042706202608
030402043506202608
030402044306202608
030402045106202608
030402046006202608
030402047806202608
030402048606202608
030402049406202608
030403001506202608
030403002306202608
030403003106202608
030403004006202608
030403005806202608
030403006606202608
030403007406202608
030403008206202608
030403009006202608
030403010406202608
030403011206202608
030403012006202608
030403013906202608
030403014706202608
030403015506202608
030403016306202608
030403017106202608
030403018006202608
030403019806202608
030403020106202608
030403021006202608
030403022806202608
030403023606202608
030403024406202608
030403025206202608
030403026006202608
030404001006202608
030404002906202608
030404004506202608
030404005306202608
030404006106202608
030404007006202608
030404008806202608
030404009606202608
030404010006202608
030404011806202608
030404012606202608
030404013406202608
030404014206202608
030404015006202608
030404016906202608
030404017706202608
030404018506202608
030404019306202608
030404020706202608
030405001606202608
030405002406202608
030405003206202608
030405004006202608
030405006706202608
030405007506202608
030405011306202608
030405012106202608
030405013006202608
030405017206202608
030405018006202608
030405020206202608
030405021006202608
030405022906202608
030405025306202608
030405026106202608
030405027006202608
030405028806202608
030405029606202608
030405030006202608
030405031806202608
030405032606202608
030405033406202608
030405034206202608
030405035006202608
030406001106202608
030406003806202608
030406004606202608
030406007006202608
030406008906202608
030406009706202608
030406010006202608
030406011906202608
030406012706202608
030406013506202608
030406015106202608
030406016006202608
030406017806202608
030406018606202608
030406020806202608
030406021606202608
030406022406202608
030406023206202608
030406024006202608
030407001706202608
030407002506202608
030407003306202608
030407004106202608
030407005006202608
030407006806202608
030407007606202608
030407008406202608
030407009207202608
030408001207202608
030408002003202608
030408003903202608
030408004703202608
030408005506202608
030408005507202608
030408006303202608
030408007106202608
030408007107202608
030408008007202608
030409001803202608
030409002603202608
030409003403202608
030409004203202608
030409005006202608
030409006906202608
030410001303202608
030410002103202608
030501001807202608
030501002606202608
030501003404202608
030501004204202608
030501009307202608
030501010706202608
030501011506202608
030501012307202608
030501013104202608
030501014004202608
030501015804202608
030501016606202608
030501017403202608
030501018206202608
030501019004202608
030501020406202608
030501021207202608
030502001302202608
030502001303202608
030502002103202608
030502003003202608
030502004803202608
030502005602202608
030502005603202608
030601001101202608
030601001102202608
030601002001202608
030601002002202608
030601003801202608
030601003802202608
030602001702202608
030602001704202608
030602002502202608
030602002505202608
030602003302202608
030602003305202608
030602004102202608
030602004104202608
030602005002202608
030602005004202608
030602006802202608
030602006804202608
030602007602202608
030602007604202608
030602008402202608
030602008404202608
030602009202202608
030602009204202608
030602010602202608
030602010604202608
030602011402202608
030602011404202608
030602012202202608
030602012204202608
030602013002202608
030602013004202608
030602014902202608
030602014904202608
030602015702202608
030602015704202608
030602016502202608
030602016505202608
030602017302202608
030602017305202608
030602018102202608
030602018105202608
030602019002202608
030602019005202608
030602020302202608
030602020305202608
030602021102202608
030602021105202608
030701001501202608
030701001502202608
030701001505202608
030701001507202608
030701003101202608
030701003102202608
030701003105202608
030701003107202608
030701005801202608
030701005802202608
030701005804202608
030701006602202608
030701006607202608
030701006610202608
030701007402202608
030701007405202608
030701007407202608
030701007410202608
030701008202202608
030701008205202608
030701008210202608
030701009002202608
030701009005202608
030701009010202608
030701010402202608
030701010405202608
030701010410202608
030701011202202608
030701011205202608
030701011210202608
030701012002202608
030701012005202608
030701012007202608
030701012010202608
030701013902202608
030701013905202608
030701013910202608
030701014702202608
030701014705202608
030701014710202608
030701015502202608
030701015505202608
030701015510202608
030702001001202608
030702001002202608
030702001005202608
030702001007202608
030702002901202608
030702002902202608
030702002905202608
030702002907202608
030702003701202608
030702003702202608
030702003704202608
030702003707202608
030702003710202608
030702004501202608
030702004502202608
030702004504202608
030702004507202608
030702005301202608
030702005302202608
030702005304202608
030702005307202608
030702006101202608
030702006102202608
030702006104202608
030702006107202608
030702007001202608
030702007002202608
030702007005202608
030702007007202608
030702008801202608
030702008802202608
030702008804202608
030702009601202608
030702009602202608
030702009604202608
030702010001202608
030702010002202608
030702010004202608
030702011801202608
030702011802202608
030702011804202608
030703002401202608
030703002402202608
030703002405202608
030703003201202608
030703003202202608
030703003204202608
030703004001202608
030703004002202608
030703004005202608
030703004010202608
030703005901202608
030703005902202608
030703005905202608
030703006702202608
030703006705202608
030703006710202608
030703007502202608
030703007505202608
030703007507202608
030703007510202608
030703008302202608
030703008305202608
030703008310202608
030704001101202608
030704001102202608
030704001104202608
030704006201202608
030704006202202608
030704006204202608
030704006207202608
030704007001202608
030704007002202608
030704007005202608
030704007007202608
030704008901202608
030704008902202608
030704008904202608
030704008907202608
030704010006202608
030704011906202608
030704011907202608
030704012702202608
030704012707202608
030704013501202608
030704013502202608
030704013505202608
030704013507202608
030704014301202608
030704014302202608
030704014305202608
030704014307202608
030704015101202608
030704015102202608
030704015105202608
030704015107202608
030704016001202608
030704016002202608
030704016005202608
030704016007202608
030704017802202608
030704017807202608
030704017810202608
030704018602202608
030704018605202608
030704018607202608
030704018610202608
030704019402202608
030704019407202608
030704019410202608
030705001702202608
030705001704202608
030705001710202608
030801001903202608
030801002703202608
030801003503202608
030801004302202608
030801004303202608
030802001404202608
030802002203202608
030802003003202608
030803001003202608
030803002803202608
030803003603202608
030804001503202608
030804002303202608
030901003904202608
030901004704202608
030901005504202608
030901006304202608
030901007104202608
030901008004202608
030901009804202608
030901010104202608
030902001801202608
030902001802202608
030902002601202608
030902002602202608
030902003401202608
030902003402202608
030903001301202608
030903001302202608
030903002101202608
030903002102202608
030903003001202608
030903003002202608
030903004801202608
030903004802202608
030903005601202608
030903005602202608
030903005605202608
030903006401202608
030903006402202608
030903007201202608
030903007202202608
030903008001202608
030903008002202608
030903009905202608
030903010206202608
030903011006202608
030903012906202608
030903013706202608
030903014501202608
030903014502202608
030903014505202608
030903015301202608
030903015302202608
030904001905202608
030904002701202608
030904002702202608
030904002705202608
030905001401202608
030905001402202608
030905001405202608
030905002201202608
030905002202202608
030905002205202608
030905003001202608
030905003002202608
030905003005202608
030905004901202608
030905004902202608
030905004905202608
030905005701202608
030905005702202608
030905005705202608
030905006501202608
030905006502202608
030905006505202608
030905007302202608
030905007305202608
030905008102202608
030905008105202608
030905009002202608
030905009005202608
030905011102202608
030905011105202608
030905012002202608
030905012005202608
030905013802202608
030905013805202608
030905014602202608
030905014605202608
030905015402202608
030905015405202608
030905016202202608
030905016205202608
030905017002202608
030905017005202608
030905018902202608
030905018905202608
030905019702202608
030905019705202608
030905020002202608
030905020005202608
030905021902202608
030905021905202608
030905022702202608
030905022705202608
030905023502202608
030905023505202608
030905024302202608
030905024305202608
030905025102202608
030905025105202608
030905026002202608
030905026005202608
030906001004202608
030906003604202608
030907001502202608
030907002302202608
030908001003202608
031001001202202608
031001002004202608
031001003903202608
031001004703202608
031001005503202608
031101001602202608
031101001605202608
031101002402202608
031101002410202608
031101003202202608
031101003205202608
031101003210202608
031101004002202608
031101004005202608
031101004010202608
031101005902202608
031101005905202608
031101005910202608
031101006702202608
031101006705202608
031101006710202608
031101007501202608
031101007505202608
031101007510202608
031101008302202608
031101008305202608
031101008310202608
031101009102202608
031101009105202608
031101009110202608
031101010502202608
031101010505202608
031101010510202608
031102002001202608
031102002005202608
031102002010202608
031102003801202608
031102003805202608
031102003810202608
031102004601202608
031102004605202608
031102004610202608
031102005401202608
031102005405202608
031102005410202608
031102006202202608
031102006205202608
031102006210202608
031102007002202608
031102007005202608
031102007010202608
040101001502202608
040101001504202608
040101003101202608
040101003102202608
040101003105202608
040101004002202608
040101004004202608
040101005802202608
040101005804202608
040101005807202608
040101006601202608
040101006602202608
040101007401202608
040101007402202608
040101008201202608
040101008202202608
040101008205202608
040101008210202608
040101009001202608
040101009002202608
040101010402202608
040101010404202608
040101010407202608
040101011201202608
040101011202202608
040101012001202608
040101012002202608
040101013901202608
040101013902202608
040102001003202608
040102002903202608
040102003703202608
040102004503202608
040102005303202608
040102006103202608
040102007003202608
040102008803202608
040102008806202608
040102009603202608
040102010003202608
040102011803202608
040102012603202608
040102013403202608
040102014203202608
040102015002202608
040102015003202608
040102016903202608
040102017702202608
040201001903202608
040201002703202608
040201003503202608
040201004303202608
040201005103202608
040202001403202608
040202002203202608
040301001203202608
040301002003202608
040301003903202608
040301004703202608
040301005503202608
040301006303202608
040301007103202608
040301008003202608
040301009803202608
040301010103202608
040301011003202608
040301012803202608
040301013603202608
040301014403202608
040301015203202608
040301016003202608
040301017903202608
040301018703202608
040301019503202608
040301020903202608
040301021703202608
040301022503202608
040301023303202608
040301024103202608
040301025003202608
040301026803202608
040301027603202608
040301028403202608
040301029203202608
040301030603202608
040301031403202608
040301032203202608
040301033003202608
040301034903202608
040301035703202608
040301036503202608
040301039003202608
040302001803202608
040302002603202608
040302003403202608
040302004203202608
040302005003202608
040302006903202608
040302007703202608
040302008503202608
040302009303202608
040302010703202608
040302011503202608
040302012303202608
040302013103202608
040303001303202608
040303002103202608
040303003003202608
040303004803202608
040303005603202608
040303006403202608
040303008003202608
040303009903202608
040303010203202608
040303011003202608
040303012903202608
040303013703202608
040303014503202608
040303015303202608
040303016103202608
040304001903202608
040304002703202608
040304005103202608
040304006003202608
040304007803202608
040304008603202608
040304009403202608
040304010803202608
040304011603202608
040304012403202608
040305001402202608
040305002202202608
040305003003202608
040305004903202608
040305005703202608
040305006503202608
040305007303202608
040305008102202608
040305009003202608
040305010303202608
040305011103202608
040305012003202608
040305013803202608
040305014603202608
040305015403202608
040305016203202608
040306001003202608
040306002803202608
040306003603202608
040306004403202608
040306005203202608
040306006003202608
040306007903202608
040306008703202608
040306009503202608
040307001503202608
040307004003202608
040307005803202608
040307008203202608
040307009003202608
040307010403202608
040307011203202608
040307012003202608
040307013903202608
040307014703202608
040307015503202608
040307016303202608
040307017103202608
040308001003202608
040308002903202608
040308003703202608
040308004503202608
040308005303202608
040308006103202608
040308007003202608
040308008803202608
040308009603202608
040308010003202608
040401001603202608
040401001606202608
040401002403202608
040401002406202608
040401003203202608
040401003206202608
040401004003202608
040401005902202608
040401005903202608
040401006703202608
040401007501202608
040401007502202608
040401008303202608
040401009101202608
040401009102202608
040401010503202608
040401011303202608
040401012103202608
040401012106202608
040401013003202608
040401014803202608
040401015601202608
040401015602202608
040401016403202608
040401017203202608
040401018003202608
040401019903202608
040401020203202608
040401021003202608
040401022903202608
040401023703202608
040401024501202608
040401024502202608
040401025302202608
040401025304202608
040401026101202608
040401026102202608
040401027001202608
040401027002202608
040401028803202608
040401029601202608
040401029602202608
040401030001202608
040401030002202608
040401031802202608
040401031803202608
040401032603202608
040401033403202608
040401034202202608
040401034204202608
040401035003202608
040401036901202608
040401036902202608
040401037703202608
040401038503202608
040401039301202608
040401039302202608
040401040703202608
040401041503202608
040401041506202608
040401043103202608
040401044001202608
040401044002202608
040401045803202608
040401046603202608
040401047403202608
040401048203202608
040401049003202608
040401050403202608
040401051203202608
040401051206202608
040401052003202608
040401053903202608
040401054703202608
040401055503202608
040401056303202608
040401057103202608
040401058003202608
040401059803202608
040401060103202608
040401061003202608
040401062803202608
040401063603202608
040401064403202608
040401065203202608
040402001103202608
040402003802202608
040402003803202608
040402004603202608
040402005402202608
040402005404202608
040402005407202608
040402006203202608
040402007003202608
040402008902202608
040402008903202608
040402009702202608
040402009704202608
040402009707202608
040402010002202608
040402010004202608
040402011903202608
040402013503202608
040402014303202608
040402017803202608
040402020803202608
040402022403202608
040402023203202608
040402024003202608
040402027503202608
040402029103202608
040402031302202608
040402031303202608
040402032103202608
040402034803202608
040402035603202608
040402038003202608
040402039903202608
040402042903202608
040402044501202608
040402044502202608
040402044504202608
040402044507202608
040402045303202608
040402046103202608
040402047003202608
040402048801202608
040402048802202608
040402048803202608
040402049603202608
040402050003202608
040402051803202608
040402052603202608
040402053403202608
040402054203202608
040402055003202608
040402056903202608
040402057701202608
040402057702202608
040402057703202608
040402058503202608
040402059303202608
040402060703202608
040402061501202608
040402061502202608
040402061504202608
040402062301202608
040402062302202608
040402062304202608
040402063101202608
040402063102202608
040402064003202608
040402065803202608
040402066603202608
040402067401202608
040402067402202608
040402067404202608
040402069003202608
040402070403202608
040402071203202608
040402072003202608
040402073903202608
040402077103202608
040402078003202608
040402079803202608
040403001703202608
040403003303202608
040403004103202608
040403005003202608
040403006803202608
040403007603202608
040403008403202608
040403010603202608
040403012203202608
040403013003202608
040403015703202608
040403016503202608
040403017303202608
040403019003202608
040403022003202608
040403024603202608
040403025403202608
040403026203202608
040403027003202608
040403028903202608
040403029703202608
040403030003202608
040403031903202608
040403032703202608
040501001003202608
040501001006202608
040501002803202608
040501002806202608
040501003603202608
040501003606202608
040501004402202608
040501005201202608
040501005202202608
040501006001202608
040501006002202608
040501007903202608
040501007906202608
040501008703202608
040501010901202608
040501010902202608
040501011703202608
040501011706202608
040501012503202608
040501012506202608
040501013303202608
040501014101202608
040501014102202608
040501015003202608
040501016802202608
040501017602202608
040501017603202608
040501018402202608
040501019202202608
040501020601202608
040501020602202608
040502001503202608
040502001506202608
040502002303202608
040502002306202608
040503001003202608
040503002902202608
040503002903202608
040503003701202608
040503003702202608
040503004506202608
040503005302202608
040503005305202608
040503007003202608
040503007006202608
040503009602202608
040503009603202608
040503010001202608
040503010002202608
040503011802202608
040503011804202608
040503012602202608
040503013403202608
040503013406202608
040503014203202608
040503015001202608
040503015002202608
040503016903202608
040503017703202608
040503018503202608
040503019303202608
040503019304202608
040503019306202608
040503019307202608
040503020703202608
040503021502202608
040503022302202608
040503023102202608
040504001603202608
040504001606202608
040504002403202608
040504004003202608
040504005903202608
040504006703202608
040504006706202608
040504007503202608
040504007506202608
040504008303202608
040504009103202608
040504010503202608
040504010506202608
040504013002202608
040504014803202608
040504015603202608
040504016403202608
040504018003202608
040504019901202608
040504019902202608
040504020203202608
040504020206202608
040504021003202608
040504021006202608
040505001103202608
040505001106202608
040505002006202608
040505003802202608
040505003805202608
040505004603202608
040505004606202608
040505005403202608
040505005406202608
040505006201202608
040505006202202608
040505007001202608
040505007002202608
040505008902202608
040505009703202608
040505009706202608
040505010003202608
040505010006202608
040505011903202608
040505011906202608
040505012706202608
040505013503202608
040505014303202608
040505014306202608
040505015103202608
040505015106202608
040505016002202608
040505017802202608
040505018603202608
040505019406202608
040505020802202608
040505021603202608
040505021606202608
040505022403202608
040505022406202608
040505023203202608
040505024002202608
040505025902202608
040505025905202608
040505026702202608
040505028302202608
040505029102202608
040505030502202608
040505031303202608
040505032103202608
040505032106202608
040505035603202608
040505036401202608
040505036402202608
040505037203202608
040505037206202608
040505038003202608
040505039902202608
040505039903202608
040505040202202608
040505040203202608
040601001303202608
040601002103202608
040601003003202608
040601004803202608
040601005603202608
040601006403202608
040601007203202608
040601008003202608
040601009903202608
040601010203202608
040601011003202608
040601012904202608
040601013703202608
040601015303202608
040601016103202608
040601017003202608
040601018803202608
040601019603202608
040601020003202608
040601021803202608
040601022603202608
040601023403202608
040601024203202608
040601025003202608
040601026903202608
040601027703202608
040601028503202608
040601029303202608
040601030703202608
040601031503202608
040601032303202608
040601033103202608
040601034003202608
040601035803202608
040601036603202608
040601037403202608
040601038203202608
040601039003202608
040601040403202608
040601041203202608
040601042003202608
040601043903202608
040601044703202608
040601045503202608
040601046303202608
040601047103202608
040601048003202608
040601049803202608
040601050103202608
040601051003202608
040601052803202608
040601053603202608
040601054403202608
040601055203202608
040601056003202608
040601057903202608
040601058703202608
040601059503202608
040601060903202608
040601061703202608
040601062503202608
040601063303202608
040601064103202608
040601065003202608
040601066803202608
040601067603202608
040601068403202608
040601069203202608
040601070603202608
040601071403202608
040601072204202608
040601073003202608
040601074904202608
040601075703202608
040601076503202608
040601077303202608
040601078103202608
040601079003202608
040601080303202608
040601081103202608
040601082003202608
040601083803202608
040601084603202608
040601085403202608
040601086203202608
040601087003202608
040601088903202608
040601089703202608
040601090003202608
040601091903202608
040601092703202608
040601093503202608
040601094303202608
040601095103202608
040601096003202608
040601097803202608
040601098603202608
040601099403202608
040601100103202608
040601101003202608
040601102803202608
040601103603202608
040601104403202608
040601105203202608
040601107903202608
040601108703202608
040601109503202608
040601110903202608
040601111703202608
040601112503202608
040601113303202608
040601114103202608
040601115003202608
040601116803202608
040601117603202608
040601118403202608
040601119203202608
040601120603202608
040601121403202608
040601122203202608
040601123003202608
040601124903202608
040601125703202608
040601126503202608
040601127303202608
040601128103202608
040601129003202608
040601130303202608
040601131103202608
040601132003202608
040601133803202608
040601134603202608
040601135403202608
040601136203202608
040601137003202608
040601138903202608
040601139703202608
040601140003202608
040601141903202608
040601142703202608
040601143503202608
040601144303202608
040601145103202608
040601146003202608
040601147803202608
040601148603202608
040601149403202608
040601150803202608
040601151603202608
040602001903202608
040602002703202608
040602003503202608
040602004303202608
040602005103202608
040602007803202608
040602008605202608
040602009401202608
040602009402202608
040602009405202608
040602009407202608
040602010803202608
040602011603202608
040602012403202608
040602013201202608
040602013202202608
040602014001202608
040602014002202608
040602015903202608
040602016703202608
040602018305202608
040602019103202608
040602020501202608
040602020502202608
040602021303202608
040602022103202608
040602023003202608
040602024803202608
040602025603202608
040602026403202608
040602027203202608
040602028003202608
040602029901202608
040602029902202608
040602030203202608
040602031003202608
040602032903202608
040602033703202608
040602034503202608
040602035303202608
040602036103202608
040602037003202608
040602038803202608
040602039603202608
040602040003202608
040602041803202608
040602042603202608
040602043403202608
040602044203202608
040602045003202608
040602046903202608
040602047703202608
040602048503202608
040602049303202608
040602050703202608
040602051503202608
040602052303202608
040602053103202608
040602054003202608
040602055803202608
040602056603202608
040602057403202608
040602058203202608
040602059003202608
040602060403202608
040602061204202608
040602062002202608
040602062004202608
040603001403202608
040603001406202608
040603002203202608
040603003003202608
040603004903202608
040603005703202608
040603006503202608
040603007303202608
040603008103202608
040603009003202608
040603010303202608
040603011103202608
040603012003202608
040603013803202608
040603014603202608
040603015403202608
040603016203202608
040604001003202608
040604002803202608
040604004403202608
040604005203202608
040604006003202608
040604007903202608
040604008703202608
040604009503202608
040604010903202608
040604011703202608
040604012503202608
040604013303202608
040604014103202608
040604015003202608
040604016803202608
040604017603202608
040604018403202608
040604019203202608
040604020603202608
040604021403202608
040604022203202608
040604023003202608
040604024903202608
040604025703202608
040604026503202608
040604027303202608
040604028103202608
040604029003202608
040604030303202608
040604031103202608
040604032003202608
040604033803202608
040605001503202608
040605002303202608
040605003103202608
040605004003202608
040605005803202608
040605006603202608
040605007403202608
040605008203202608
040605009003202608
040605010403202608
040605011203202608
040605012003202608
040605013903202608
040701001703202608
040701002505202608
040701003303202608
040701004103202608
040701005003202608
040701006803202608
040701007603202608
040701008403202608
040701009203202608
040701010603202608
040701011403202608
040701012203202608
040701013003202608
040701014903202608
040701015703202608
040701016503202608
040701017303202608
040701018103202608
040701019003202608
040701020303202608
040701021103202608
040701022003202608
040701023803202608
040701024602202608
040701024604202608
040701025402202608
040701025404202608
040701025407202608
040701026205202608
040701027003202608
040701028903202608
040701029703202608
040701030003202608
040701031901202608
040701031902202608
040701032701202608
040701032702202608
040701033503202608
040701034303202608
040701035103202608
040701036003202608
040701037803202608
040701038603202608
040702001203202608
040702002003202608
040702003903202608
040702004703202608
040702005501202608
040702005502202608
040702006303202608
040702007103202608
040702008003202608
040702009803202608
040702010103202608
040702011003202608
040702012802202608
040702012804202608
040702013602202608
040702013603202608
040702014402202608
040702014403202608
040702015203202608
040702016001202608
040702016002202608
040702017903202608
040702018703202608
040702019503202608
040702020903202608
040702021703202608
040702022503202608
040702022506202608
040702023303202608
040702024103202608
040702025003202608
040702026803202608
040702027603202608
040702028403202608
040702029203202608
040702030603202608
040702031401202608
040702031402202608
040702032203202608
040702033003202608
040702034903202608
040702035703202608
040702036503202608
040702037301202608
040702037302202608
040702038103202608
040702039001202608
040702039002202608
040702039007202608
040702040303202608
040702041103202608
040702042003202608
040702043803202608
040702044603202608
040702045403202608
040702046203202608
040702047003202608
040702048901202608
040702048902202608
040702049701202608
040702049702202608
040703001803202608
040703002603202608
040703003403202608
040703004203202608
040703005003202608
040703006903202608
040703007703202608
040703008502202608
040703009302202608
040703010702202608
040703011502202608
040703012303202608
040703013103202608
040703014003202608
040703015803202608
040703016603202608
040703017403202608
040703018203202608
040703019003202608
040703020403202608
040703021203202608
040703022003202608
040703023902202608
040703024703202608
040703025503202608
040704001303202608
040704002103202608
040704003003202608
040704004803202608
040704005603202608
040704006403202608
040704007203202608
040704008003202608
040704009903202608
040704010203202608
040704011003202608
040704012903202608
040704013703202608
040704014503202608
040704015303202608
040704016103202608
040704017003202608
040704018803202608
040704019602202608
040704019604202608
040704020003202608
040704021802202608
040704021804202608
040704022603202608
040704023403202608
040704024203202608
040704025003202608
040704026903202608
040801001003202608
040801002903202608
040801003703202608
040801004503202608
040801005303202608
040801006103202608
040801007003202608
040801008803202608
040801009603202608
040801010003202608
040801011803202608
040801012602202608
040801012604202608
040801013402202608
040801013403202608
040801014203202608
040801015003202608
040801016903202608
040801017703202608
040801018503202608
040801019303202608
040801020703202608
040801021503202608
040801022303202608
040801023103202608
040802001603202608
040802002403202608
040802003203202608
040802004003202608
040802005903202608
040802006703202608
040802007503202608
040802008303202608
040802009103202608
040802010503202608
040802011304202608
040802012103202608
040802013003202608
040802014803202608
040802015602202608
040802015603202608
040802016402202608
040802016403202608
040802017202202608
040802017203202608
040802018002202608
040802018003202608
040802019902202608
040802019903202608
040802020202202608
040802020203202608
040802021002202608
040802021003202608
040802022902202608
040802022903202608
040802024502202608
040802024503202608
040802025303202608
040802026103202608
040802027003202608
040802028803202608
040802029602202608
040802029603202608
040802030003202608
040802030006202608
040802031803202608
040802032603202608
040802033403202608
040802034203202608
040802035003202608
040802036903202608
040802037703202608
040802038503202608
040802039303202608
040802040703202608
040802041503202608
040802042303202608
040802043103202608
040802044003202608
040802045803202608
040802046603202608
040802047403202608
040802048203202608
040802049003202608
040802050403202608
040802051203202608
040802052003202608
040802053903202608
040802054703202608
040802055503202608
040802056303202608
040802057103202608
040802058003202608
040802059803202608
040802060103202608
040802061003202608
040802062803202608
040802063603202608
040802064403202608
040803001103202608
040803002003202608
040803003803202608
040803004603202608
040803005403202608
040803006203202608
040803007003202608
040803008903202608
040803009703202608
040803010003202608
040803011903202608
040803012703202608
040803013503202608
040803014303202608
040803015103202608
040803016003202608
040803017803202608
040803018603202608
040803019403202608
040803020803202608
040803021603202608
040803022403202608
040803023203202608
040803024003202608
040803025903202608
040803026703202608
040803027503202608
040803028303202608
040803029103202608
040803030503202608
040803031303202608
040803032103202608
040803033003202608
040803034803202608
040803035603202608
040803036403202608
040803037203202608
040803038003202608
040803039903202608
040803040203202608
040803041003202608
040803042903202608
040803043703202608
040803044503202608
040803045303202608
040803046103202608
040803047003202608
040803048804202608
040803050003202608
040803051803202608
040803052603202608
040803053403202608
040803054203202608
040803055003202608
040803056903202608
040803057703202608
040803058503202608
040803059303202608
040803060703202608
040803061503202608
040803062303202608
040803063103202608
040803064003202608
040803065803202608
040803066603202608
040803067403202608
040803068203202608
040803069003202608
040803070403202608
040803071203202608
040803072003202608
040803073903202608
040803074703202608
040803075503202608
040803076303202608
040803077103202608
040803078003202608
040803079803202608
040803080103202608
040803081003202608
040803082803202608
040803083603202608
040803084403202608
040803085203202608
040803086003202608
040803087903202608
040803088703202608
040803089503202608
040803090903202608
040803091703202608
040804001703202608
040804002503202608
040804003303202608
040804004103202608
040804005003202608
040804006803202608
040804007603202608
040804008403202608
040804009203202608
040804010603202608
040804011403202608
040804012203202608
040804013003202608
040804014903202608
040804015703202608
040804016503202608
040804017303202608
040804018103202608
040804019003202608
040804020303202608
040804021104202608
040804022003202608
040804023803202608
040804024603202608
040804025403202608
040804026203202608
040804027003202608
040804028903202608
040804029703202608
040804030003202608
040804031903202608
040804032703202608
040804033503202608
040804034303202608
040805001203202608
040805002003202608
040805003903202608
040805004703202608
040805005503202608
040805006303202608
040805007103202608
040805008003202608
040805009804202608
040805010103202608
040805011003202608
040805012803202608
040805013603202608
040805014403202608
040805015203202608
040805016003202608
040805017903202608
040805019502202608
040805019503202608
040805020902202608
040805020903202608
040805021702202608
040805021703202608
040805022502202608
040805022503202608
040805023303202608
040805024102202608
040805024103202608
040805025002202608
040805025003202608
040805026802202608
040805026803202608
040805027602202608
040805027603202608
040805028402202608
040805028403202608
040805029202202608
040805029203202608
040805030603202608
040805031403202608
040805032203202608
040805033003202608
040805033006202608
040805034903202608
040805035703202608
040805036503202608
040805037303202608
040805038103202608
040805039003202608
040805040303202608
040805041103202608
040805042003202608
040805043803202608
040805044603202608
040805045403202608
040805046203202608
040805047003202608
040805048903202608
040805049703202608
040805050003202608
040805051903202608
040805052703202608
040805053503202608
040805054303202608
040805055103202608
040805056003202608
040805057803202608
040805058603202608
040805059403202608
040805060803202608
040805061603202608
040805062403202608
040805063203202608
040805064003202608
040805065903202608
040805066703202608
040805067503202608
040805068303202608
040805069103202608
040805070503202608
040805071303202608
040805072103202608
040805073003202608
040805074803202608
040805075603202608
040805076403202608
040805077203202608
040805078003202608
040805079903202608
040805080203202608
040805081003202608
040805082903202608
040805083703202608
040805084503202608
040805085303202608
040805086103202608
040805087003202608
040805088803202608
040805089603202608
040805090003202608
040805091803202608
040805092603202608
040806001803202608
040806002603202608
040806003403202608
040806004202202608
040806004203202608
040806005003202608
040806006903202608
040806007703202608
040806008503202608
040806008506202608
040806009303202608
040806010703202608
040806011503202608
040806012303202608
040806013103202608
040806014003202608
040806015802202608
040806015803202608
040806016603202608
040806017403202608
040806018203202608
040806019003202608
040806020403202608
040806021203202608
040806021206202608
040806022001202608
040806022002202608
040806023903202608
040806024703202608
040806025503202608
040806026303202608
040806027103202608
040806028003202608
040806029803202608
040806030103202608
040806030106202608
040806031003202608
040806032803202608
040806033603202608
040806034403202608
040806035202202608
040806035203202608
040806036003202608
040806037903202608
040806038703202608
040806039503202608
040806040903202608
040806040906202608
040806041703202608
040806042503202608
040806042506202608
040806043303202608
040806044103202608
040806045003202608
040806045006202608
040806046803202608
040806047603202608
040806048403202608
040806049203202608
040806050603202608
040806051403202608
040806052203202608
040806053003202608
040806054903202608
040806055703202608
040806056503202608
040806057303202608
040806058103202608
040806059003202608
040806060303202608
040806061103202608
040806062003202608
040806063803202608
040806064603202608
040806065401202608
040806065402202608
040806066203202608
040806067003202608
040806068901202608
040806068902202608
040806069703202608
040806070003202608
040806071904202608
040901001403202608
040901002203202608
040901003003202608
040901004903202608
040901005703202608
040901006503202608
040901007303202608
040901008103202608
040901009002202608
040901009003202608
040901010302202608
040901011102202608
040901012003202608
040901013803202608
040901014603202608
040901015401202608
040901015402202608
040901016201202608
040901016202202608
040901017003202608
040901017006202608
040901018903202608
040901019703202608
040901020003202608
040901021903202608
040901022703202608
040901023503202608
040901024303202608
040901025103202608
040901026003202608
040901027801202608
040901027802202608
040901028603202608
040901029403202608
040901029406202608
040901030803202608
040901031603202608
040901032403202608
040901033203202608
040901034003202608
040901035902202608
040901035904202608
040901036703202608
040901037503202608
040901038303202608
040901038306202608
040901039103202608
040901040503202608
040901041303202608
040901042102202608
040901043003202608
040901044801202608
040901044802202608
040901045603202608
040901046403202608
040901047203202608
040901048003202608
040901049903202608
040901050203202608
040901051003202608
040901052903202608
040901053703202608
040901054503202608
040901055303202608
040901056103202608
040901057003202608
040901058803202608
040901059603202608
040902001002202608
040902001003202608
040902002802202608
040902002803202608
040902003602202608
040902003604202608
040902004403202608
040902005203202608
040902006001202608
040902006002202608
040902007903202608
040902007906202608
040902008702202608
040902008703202608
040902009502202608
040902009503202608
040902010903202608
040902011701202608
040902011702202608
040902012503202608
040902013303202608
040902014103202608
040902015003202608
040902016803202608
040902017603202608
040902017606202608
040902018401202608
040902018402202608
040903001503202608
040903002303202608
040903003103202608
040903004003202608
040903005803202608
040904001002202608
040904001003202608
040904002902202608
040904002904202608
040904003703202608
040904004503202608
040904005303202608
040904006102202608
040904006104202608
040904007003202608
040904007006202608
040904008803202608
040904008806202608
040904009603202608
040904010001202608
040904010002202608
040904011803202608
040904012603202608
040904013403202608
040904014203202608
040904014206202608
040904015003202608
040904016903202608
040904016906202608
040904017703202608
040904018503202608
040904019303202608
040904020703202608
040904021503202608
040904021506202608
040904022303202608
040904023103202608
040904024003202608
040904024006202608
040905001603202608
040905002403202608
040905003203202608
040905004003202608
040905005901202608
040905005902202608
040905006701202608
040905006702202608
040905007503202608
040905008303202608
040905008306202608
040905009103202608
040905010503202608
040905011303202608
040905013003202608
040905014803202608
040905016403202608
040906001103202608
040906001106202608
040906002003202608
040906003803202608
040906004603202608
040906004606202608
040906005403202608
040906006201202608
040906006202202608
040906007003202608
040906008902202608
040906008907202608
040906009701202608
040906009702202608
040906010003202608
040906011903202608
040906012703202608
040906013503202608
040906014303202608
040906015103202608
040906016003202608
040906017803202608
040906017806202608
040906018603202608
040906019403202608
040906020803202608
040906021603202608
040906022403202608
040906023203202608
040906024003202608
040906025903202608
040906026703202608
040906027503202608
040906028303202608
040906029103202608
040906030502202608
040906030507202608
040906031303202608
040907001703202608
040907002503202608
040907003303202608
040907004103202608
040907005003202608
040907006803202608
040907007603202608
040907008403202608
040907009203202608
040907010602202608
040907010603202608
040907011403202608
040907012202202608
040907012204202608
040907013003202608
040907014903202608
040907014906202608
040907015703202608
040907015706202608
040907016502202608
040907016504202608
040907017301202608
040907017302202608
040907018102202608
040907018104202608
040907019003202608
040907020303202608
040907021103202608
040907022003202608
040907023803202608
040907024603202608
040907025403202608
040907026203202608
040907027003202608
040907028903202608
040907029703202608
040907030003202608
040907031903202608
041001001402202608
041001001403202608
041001002201202608
041001002202202608
041001003001202608
041001003002202608
041001004902202608
041001004904202608
041001005703202608
041001006503202608
041001007303202608
041001008102202608
041001008103202608
041001009003202608
041001010301202608
041001010302202608
041001011103202608
041001012003202608
041001013803202608
041001014603202608
041001015403202608
041001016203202608
041001019703202608
041001020003202608
041001021903202608
041101001802202608
041101001803202608
041101002603202608
041101003403202608
041101004203202608
041101005003202608
041101006901202608
041101006902202608
041101007702202608
041101007703202608
041101008503202608
041102001302202608
041102001303202608
041102002103202608
041102003003202608
041102004803202608
041201001103202608
041201002003202608
041201003803202608
041201004603202608
041201006202202608
041201006204202608
041201007003202608
041201008903202608
041201009703202608
041201010003202608
041201011903202608
041201012704202608
041201013503202608
041201014303202608
041202001703202608
041202002503202608
041202003303202608
041202005003202608
041202006803202608
041202007603202608
041202008403202608
041203001203202608
041203004703202608
041203005505202608
041203006305202608
041203007105202608
041203008003202608
041203009803202608
041203010103202608
041203011003202608
041203012802202608
041203012804202608
041204001803202608
041204002603202608
041204003403202608
041204004203202608
041204005003202608
041204006903202608
041204008503202608
041204010703202608
041204011503202608
041204012303202608
041204013103202608
041204015803202608
041204016603202608
041204017403202608
041204018203202608
041204019003202608
041204020403202608
041204021203202608
041204022003202608
041205001303202608
041205003003202608
041205004803202608
041205006403202608
041205007203202608
041205008003202608
041205010203202608
041205011003202608
041205013703202608
041205014503202608
041205015303202608
041205016103202608
041205017002202608
041205017004202608
041301001503202608
041301002301202608
041301002302202608
041301003107202608
041301004007202608
041301005807202608
041301006603202608
041301007404202608
041301008203202608
041301009003202608
041303001603202608
041303002403202608
041303003203202608
041303004006202608
041303005903202608
041303006703202608
041303007503202608
041303008303202608
041304001101202608
041304001102202608
041304002003202608
041304003803202608
041304004603202608
041304005403202608
041304006203202608
041304007003202608
041304008903202608
041304009703202608
041304010003202608
041304011903202608
041304012703202608
041304013503202608
041304014303202608
041304015102202608
041304015103202608
041304016003202608
041304017803202608
041304018603202608
041304019403202608
041304020803202608
041304021603202608
041304022403202608
041304023203202608
041304024003202608
041304025903202608
041304026703202608
041401002703202608
041401003503202608
041401025602202608
041401025603202608
041401027203202608
041401032903202608
041401034501202608
041401034502202608
041401034503202608
041401036101202608
041401036102202608
041401036104202608
041401037006202608
041401038801202608
041401038802202608
041401038804202608
041402002201202608
041402002202202608
041402002204202608
041402003001202608
041402003002202608
041402003004202608
041402004901202608
041402004902202608
041402004904202608
041402005701202608
041402005702202608
041402005704202608
041402006501202608
041402006502202608
041402006504202608
041402007301202608
041402007302202608
041402007304202608
041402008101202608
041402008102202608
041402008104202608
041402008107202608
041402009001202608
041402009002202608
041402009004202608
041402012001202608
041402012002202608
041402012005202608
041402013801202608
041402013802202608
041402013805202608
041402013807202608
041402014601202608
041402014602202608
041402014604202608
041402014607202608
041402015401202608
041402015402202608
041402015404202608
041402016201202608
041402016202202608
041402016204202608
041402016207202608
041402017001202608
041402017002202608
041402017005202608
041402020001202608
041402020002202608
041402020004202608
041402021901202608
041402021902202608
041402021904202608
041402024301202608
041402024302202608
041402024304202608
041402024307202608
041402027801202608
041402027802202608
041402027804202608
041402029401202608
041402029402202608
041402029404202608
041402035901202608
041402035902202608
041402035905202608
041402036701202608
041402036702202608
041402036704202608
041402037501202608
041402037502202608
041402037504202608
041402038301202608
041402038302202608
041402038305202608
041402040501202608
041402040502202608
041402040505202608
041402041303202608
041402042106202608
041402042107202608
041402043002202608
041402043005202608
041402043010202608
041501001203202608
041502001803202608
041502003403202608
041502004203202608
041502005003202608
041502006903202608
041502007703202608
041502008503202608
041503001303202608
041504002703202608
041504003502202608
041504003503202608
041504004301202608
041504004302202608
041504005101202608
041504005102202608
041601001603202608
041601002403202608
041601004003202608
041601007503202608
041601009103202608
041601011303202608
041601012103202608
041601013003202608
041601016403202608
041601017203202608
041601018003202608
041601019903202608
041601020203202608
041601021003202608
041601022903202608
041601023703202608
041602002003202608
041602015103202608
041602016003202608
041602017803202608
041602018603202608
041602019403202608
041602020803202608
041602021603202608
041602022403202608
041602023203202608
041602024003202608
041602025903202608
041603002503202608
041603003303202608
041603004103202608
041603006803202608
041603007603202608
041603008403202608
041603009203202608
041603014902202608
041603014903202608
041603015703202608
041603016503202608
041603017303202608
041603018103202608
041603019003202608
041603020303202608
041603021103202608
041603022003202608
041603023803202608
041603024603202608
041603025403202608
041603026203202608
041603027003202608
041603028903202608
041603029703202608
041603030003202608
041603031903202608
041603032703202608
041603033503202608
041603034303202608
041603035103202608
041603036003202608
041604001203202608
041604002003202608
041604003903202608
041604004703202608
041604005503202608
041604007103202608
041604010103202608
041604011003202608
041604012803202608
041604014403202608
041604017903202608
041604018703202608
041604019503202608
041604020903202608
041604021703202608
041604022503202608
041604023303202608
041604024103202608
041604025003202608
041604026803202608
041604027603202608
041604028403202608
041604029203202608
041604030604202608
041604031403202608
041604032203202608
041604033003202608
041604034903202608
041605001803202608
041605002603202608
041605003403202608
041605005003202608
041605007703202608
041605009303202608
041605010703202608
041605011503202608
041605012303202608
041606001303202608
041606002103202608
041606003003202608
041606005603202608
041606006403202608
041606008003202608
041606009903202608
041606010203202608
041606011003202608
041606012903202608
041606013703202608
041608001403202608
041608003003202608
041608008103202608
041608009003202608
041608011103202608
041608012003202608
041609001003202608
041609002803202608
041609003603202608
041609007903202608
041609010903202608
041609011703202608
041609012503202608
041609013303202608
041611001003202608
041611002903202608
041611003703202608
041611004503202608
041611005303202608
041611006103202608
041611007003202608
041611008803202608
041612002403202608
041612003203202608
041612004003202608
041612005903202608
041701001004202608
041701002804202608
041701003604202608
041701004404202608
041701005202202608
041701005204202608
041701006002202608
041701006004202608
041701006007202608
041801001306202608
041801002106202608
041801003006202608
041801004806202608
041801005604202608
041801006407202608
041801007204202608
041801008006202608
041801009907202608
041802001906202608
041802001907202608
041802002706202608
041802002707202608
041802003507202608
050101001702202608
050101002502202608
050101005002202608
050101006802202608
050101007602202608
050101009202202608
050101010602202608
050102003902202608
050102004702202608
050103001801202608
050103001802202608
050103002601202608
050103002602202608
050103003401202608
050103003402202608
050103004201202608
050103004202202608
050103005001202608
050103005002202608
050103006903202608
050103007702202608
050103008502202608
050103009302202608
050103010702202608
050103011501202608
050103011502202608
050103012302202608
050104001302202608
050104006402202608
050104006404202608
050104008002202608
050104008004202608
050104009902202608
050104011002202608
050104012902202608
050105001902202608
050105004302202608
050105005102202608
050106001405202608
050106002205202608
050106003005202608
050106004905202608
050106005704202608
050107001002202608
050107002802202608
050107002804202608
050107003604202608
050107004402202608
050107005202202608
050107008702202608
050107009502202608
050107010902202608
050107011702202608
050107012502202608
050107013302202608
050107014102202608
050107015004202608
050107016802202608
050107017602202608
050108001504202608
050108001507202608
050108002304202608
050108002307202608
050108003104202608
050108003107202608
050108004004202608
050108004007202608
050108005804202608
050108005807202608
050108006604202608
050108006607202608
050108007404202608
050108007407202608
050108008204202608
050108009004202608
050108009006202608
050108009007202608
050108010404202608
050108010407202608
050201001004202608
050201002904202608
050301001403202608
050301001406202608
050301002203202608
050301002206202608
050302001003202608
050302002803202608
050303001504202608
050303002304202608
050303003104202608
050303004004202608
050303005804202608
050303005807202608
050303006604202608
050303007404202608
050303008204202608
050303009004202608
050303010404202608
050303011204202608
050304001004202608
050304002904202608
050304003704202608
050304004504202608
050304005304202608
050304006104202608
050304006107202608
050304008804202608
050401001804202608
050401001807202608
050401002603202608
050401002606202608
050401003404202608
050401003407202608
050402001304202608
050402002104202608
050402003004202608
050402004804202608
050402005604202608
050403002704202608
050404001406202608
050404002206202608
050405001006202608
050501001103202608
050501002003202608
050501003803202608
050501004603202608
050501005403202608
050501006203202608
050501007003202608
050501008903202608
050501009703202608
050501009706202608
050501012703202608
050501012706202608
050501013503202608
050501013506202608
050501014303202608
050502001705202608
050502002505202608
050502004103202608
050502005003202608
050502006803202608
050502007603202608
050502008403202608
050502009203202608
050502010603202608
050502012203202608
050502014903202608
050601001506202608
050601005804202608
050601005806202608
050601006606202608
050601007406202608
050601008206202608
050601009006202608
050601010406202608
050601011206202608
050601012006202608
050601013906202608
050601014706202608
050601015506202608
050601016306202608
050601017106202608
050601018006202608
050601019806202608
050601020106202608
050601021006202608
050601022802202608
050601023602202608
050602001003202608
050602002903202608
050602003703202608
050602004503202608
050602005303202608
050602006103202608
050602007003202608
050602009603202608
050602010003202608
050602011803202608
050602013403202608
060301001604202608
060302001104202608
060302002004202608
060302003804202608
060302004604202608
060302005404202608
060302009704202608
060303001704202608
060303001706202608
060303003304202608
060304001204202608
060305001804202608
060305002604202608
060305003404202608
060305004204202608
060305005004202608
060305006904202608
060305008504202608
060305009304202608
060305010704202608
060305011502202608
060305012302202608
060306001304202608
060307001904202608
060308001404202608
060308002204202608
060308003004202608
060308004904202608
060308005704202608
060308008104202608
060308010304202608
060308012004202608
060308013804202608
060308014604202608
060308016204202608
060308017004202608
060308018904202608
060308019704202608
060308020004202608
060308021904202608
060308022704202608
060308027804202608
060308028604202608
060308029404202608
060309001005202608
060309002805202608
060401001006202608
060401002806202608
060401003606202608
060401004406202608
060401005206202608
060401006006202608
060401007906202608
060401008706202608
060401009506202608
060401010906202608
060402001506202608
060402002306202608
060402003106202608
060402004006202608
060402005806202608
060402006606202608
060403001006202608
060403003706202608
060403004506202608
060403005306202608
060403006106202608
060404001606202608
060404002406202608
060404003206202608
060404004006202608
060404005906202608
060404006706202608
060404007506202608
060404009106202608
060405001106202608
060405002006202608
060405003806202608
060405004606202608
060405005406202608
060405006206202608
060405007006202608
060405008906202608
060405009706202608
060405010006202608
060405011906202608
060406001706202608
060406002506202608
060407001206202608
060408001806202608
060408002606202608
060408003406202608
060409001306202608
060410001906202608
060410002706202608
060410003506202608
060411001406202608
060411002206202608
060411003006202608
060411004906202608
060411005706202608
060411006506202608
060411007306202608
060411008106202608
060412001006202608
060413001506202608
060413002306202608
060413003106202608
060413004006202608
060413005806202608
060413006606202608
060413007406202608
060413008206202608
060413009006202608
060413010406202608
060413011206202608
060413012006202608
060413013906202608
060414002906202608
060414003706202608
060415001606202608
060415002406202608
060416001106202608
060416002006202608
060416004606202608
060416005406202608
060416006206202608
060417001706202608
060417002506202608
060417003306202608
060417004106202608
060417005006202608
060418001206202608
060418002006202608
060419001806202608
060420001306202608
060421001906202608
060421002706202608
060422001406202608
060423001006202608
060423002806202608
060423003606202608
060423004406202608
060423005206202608
060423006006202608
060423007906202608
060423008706202608
060424002306202608
060424003106202608
060424005806202608
060424006606202608
060424007406202608
060424008206202608
060424009006202608
060424010406202608
060424011206202608
060424012006202608
060425001006202608
060425003706202608
060425004506202608
060426001606202608
060427001106202608
060427002006202608
060427003806202608
060427004606202608
060427005406202608
060427006206202608
060427007006202608
060427008906202608
060427009706202608
060427010006202608
060427011906202608
060428006806202608
060428007606202608
060428008406202608
060428009206202608
060428010606202608
060429001206202608
060429002006202608
060429003906202608
060429004706202608
060429006306202608
060429007106202608
060429008006202608
060431001306202608
060431002106202608
060431003006202608
060431004806202608
060431005606202608
060431006406202608
060432001906202608
060432002706202608
060432003506202608
060432004306202608
060432005106202608
060432006006202608
060432007806202608
060432008606202608
060432009406202608
060432011606202608
060432012406202608
060432013206202608
060432014006202608
060432015906202608
060432016706202608
060432017506202608
060432018306202608
060432019106202608
060432020506202608
060432021306202608
060432022106202608
060433001406202608
060433002206202608
060433003006202608
060433004906202608
060433005706202608
060433006506202608
060433007306202608
060433008106202608
060433009006202608
060433010306202608
060433011106202608
060433012006202608
060434001006202608
060434002806202608
060434003606202608
060434004406202608
060434005206202608
060434006006202608
060434007906202608
060434008706202608
060434009506202608
060434010906202608
060434011706202608
060435001506202608
060435002306202608
060435003106202608
060436001006202608
060436002906202608
060436003706202608
060436004506202608
060436005306202608
060436006106202608
060436007006202608
060436008806202608
060436009606202608
060436010006202608
060436011806202608
060436012606202608
060437001606202608
060437002406202608
060437003206202608
060438001106202608
060438002006202608
060438003806202608
060438004606202608
060438005406202608
060438006206202608
060438007006202608
060438008906202608
060438009706202608
060438010006202608
060438011906202608
060438012706202608
060438013506202608
060438014306202608
060439001706202608
060439002506202608
060439003306202608
060439008406202608
060439009206202608
060439010606202608
060439011406202608
060440001206202608
060441001806202608
060441002606202608
060441003406202608
060442001306202608
060443001906202608
060444001406202608
060447001006202608
060447002906202608
060447003706202608
060447004506202608
060447005306202608
060448001606202608
060448002406202608
060449001106202608
060449002006202608
060450001706202608
060450002506202608
060450003306202608
060450004106202608
060450005006202608
060450006806202608
060450007606202608
060450008406202608
060450009206202608
060450010606202608
060450011406202608
060450012206202608
060450013006202608
060450014906202608
060451001206202608
060451002006202608
060451003906202608
060451004706202608
060452001806202608
060452002606202608
060453001306202608
060453002106202608
060453003006202608
060454001906202608
060454002706202608
060454003506202608
060454004306202608
060454006006202608
060454007806202608
060454008606202608
060455001406202608
060455002206202608
060456001006202608
060457001506202608
060457002306202608
060457003106202608
060458001006202608
060458002906202608
060459001606202608
060459002406202608
060460001106202608
060460002006202608
060461001706202608
060461002506202608
060461003306202608
060462001206202608
060462002006202608
060462003906202608
060462004706202608
060463001806202608
060463002606202608
060463003406202608
060463004206202608
060463005006202608
060463006906202608
060463007706202608
060465001906202608
060465002706202608
060465003506202608
060466001406202608
060466002206202608
060466003006202608
060467001006202608
060468002306202608
060468003106202608
060468004006202608
060468005806202608
060468006606202608
060468007406202608
060469001006202608
060469002906202608
060469003706202608
060469005306202608
060469006106202608
060470001606202608
060471001106202608
060471002006202608
060471003806202608
060472001706202608
060472002506202608
060473001206202608
060474001806202608
060475001306202608
060475002106202608
060475003006202608
060475004806202608
060477001406202608
060477002206202608
060477003006202608
060478001006202608
060478003606202608
060478004406202608
060478005206202608
060478006006202608
060479001506202608
060479002306202608
060480001006202608
060480002906202608
060481001606202608
060482001106202608
060483001706202608
060483002506202608
060483003306202608
060484001206202608
060484002006202608
060484006306202608
060484007106202608
060484009806202608
060485001806202608
060485002606202608
060485003406202608
060485004206202608
060486001306202608
060486002106202608
060486003006202608
060487001906202608
060487002706202608
060487003506202608
060487004306202608
060488001406202608
070101001002202608
070101002902202608
070101003702202608
070101004502202608
070101005302202608
070101006102202608
070101007002202608
070101008802202608
070101009602202608
070101010002202608
070101011802202608
070101012602202608
070101013402202608
070101014202202608
070101015002202608
070101016902202608
070101017702202608
070101018502202608
070101019302202608
070101020706202608
070101021506202608
070101022306202608
070101023106202608
070101024006202608
070101025806202608
070101026606202608
070101027406202608
070101028206202608
070101029006202608
070101030406202608
070101031206202608
070101032006202608
070101033906202608
070102001602202608
070102002402202608
070102003202202608
070102004002202608
070102005902202608
070102006702202608
070102007502202608
070102008302202608
070102009102202608
070102010502202608
070102011302202608
070102012102202608
070102013002202608
070102014802202608
070102015602202608
070102016402202608
070102017202202608
070102018002202608
070102019902202608
070102020202202608
070102021002202608
070102022902202608
070102023702202608
070102024502202608
070102025302202608
070102026102202608
070102027002202608
070102028802202608
070102029602202608
070102030002202608
070102031802202608
070102032602202608
070102033402202608
070102034202202608
070102035002202608
070102036902202608
070102037702202608
070102038502202608
070102039302202608
070102040702202608
070102041502202608
070102042302202608
070102043102202608
070102044002202608
070102045802202608
070102046602202608
070102047402202608
070102048202202608
070102049002202608
070102050402202608
070102051202202608
070102052002202608
070102053902202608
070102054702202608
070102055502202608
070102056302202608
070102057102202608
070102058002202608
070102059802202608
070102060102202608
070102061002202608
070102062806202608
070102063602202608
070102064402202608
070102065206202608
070103001106202608
070103002006202608
070103003806202608
070103004606202608
070103005406202608
070103006206202608
070103007006202608
070103008906202608
070103009706202608
070103010006202608
070103011906202608
070103012706202608
070103013506202608
070103014306202608
070103015107202608
070103016006202608
070103017806202608
070103018606202608
070103019406202608
070103020806202608
070103021606202608
070103022406202608
070103023206202608
070103024006202608
070103025906202608
070103026706202608
070103027506202608
070103028306202608
070103029106202608
070103030502202608
070103032106202608
070103033006202608
070103034806202608
070103035606202608
070104001702202608
070104002502202608
070104003302202608
070104004102202608
070104005002202608
070104006802202608
070104009202202608
070104010602202608
070104011402202608
070104012202202608
070104013002202608
070104014902202608
070104015702202608
070105001202202608
070105002002202608
070105004702202608
070106001802202608
070106002602202608
070106003402202608
070106004202202608
070107001302202608
070107002102202608
070107003002202608
070107004802202608
070107005602202608
070107006402202608
070107007202202608
070107008002202608
070107009902202608
070107009907202608
070107010202202608
070107010207202608
070107011002202608
070107012902202608
070107012907202608
070107013702202608
070107013707202608
070107014502202608
070107014507202608
070107015306202608
070107015307202608
070107016107202608
070107017007202608
070107018802202608
070107018805202608
070107018807202608
070107018810202608
070107019602202608
070107019605202608
070107019607202608
070107019610202608
070107020002202608
070107020005202608
070107020007202608
070107020010202608
070107021802202608
070107021805202608
070107021807202608
070107021810202608
070107022602202608
070107022605202608
070107022607202608
070107022610202608
070107023402202608
070107023405202608
070107023407202608
070107023410202608
070107024202202608
070107024205202608
070107024207202608
070107024210202608
070107025002202608
070107025005202608
070107025007202608
070107025010202608
070108002702202608
070108004307202608
070108005102202608
070108006002202608
070108007802202608
070108008602202608
070108009407202608
070108011602202608
070108012402202608
070108013202202608
070108014002202608
070108015902202608
070108016702202608
070108017502202608
070108018302202608
070108019102202608
070109001402202608
070109002202202608
070109003002202608
070109004902202608
070109005702202608
070109006502202608
070109007302202608
070109008102202608
070109009002202608
070109010307202608
070109011107202608
070109012007202608
070109013807202608
070109014607202608
070109015407202608
070109016207202608
070109017007202608
070109018907202608
070109019707202608
070109020007202608
070109021907202608
070109022707202608
070109023507202608
070110001007202608
070110002807202608
070110003607202608
070110004407202608
070110005207202608
070110006007202608
070110007907202608
070110008707202608
070110009507202608
070110010907202608
070201001404202608
070201002204202608
070201003004202608
070201004904202608
070201005704202608
070201006504202608
070201008104202608
070201009004202608
070201010304202608
070201011104202608
070201012004202608
070201013804202608
070201015404202608
070201016204202608
070201017004202608
070201018904202608
070201019704202608
070201020004202608
070201021904202608
070201022704202608
070201023504202608
070201025104202608
070202002802202608
070202003602202608
070202004402202608
070202021404202608
070202022204202608
070203002304202608
070203003104202608
070203004004202608
070203005804202608
070203006604202608
070203007404202608
070203008204202608
070203009004202608
070203010404202608
070203011204202608
070203012004202608
070203013904202608
070203014704202608
070203015504202608
070203016304202608
070203017104202608
070203018004202608
070203019804202608
070203020104202608
070203021004202608
070203022804202608
070203023604202608
070203024404202608
070203025204202608
070203026004202608
070203027904202608
070203028704202608
070203029504202608
070203030904202608
070203031704202608
070203032504202608
070203033304202608
070203034104202608
070203035004202608
070203036804202608
070203037604202608
070203038404202608
070203039204202608
070203040604202608
070203041404202608
070203042204202608
070203043004202608
070203044904202608
070203045704202608
070203046504202608
070203047304202608
070203048104202608
070203049004202608
070203050304202608
070203051104202608
070203052004202608
070203053804202608
070203054604202608
070203055404202608
070203056204202608
070203057004202608
070203058904202608
070203059704202608
070203060004202608
070203061904202608
070203062704202608
070203063504202608
070203064304202608
070203065104202608
070203066004202608
070203067804202608
070203068604202608
070203069404202608
070203070804202608
070203071604202608
070203072404202608
070203073204202608
070203074004202608
070203075904202608
070203076704202608
070203078304202608
070203079104202608
070203080504202608
070203081304202608
070203082104202608
070203083004202608
070203084804202608
070203085604202608
070203086404202608
070203087204202608
070203088004202608
070203089904202608
070203090204202608
070203091004202608
070203092904202608
070203093704202608
070203094504202608
070203095304202608
070203096104202608
070203097004202608
070203098804202608
070203099604202608
070203100304202608
070203101104202608
070203102004202608
070203103804202608
070203104604202608
070203105404202608
070203106204202608
070203107004202608
070203108904202608
070203109704202608
070203110004202608
070203112704202608
070203113504202608
070203114304202608
070203115104202608
070203116004202608
070203117804202608
070203118604202608
070203119404202608
070203120804202608
070203121604202608
070203122404202608
070203123204202608
070203124004202608
070203125904202608
070203126704202608
070203127504202608
070203128304202608
070203129104202608
070203130504202608
070203131304202608
070203132104202608
070203133004202608
070203134804202608
070203135604202608
070203136404202608
070203138004202608
070203139904202608
070204001004202608
070204002904202608
070204003704202608
070204004504202608
070204005304202608
070204006104202608
070204007004202608
070204008804202608
070204008807202608
070204009604202608
070204010004202608
070204011804202608
070204012604202608
070204013404202608
070204013407202608
070204014204202608
070204015004202608
070204015007202608
070204016904202608
070204017704202608
070204018504202608
070204019304202608
070204020704202608
070204021504202608
070204022304202608
070204023104202608
070204024004202608
070204025804202608
070204026604202608
070204027404202608
070204028204202608
070204029004202608
070204030404202608
070204031204202608
070204032004202608
070204033904202608
070204034704202608
070204035504202608
070204036304202608
070204037104202608
070204038004202608
070204038007202608
070204039804202608
070204040104202608
070204041004202608
070204042804202608
070204043604202608
070204044404202608
070204045204202608
070204046004202608
070204047904202608
070204048704202608
070204051704202608
070204053304202608
070204054104202608
070204055004202608
070204056804202608
070204057604202608
070204058404202608
070204059204202608
070204060604202608
070204061404202608
070205001604202608
070205002404202608
070205003204202608
070205004004202608
070205005904202608
070205006704202608
070205007504202608
070205008304202608
070205009104202608
070205010504202608
070205012104202608
070205013004202608
070205014804202608
070205015604202608
070205016404202608
070205017204202608
070205018004202608
070205019904202608
070205022904202608
070205023704202608
070205024504202608
070205026104202608
070205027004202608
070205028804202608
070205029604202608
070205030004202608
070205031804202608
070205032604202608
070205033404202608
070205034204202608
070205034207202608
070205035004202608
070205036904202608
070205037704202608
070205040704202608
070205041504202608
070205042304202608
070205043104202608
070205044004202608
070205045804202608
070205046604202608
070205047404202608
070205048204202608
070205049004202608
070205050404202608
070205051204202608
070205052004202608
070205053904202608
070205054704202608
070205055504202608
070205056304202608
070205057104202608
070205058004202608
070205078404202608
070205079204202608
070205080604202608
070205081404202608
070205082204202608
070205083004202608
070205084904202608
070206001104202608
070206001107202608
070206002004202608
070206003804202608
070207004104202608
070207004107202608
070207005004202608
070208001204202608
070208002004202608
070208003904202608
070209001804202608
070209003404202608
070209004204202608
070209005004202608
070209006904202608
070209008504202608
070209009304202608
070210001307202608
070210002107202608
070210003007202608
070210004807202608
070210005607202608
070210006407202608
070210007207202608
070210008007202608
070210009907202608
070210010207202608
070211001904202608
070211002704202608
070211003504202608
070211004304202608
070212001404202608
070212002204202608
070212003004202608
070212004904202608
070212005704202608
070212006504202608
070212006507202608
080101001201202608
080101001202202608
080101002001202608
080101002002202608
080101003904202608
080101004704202608
080201001604202608
080201002404202608
080201003204202608
080201004004202608
080201005904202608
080201006704202608
080201007504202608
080201008304202608
080201009104202608
080201011304202608
080201012104202608
080201013004202608
080201015604202608
080201016404202608
080201019904202608
080201021004202608
080201022904202608
080201023704202608
080201024504202608
080201025304202608
080201026104202608
080201027004202608
080201028804202608
080201032604202608
080201033407202608
080201034204202608
080201035004202608
080201036904202608
080202001104202608
080202002004202608
080301001002202608
080301002802202608
080301003602202608
080301004402202608
080301005202202608
080301006002202608
080301007902202608
080301008702202608
080301009502202608
080301010902202608
080301011702202608
080301012502202608
080301013302202608
080301014102202608
080301015002202608
080301016802202608
080401001302202608
080401001309202608
080401001310202608
080401002102202608
080401002109202608
080401002110202608
080401003002202608
080401003009202608
080401003010202608
080401004802202608
080401004809202608
080401004810202608
080401005602202608
080401005609202608
080401005610202608
080401006402202608
080401006409202608
080401006410202608
080402001902202608
080402001910202608
080402002702202608
080402002707202608
080402002709202608
080402002710202608
080402003502202608
080402003509202608
080402003510202608
080402004302202608
080402004309202608
080402004310202608
080402005101202608
080402005109202608
080402005110202608
080403001402202608
080403001410202608
080404001002202608
080404002802202608
080404003602202608
090101001406202608
090101004906202608
090101005706202608
090101007306202608
090101008106202608
090101009006202608
090101010306202608
090101011106202608
090101012006202608
090101013806202608
090201001806202608
090201002606202608
090201003406202608
090201004206202608
090201005006202608
090201006906202608
090201007706202608
090301001106202608
090301002006202608
090301003806202608
090301004606202608
090401001506202608
090401002306202608
090401003106202608
090501001906202608
090501002706202608
090501003506202608
090501004306202608
090501005106202608
090501006006202608
090501007806202608
090601001206202608
090601002006202608
090601003906202608
090601004706202608
090601005506202608
090701001606202608
090701002406202608
090801001006202608
090801002806202608
090801003606202608
090801004406202608
090801005206202608
090801006006202608
090801007906202608
090801008706202608
